state_clean,state_code,entity_type,region,year,crime_code,crime_type,cases,rate_per_lakh_female,population_2011,female_population_2011,literacy_rate_2011,is_structural_zero,is_source_gap,data_quality_flag,include_in_analysis
A & N Islands,AN,Union Territory,Islands,2001,DV,Domestic Violence,9,5.06,380581,177713,86.63,False,False,ok,True
A & N Islands,AN,Union Territory,Islands,2002,DV,Domestic Violence,4,2.25,380581,177713,86.63,False,False,ok,True
A & N Islands,AN,Union Territory,Islands,2003,DV,Domestic Violence,7,3.94,380581,177713,86.63,False,False,ok,True
A & N Islands,AN,Union Territory,Islands,2004,DV,Domestic Violence,5,2.81,380581,177713,86.63,False,False,ok,True
A & N Islands,AN,Union Territory,Islands,2005,DV,Domestic Violence,5,2.81,380581,177713,86.63,False,False,ok,True
A & N Islands,AN,Union Territory,Islands,2006,DV,Domestic Violence,7,3.94,380581,177713,86.63,False,False,ok,True
A & N Islands,AN,Union Territory,Islands,2007,DV,Domestic Violence,18,10.13,380581,177713,86.63,False,False,ok,True
A & N Islands,AN,Union Territory,Islands,2008,DV,Domestic Violence,26,14.63,380581,177713,86.63,False,False,ok,True
A & N Islands,AN,Union Territory,Islands,2009,DV,Domestic Violence,21,11.82,380581,177713,86.63,False,False,ok,True
A & N Islands,AN,Union Territory,Islands,2010,DV,Domestic Violence,9,5.06,380581,177713,86.63,False,False,ok,True
A & N Islands,AN,Union Territory,Islands,2011,DV,Domestic Violence,5,2.81,380581,177713,86.63,False,False,ok,True
A & N Islands,AN,Union Territory,Islands,2012,DV,Domestic Violence,5,2.81,380581,177713,86.63,False,False,ok,True
A & N Islands,AN,Union Territory,Islands,2013,DV,Domestic Violence,9,5.06,380581,177713,86.63,False,False,ok,True
A & N Islands,AN,Union Territory,Islands,2014,DV,Domestic Violence,14,7.88,380581,177713,86.63,False,False,ok,True
A & N Islands,AN,Union Territory,Islands,2015,DV,Domestic Violence,14,7.88,380581,177713,86.63,False,False,ok,True
A & N Islands,AN,Union Territory,Islands,2016,DV,Domestic Violence,7,3.94,380581,177713,86.63,False,False,ok,True
A & N Islands,AN,Union Territory,Islands,2017,DV,Domestic Violence,4,2.25,380581,177713,86.63,False,False,ok,True
A & N Islands,AN,Union Territory,Islands,2018,DV,Domestic Violence,4,2.25,380581,177713,86.63,False,False,ok,True
A & N Islands,AN,Union Territory,Islands,2019,DV,Domestic Violence,1,0.56,380581,177713,86.63,False,False,ok,True
A & N Islands,AN,Union Territory,Islands,2020,DV,Domestic Violence,2,1.13,380581,177713,86.63,False,False,ok,True
A & N Islands,AN,Union Territory,Islands,2021,DV,Domestic Violence,4,2.25,380581,177713,86.63,False,False,ok,True
Andhra Pradesh,AP,State,South,2001,DV,Domestic Violence,5791,23.53,49386799,24606669,67.02,False,False,ok,True
Andhra Pradesh,AP,State,South,2002,DV,Domestic Violence,7018,28.52,49386799,24606669,67.02,False,False,ok,True
Andhra Pradesh,AP,State,South,2003,DV,Domestic Violence,8167,33.19,49386799,24606669,67.02,False,False,ok,True
Andhra Pradesh,AP,State,South,2004,DV,Domestic Violence,8388,34.09,49386799,24606669,67.02,False,False,ok,True
Andhra Pradesh,AP,State,South,2005,DV,Domestic Violence,8696,35.34,49386799,24606669,67.02,False,False,ok,True
Andhra Pradesh,AP,State,South,2006,DV,Domestic Violence,9164,37.24,49386799,24606669,67.02,False,False,ok,True
Andhra Pradesh,AP,State,South,2007,DV,Domestic Violence,11335,46.06,49386799,24606669,67.02,False,False,ok,True
Andhra Pradesh,AP,State,South,2008,DV,Domestic Violence,10306,41.88,49386799,24606669,67.02,False,False,ok,True
Andhra Pradesh,AP,State,South,2009,DV,Domestic Violence,11297,45.91,49386799,24606669,67.02,False,False,ok,True
Andhra Pradesh,AP,State,South,2010,DV,Domestic Violence,12080,49.09,49386799,24606669,67.02,False,False,ok,True
Andhra Pradesh,AP,State,South,2011,DV,Domestic Violence,13376,54.36,49386799,24606669,67.02,False,False,ok,True
Andhra Pradesh,AP,State,South,2012,DV,Domestic Violence,13389,54.41,49386799,24606669,67.02,False,False,ok,True
Andhra Pradesh,AP,State,South,2013,DV,Domestic Violence,15084,61.3,49386799,24606669,67.02,False,False,ok,True
Andhra Pradesh,AP,State,South,2014,DV,Domestic Violence,6362,25.85,49386799,24606669,67.02,False,False,ok,True
Andhra Pradesh,AP,State,South,2015,DV,Domestic Violence,6121,24.88,49386799,24606669,67.02,False,False,ok,True
Andhra Pradesh,AP,State,South,2016,DV,Domestic Violence,6461,26.26,49386799,24606669,67.02,False,False,ok,True
Andhra Pradesh,AP,State,South,2017,DV,Domestic Violence,7156,29.08,49386799,24606669,67.02,False,False,ok,True
Andhra Pradesh,AP,State,South,2018,DV,Domestic Violence,6831,27.76,49386799,24606669,67.02,False,False,ok,True
Andhra Pradesh,AP,State,South,2019,DV,Domestic Violence,7851,31.91,49386799,24606669,67.02,False,False,ok,True
Andhra Pradesh,AP,State,South,2020,DV,Domestic Violence,6546,26.6,49386799,24606669,67.02,False,False,ok,True
Andhra Pradesh,AP,State,South,2021,DV,Domestic Violence,7092,28.82,49386799,24606669,67.02,False,False,ok,True
Arunachal Pradesh,AR,State,North East,2001,DV,Domestic Violence,11,1.64,1383727,669730,65.38,False,False,ok,True
Arunachal Pradesh,AR,State,North East,2002,DV,Domestic Violence,13,1.94,1383727,669730,65.38,False,False,ok,True
Arunachal Pradesh,AR,State,North East,2003,DV,Domestic Violence,14,2.09,1383727,669730,65.38,False,False,ok,True
Arunachal Pradesh,AR,State,North East,2004,DV,Domestic Violence,4,0.6,1383727,669730,65.38,False,False,ok,True
Arunachal Pradesh,AR,State,North East,2005,DV,Domestic Violence,9,1.34,1383727,669730,65.38,False,False,ok,True
Arunachal Pradesh,AR,State,North East,2006,DV,Domestic Violence,14,2.09,1383727,669730,65.38,False,False,ok,True
Arunachal Pradesh,AR,State,North East,2007,DV,Domestic Violence,20,2.99,1383727,669730,65.38,False,False,ok,True
Arunachal Pradesh,AR,State,North East,2008,DV,Domestic Violence,13,1.94,1383727,669730,65.38,False,False,ok,True
Arunachal Pradesh,AR,State,North East,2009,DV,Domestic Violence,13,1.94,1383727,669730,65.38,False,False,ok,True
Arunachal Pradesh,AR,State,North East,2010,DV,Domestic Violence,12,1.79,1383727,669730,65.38,False,False,ok,True
Arunachal Pradesh,AR,State,North East,2011,DV,Domestic Violence,18,2.69,1383727,669730,65.38,False,False,ok,True
Arunachal Pradesh,AR,State,North East,2012,DV,Domestic Violence,26,3.88,1383727,669730,65.38,False,False,ok,True
Arunachal Pradesh,AR,State,North East,2013,DV,Domestic Violence,29,4.33,1383727,669730,65.38,False,False,ok,True
Arunachal Pradesh,AR,State,North East,2014,DV,Domestic Violence,42,6.27,1383727,669730,65.38,False,False,ok,True
Arunachal Pradesh,AR,State,North East,2015,DV,Domestic Violence,66,9.85,1383727,669730,65.38,False,False,ok,True
Arunachal Pradesh,AR,State,North East,2016,DV,Domestic Violence,50,7.47,1383727,669730,65.38,False,False,ok,True
Arunachal Pradesh,AR,State,North East,2017,DV,Domestic Violence,56,8.36,1383727,669730,65.38,False,False,ok,True
Arunachal Pradesh,AR,State,North East,2018,DV,Domestic Violence,60,8.96,1383727,669730,65.38,False,False,ok,True
Arunachal Pradesh,AR,State,North East,2019,DV,Domestic Violence,54,8.06,1383727,669730,65.38,False,False,ok,True
Arunachal Pradesh,AR,State,North East,2020,DV,Domestic Violence,69,10.3,1383727,669730,65.38,False,False,ok,True
Arunachal Pradesh,AR,State,North East,2021,DV,Domestic Violence,112,16.72,1383727,669730,65.38,False,False,ok,True
Assam,AS,State,North East,2001,DV,Domestic Violence,1248,8.17,31205576,15268101,72.19,False,False,ok,True
Assam,AS,State,North East,2002,DV,Domestic Violence,1694,11.1,31205576,15268101,72.19,False,False,ok,True
Assam,AS,State,North East,2003,DV,Domestic Violence,1808,11.84,31205576,15268101,72.19,False,False,ok,True
Assam,AS,State,North East,2004,DV,Domestic Violence,1945,12.74,31205576,15268101,72.19,False,False,ok,True
Assam,AS,State,North East,2005,DV,Domestic Violence,2206,14.45,31205576,15268101,72.19,False,False,ok,True
Assam,AS,State,North East,2006,DV,Domestic Violence,2548,16.69,31205576,15268101,72.19,False,False,ok,True
Assam,AS,State,North East,2007,DV,Domestic Violence,3000,19.65,31205576,15268101,72.19,False,False,ok,True
Assam,AS,State,North East,2008,DV,Domestic Violence,3478,22.78,31205576,15268101,72.19,False,False,ok,True
Assam,AS,State,North East,2009,DV,Domestic Violence,4398,28.81,31205576,15268101,72.19,False,False,ok,True
Assam,AS,State,North East,2010,DV,Domestic Violence,5410,35.43,31205576,15268101,72.19,False,False,ok,True
Assam,AS,State,North East,2011,DV,Domestic Violence,5246,34.36,31205576,15268101,72.19,False,False,ok,True
Assam,AS,State,North East,2012,DV,Domestic Violence,6407,41.96,31205576,15268101,72.19,False,False,ok,True
Assam,AS,State,North East,2013,DV,Domestic Violence,8636,56.56,31205576,15268101,72.19,False,False,ok,True
Assam,AS,State,North East,2014,DV,Domestic Violence,9626,63.05,31205576,15268101,72.19,False,False,ok,True
Assam,AS,State,North East,2015,DV,Domestic Violence,11225,73.52,31205576,15268101,72.19,False,False,ok,True
Assam,AS,State,North East,2016,DV,Domestic Violence,9321,61.05,31205576,15268101,72.19,False,False,ok,True
Assam,AS,State,North East,2017,DV,Domestic Violence,9782,64.07,31205576,15268101,72.19,False,False,ok,True
Assam,AS,State,North East,2018,DV,Domestic Violence,11136,72.94,31205576,15268101,72.19,False,False,ok,True
Assam,AS,State,North East,2019,DV,Domestic Violence,11943,78.22,31205576,15268101,72.19,False,False,ok,True
Assam,AS,State,North East,2020,DV,Domestic Violence,11408,74.72,31205576,15268101,72.19,False,False,ok,True
Assam,AS,State,North East,2021,DV,Domestic Violence,12950,84.82,31205576,15268101,72.19,False,False,ok,True
Bihar,BR,State,East,2001,DV,Domestic Violence,1558,3.13,104099452,49824451,61.8,False,False,ok,True
Bihar,BR,State,East,2002,DV,Domestic Violence,1577,3.17,104099452,49824451,61.8,False,False,ok,True
Bihar,BR,State,East,2003,DV,Domestic Violence,1880,3.77,104099452,49824451,61.8,False,False,ok,True
Bihar,BR,State,East,2004,DV,Domestic Violence,2679,5.38,104099452,49824451,61.8,False,False,ok,True
Bihar,BR,State,East,2005,DV,Domestic Violence,1574,3.16,104099452,49824451,61.8,False,False,ok,True
Bihar,BR,State,East,2006,DV,Domestic Violence,1689,3.39,104099452,49824451,61.8,False,False,ok,True
Bihar,BR,State,East,2007,DV,Domestic Violence,1635,3.28,104099452,49824451,61.8,False,False,ok,True
Bihar,BR,State,East,2008,DV,Domestic Violence,1992,4.0,104099452,49824451,61.8,False,False,ok,True
Bihar,BR,State,East,2009,DV,Domestic Violence,2532,5.08,104099452,49824451,61.8,False,False,ok,True
Bihar,BR,State,East,2010,DV,Domestic Violence,2271,4.56,104099452,49824451,61.8,False,False,ok,True
Bihar,BR,State,East,2011,DV,Domestic Violence,2607,5.23,104099452,49824451,61.8,False,False,ok,True
Bihar,BR,State,East,2012,DV,Domestic Violence,3686,7.4,104099452,49824451,61.8,False,False,ok,True
Bihar,BR,State,East,2013,DV,Domestic Violence,4533,9.1,104099452,49824451,61.8,False,False,ok,True
Bihar,BR,State,East,2014,DV,Domestic Violence,4672,9.38,104099452,49824451,61.8,False,False,ok,True
Bihar,BR,State,East,2015,DV,Domestic Violence,3792,7.61,104099452,49824451,61.8,False,False,ok,True
Bihar,BR,State,East,2016,DV,Domestic Violence,3794,7.61,104099452,49824451,61.8,False,False,ok,True
Bihar,BR,State,East,2017,DV,Domestic Violence,3776,7.58,104099452,49824451,61.8,False,False,ok,True
Bihar,BR,State,East,2018,DV,Domestic Violence,2539,5.1,104099452,49824451,61.8,False,False,ok,True
Bihar,BR,State,East,2019,DV,Domestic Violence,2397,4.81,104099452,49824451,61.8,False,False,ok,True
Bihar,BR,State,East,2020,DV,Domestic Violence,1935,3.88,104099452,49824451,61.8,False,False,ok,True
Bihar,BR,State,East,2021,DV,Domestic Violence,2069,4.15,104099452,49824451,61.8,False,False,ok,True
Chandigarh,CH,Union Territory,North,2001,DV,Domestic Violence,36,7.58,1055450,474894,86.05,False,False,ok,True
Chandigarh,CH,Union Territory,North,2002,DV,Domestic Violence,56,11.79,1055450,474894,86.05,False,False,ok,True
Chandigarh,CH,Union Territory,North,2003,DV,Domestic Violence,93,19.58,1055450,474894,86.05,False,False,ok,True
Chandigarh,CH,Union Territory,North,2004,DV,Domestic Violence,73,15.37,1055450,474894,86.05,False,False,ok,True
Chandigarh,CH,Union Territory,North,2005,DV,Domestic Violence,75,15.79,1055450,474894,86.05,False,False,ok,True
Chandigarh,CH,Union Territory,North,2006,DV,Domestic Violence,102,21.48,1055450,474894,86.05,False,False,ok,True
Chandigarh,CH,Union Territory,North,2007,DV,Domestic Violence,112,23.58,1055450,474894,86.05,False,False,ok,True
Chandigarh,CH,Union Territory,North,2008,DV,Domestic Violence,49,10.32,1055450,474894,86.05,False,False,ok,True
Chandigarh,CH,Union Territory,North,2009,DV,Domestic Violence,51,10.74,1055450,474894,86.05,False,False,ok,True
Chandigarh,CH,Union Territory,North,2010,DV,Domestic Violence,41,8.63,1055450,474894,86.05,False,False,ok,True
Chandigarh,CH,Union Territory,North,2011,DV,Domestic Violence,46,9.69,1055450,474894,86.05,False,False,ok,True
Chandigarh,CH,Union Territory,North,2012,DV,Domestic Violence,73,15.37,1055450,474894,86.05,False,False,ok,True
Chandigarh,CH,Union Territory,North,2013,DV,Domestic Violence,92,19.37,1055450,474894,86.05,False,False,ok,True
Chandigarh,CH,Union Territory,North,2014,DV,Domestic Violence,141,29.69,1055450,474894,86.05,False,False,ok,True
Chandigarh,CH,Union Territory,North,2015,DV,Domestic Violence,126,26.53,1055450,474894,86.05,False,False,ok,True
Chandigarh,CH,Union Territory,North,2016,DV,Domestic Violence,122,25.69,1055450,474894,86.05,False,False,ok,True
Chandigarh,CH,Union Territory,North,2017,DV,Domestic Violence,121,25.48,1055450,474894,86.05,False,False,ok,True
Chandigarh,CH,Union Territory,North,2018,DV,Domestic Violence,93,19.58,1055450,474894,86.05,False,False,ok,True
Chandigarh,CH,Union Territory,North,2019,DV,Domestic Violence,177,37.27,1055450,474894,86.05,False,False,ok,True
Chandigarh,CH,Union Territory,North,2020,DV,Domestic Violence,96,20.22,1055450,474894,86.05,False,False,ok,True
Chandigarh,CH,Union Territory,North,2021,DV,Domestic Violence,95,20.0,1055450,474894,86.05,False,False,ok,True
Chhattisgarh,CG,State,Central,2001,DV,Domestic Violence,840,6.61,25545198,12714862,70.28,False,False,ok,True
Chhattisgarh,CG,State,Central,2002,DV,Domestic Violence,653,5.14,25545198,12714862,70.28,False,False,ok,True
Chhattisgarh,CG,State,Central,2003,DV,Domestic Violence,601,4.73,25545198,12714862,70.28,False,False,ok,True
Chhattisgarh,CG,State,Central,2004,DV,Domestic Violence,741,5.83,25545198,12714862,70.28,False,False,ok,True
Chhattisgarh,CG,State,Central,2005,DV,Domestic Violence,732,5.76,25545198,12714862,70.28,False,False,ok,True
Chhattisgarh,CG,State,Central,2006,DV,Domestic Violence,717,5.64,25545198,12714862,70.28,False,False,ok,True
Chhattisgarh,CG,State,Central,2007,DV,Domestic Violence,824,6.48,25545198,12714862,70.28,False,False,ok,True
Chhattisgarh,CG,State,Central,2008,DV,Domestic Violence,897,7.05,25545198,12714862,70.28,False,False,ok,True
Chhattisgarh,CG,State,Central,2009,DV,Domestic Violence,893,7.02,25545198,12714862,70.28,False,False,ok,True
Chhattisgarh,CG,State,Central,2010,DV,Domestic Violence,861,6.77,25545198,12714862,70.28,False,False,ok,True
Chhattisgarh,CG,State,Central,2011,DV,Domestic Violence,834,6.56,25545198,12714862,70.28,False,False,ok,True
Chhattisgarh,CG,State,Central,2012,DV,Domestic Violence,980,7.71,25545198,12714862,70.28,False,False,ok,True
Chhattisgarh,CG,State,Central,2013,DV,Domestic Violence,1181,9.29,25545198,12714862,70.28,False,False,ok,True
Chhattisgarh,CG,State,Central,2014,DV,Domestic Violence,964,7.58,25545198,12714862,70.28,False,False,ok,True
Chhattisgarh,CG,State,Central,2015,DV,Domestic Violence,620,4.88,25545198,12714862,70.28,False,False,ok,True
Chhattisgarh,CG,State,Central,2016,DV,Domestic Violence,622,4.89,25545198,12714862,70.28,False,False,ok,True
Chhattisgarh,CG,State,Central,2017,DV,Domestic Violence,582,4.58,25545198,12714862,70.28,False,False,ok,True
Chhattisgarh,CG,State,Central,2018,DV,Domestic Violence,503,3.96,25545198,12714862,70.28,False,False,ok,True
Chhattisgarh,CG,State,Central,2019,DV,Domestic Violence,732,5.76,25545198,12714862,70.28,False,False,ok,True
Chhattisgarh,CG,State,Central,2020,DV,Domestic Violence,641,5.04,25545198,12714862,70.28,False,False,ok,True
Chhattisgarh,CG,State,Central,2021,DV,Domestic Violence,963,7.57,25545198,12714862,70.28,False,False,ok,True
D & N Haveli and Daman & Diu,DN,Union Territory,West,2001,DV,Domestic Violence,8,3.29,586956,242902,79.55,False,False,ok,True
D & N Haveli and Daman & Diu,DN,Union Territory,West,2002,DV,Domestic Violence,6,2.47,586956,242902,79.55,False,False,ok,True
D & N Haveli and Daman & Diu,DN,Union Territory,West,2003,DV,Domestic Violence,2,0.82,586956,242902,79.55,False,False,ok,True
D & N Haveli and Daman & Diu,DN,Union Territory,West,2004,DV,Domestic Violence,7,2.88,586956,242902,79.55,False,False,ok,True
D & N Haveli and Daman & Diu,DN,Union Territory,West,2005,DV,Domestic Violence,8,3.29,586956,242902,79.55,False,False,ok,True
D & N Haveli and Daman & Diu,DN,Union Territory,West,2006,DV,Domestic Violence,7,2.88,586956,242902,79.55,False,False,ok,True
D & N Haveli and Daman & Diu,DN,Union Territory,West,2007,DV,Domestic Violence,6,2.47,586956,242902,79.55,False,False,ok,True
D & N Haveli and Daman & Diu,DN,Union Territory,West,2008,DV,Domestic Violence,9,3.71,586956,242902,79.55,False,False,ok,True
D & N Haveli and Daman & Diu,DN,Union Territory,West,2009,DV,Domestic Violence,6,2.47,586956,242902,79.55,False,False,ok,True
D & N Haveli and Daman & Diu,DN,Union Territory,West,2010,DV,Domestic Violence,6,2.47,586956,242902,79.55,False,False,ok,True
D & N Haveli and Daman & Diu,DN,Union Territory,West,2011,DV,Domestic Violence,5,2.06,586956,242902,79.55,False,False,ok,True
D & N Haveli and Daman & Diu,DN,Union Territory,West,2012,DV,Domestic Violence,3,1.24,586956,242902,79.55,False,False,ok,True
D & N Haveli and Daman & Diu,DN,Union Territory,West,2013,DV,Domestic Violence,3,1.24,586956,242902,79.55,False,False,ok,True
D & N Haveli and Daman & Diu,DN,Union Territory,West,2014,DV,Domestic Violence,7,2.88,586956,242902,79.55,False,False,ok,True
D & N Haveli and Daman & Diu,DN,Union Territory,West,2015,DV,Domestic Violence,5,2.06,586956,242902,79.55,False,False,ok,True
D & N Haveli and Daman & Diu,DN,Union Territory,West,2016,DV,Domestic Violence,14,5.76,586956,242902,79.55,False,False,ok,True
D & N Haveli and Daman & Diu,DN,Union Territory,West,2017,DV,Domestic Violence,9,3.71,586956,242902,79.55,False,False,ok,True
D & N Haveli and Daman & Diu,DN,Union Territory,West,2018,DV,Domestic Violence,5,2.06,586956,242902,79.55,False,False,ok,True
D & N Haveli and Daman & Diu,DN,Union Territory,West,2019,DV,Domestic Violence,7,2.88,586956,242902,79.55,False,False,ok,True
D & N Haveli and Daman & Diu,DN,Union Territory,West,2020,DV,Domestic Violence,4,1.65,586956,242902,79.55,False,False,ok,True
D & N Haveli and Daman & Diu,DN,Union Territory,West,2021,DV,Domestic Violence,6,2.47,586956,242902,79.55,False,False,ok,True
Delhi UT,DL,Union Territory,North,2011,DV,Domestic Violence,1575,20.19,16787941,7800821,86.21,False,False,ok,True
Delhi UT,DL,Union Territory,North,2012,DV,Domestic Violence,1985,25.45,16787941,7800821,86.21,False,False,ok,True
Delhi UT,DL,Union Territory,North,2013,DV,Domestic Violence,3033,38.88,16787941,7800821,86.21,False,False,ok,True
Delhi UT,DL,Union Territory,North,2014,DV,Domestic Violence,3173,40.68,16787941,7800821,86.21,False,False,ok,True
Delhi UT,DL,Union Territory,North,2015,DV,Domestic Violence,3521,45.14,16787941,7800821,86.21,False,False,ok,True
Delhi UT,DL,Union Territory,North,2016,DV,Domestic Violence,3877,49.7,16787941,7800821,86.21,False,False,ok,True
Delhi UT,DL,Union Territory,North,2017,DV,Domestic Violence,2735,35.06,16787941,7800821,86.21,False,False,ok,True
Delhi UT,DL,Union Territory,North,2018,DV,Domestic Violence,3416,43.79,16787941,7800821,86.21,False,False,ok,True
Delhi UT,DL,Union Territory,North,2019,DV,Domestic Violence,3792,48.61,16787941,7800821,86.21,False,False,ok,True
Delhi UT,DL,Union Territory,North,2020,DV,Domestic Violence,2557,32.78,16787941,7800821,86.21,False,False,ok,True
Delhi UT,DL,Union Territory,North,2021,DV,Domestic Violence,4731,60.65,16787941,7800821,86.21,False,False,ok,True
Goa,GA,State,West,2001,DV,Domestic Violence,11,1.53,1458545,719293,88.7,False,False,ok,True
Goa,GA,State,West,2002,DV,Domestic Violence,8,1.11,1458545,719293,88.7,False,False,ok,True
Goa,GA,State,West,2003,DV,Domestic Violence,24,3.34,1458545,719293,88.7,False,False,ok,True
Goa,GA,State,West,2004,DV,Domestic Violence,17,2.36,1458545,719293,88.7,False,False,ok,True
Goa,GA,State,West,2005,DV,Domestic Violence,11,1.53,1458545,719293,88.7,False,False,ok,True
Goa,GA,State,West,2006,DV,Domestic Violence,14,1.95,1458545,719293,88.7,False,False,ok,True
Goa,GA,State,West,2007,DV,Domestic Violence,14,1.95,1458545,719293,88.7,False,False,ok,True
Goa,GA,State,West,2008,DV,Domestic Violence,12,1.67,1458545,719293,88.7,False,False,ok,True
Goa,GA,State,West,2009,DV,Domestic Violence,21,2.92,1458545,719293,88.7,False,False,ok,True
Goa,GA,State,West,2010,DV,Domestic Violence,17,2.36,1458545,719293,88.7,False,False,ok,True
Goa,GA,State,West,2011,DV,Domestic Violence,18,2.5,1458545,719293,88.7,False,False,ok,True
Goa,GA,State,West,2012,DV,Domestic Violence,24,3.34,1458545,719293,88.7,False,False,ok,True
Goa,GA,State,West,2013,DV,Domestic Violence,40,5.56,1458545,719293,88.7,False,False,ok,True
Goa,GA,State,West,2014,DV,Domestic Violence,35,4.87,1458545,719293,88.7,False,False,ok,True
Goa,GA,State,West,2015,DV,Domestic Violence,19,2.64,1458545,719293,88.7,False,False,ok,True
Goa,GA,State,West,2016,DV,Domestic Violence,23,3.2,1458545,719293,88.7,False,False,ok,True
Goa,GA,State,West,2017,DV,Domestic Violence,21,2.92,1458545,719293,88.7,False,False,ok,True
Goa,GA,State,West,2018,DV,Domestic Violence,9,1.25,1458545,719293,88.7,False,False,ok,True
Goa,GA,State,West,2019,DV,Domestic Violence,9,1.25,1458545,719293,88.7,False,False,ok,True
Goa,GA,State,West,2020,DV,Domestic Violence,8,1.11,1458545,719293,88.7,False,False,ok,True
Goa,GA,State,West,2021,DV,Domestic Violence,1,0.14,1458545,719293,88.7,False,False,ok,True
Gujarat,GJ,State,West,2001,DV,Domestic Violence,3667,12.67,60439692,28944282,78.03,False,False,ok,True
Gujarat,GJ,State,West,2002,DV,Domestic Violence,3321,11.47,60439692,28944282,78.03,False,False,ok,True
Gujarat,GJ,State,West,2003,DV,Domestic Violence,3684,12.73,60439692,28944282,78.03,False,False,ok,True
Gujarat,GJ,State,West,2004,DV,Domestic Violence,3955,13.66,60439692,28944282,78.03,False,False,ok,True
Gujarat,GJ,State,West,2005,DV,Domestic Violence,4090,14.13,60439692,28944282,78.03,False,False,ok,True
Gujarat,GJ,State,West,2006,DV,Domestic Violence,4977,17.2,60439692,28944282,78.03,False,False,ok,True
Gujarat,GJ,State,West,2007,DV,Domestic Violence,5827,20.13,60439692,28944282,78.03,False,False,ok,True
Gujarat,GJ,State,West,2008,DV,Domestic Violence,6094,21.05,60439692,28944282,78.03,False,False,ok,True
Gujarat,GJ,State,West,2009,DV,Domestic Violence,5506,19.02,60439692,28944282,78.03,False,False,ok,True
Gujarat,GJ,State,West,2010,DV,Domestic Violence,5600,19.35,60439692,28944282,78.03,False,False,ok,True
Gujarat,GJ,State,West,2011,DV,Domestic Violence,6052,20.91,60439692,28944282,78.03,False,False,ok,True
Gujarat,GJ,State,West,2012,DV,Domestic Violence,6658,23.0,60439692,28944282,78.03,False,False,ok,True
Gujarat,GJ,State,West,2013,DV,Domestic Violence,7812,26.99,60439692,28944282,78.03,False,False,ok,True
Gujarat,GJ,State,West,2014,DV,Domestic Violence,5991,20.7,60439692,28944282,78.03,False,False,ok,True
Gujarat,GJ,State,West,2015,DV,Domestic Violence,4133,14.28,60439692,28944282,78.03,False,False,ok,True
Gujarat,GJ,State,West,2016,DV,Domestic Violence,3732,12.89,60439692,28944282,78.03,False,False,ok,True
Gujarat,GJ,State,West,2017,DV,Domestic Violence,3223,11.14,60439692,28944282,78.03,False,False,ok,True
Gujarat,GJ,State,West,2018,DV,Domestic Violence,2923,10.1,60439692,28944282,78.03,False,False,ok,True
Gujarat,GJ,State,West,2019,DV,Domestic Violence,3619,12.5,60439692,28944282,78.03,False,False,ok,True
Gujarat,GJ,State,West,2020,DV,Domestic Violence,3345,11.56,60439692,28944282,78.03,False,False,ok,True
Gujarat,GJ,State,West,2021,DV,Domestic Violence,2271,7.85,60439692,28944282,78.03,False,False,ok,True
Haryana,HR,State,North,2001,DV,Domestic Violence,1513,12.76,25351462,11859465,75.55,False,False,ok,True
Haryana,HR,State,North,2002,DV,Domestic Violence,1565,13.2,25351462,11859465,75.55,False,False,ok,True
Haryana,HR,State,North,2003,DV,Domestic Violence,1618,13.64,25351462,11859465,75.55,False,False,ok,True
Haryana,HR,State,North,2004,DV,Domestic Violence,2026,17.08,25351462,11859465,75.55,False,False,ok,True
Haryana,HR,State,North,2005,DV,Domestic Violence,2075,17.5,25351462,11859465,75.55,False,False,ok,True
Haryana,HR,State,North,2006,DV,Domestic Violence,2254,19.01,25351462,11859465,75.55,False,False,ok,True
Haryana,HR,State,North,2007,DV,Domestic Violence,2412,20.34,25351462,11859465,75.55,False,False,ok,True
Haryana,HR,State,North,2008,DV,Domestic Violence,2435,20.53,25351462,11859465,75.55,False,False,ok,True
Haryana,HR,State,North,2009,DV,Domestic Violence,2617,22.07,25351462,11859465,75.55,False,False,ok,True
Haryana,HR,State,North,2010,DV,Domestic Violence,2720,22.94,25351462,11859465,75.55,False,False,ok,True
Haryana,HR,State,North,2011,DV,Domestic Violence,2740,23.1,25351462,11859465,75.55,False,False,ok,True
Haryana,HR,State,North,2012,DV,Domestic Violence,3137,26.45,25351462,11859465,75.55,False,False,ok,True
Haryana,HR,State,North,2013,DV,Domestic Violence,3617,30.5,25351462,11859465,75.55,False,False,ok,True
Haryana,HR,State,North,2014,DV,Domestic Violence,3478,29.33,25351462,11859465,75.55,False,False,ok,True
Haryana,HR,State,North,2015,DV,Domestic Violence,3525,29.72,25351462,11859465,75.55,False,False,ok,True
Haryana,HR,State,North,2016,DV,Domestic Violence,3313,27.94,25351462,11859465,75.55,False,False,ok,True
Haryana,HR,State,North,2017,DV,Domestic Violence,3326,28.05,25351462,11859465,75.55,False,False,ok,True
Haryana,HR,State,North,2018,DV,Domestic Violence,4154,35.03,25351462,11859465,75.55,False,False,ok,True
Haryana,HR,State,North,2019,DV,Domestic Violence,4867,41.04,25351462,11859465,75.55,False,False,ok,True
Haryana,HR,State,North,2020,DV,Domestic Violence,4119,34.73,25351462,11859465,75.55,False,False,ok,True
Haryana,HR,State,North,2021,DV,Domestic Violence,5755,48.53,25351462,11859465,75.55,False,False,ok,True
Himachal Pradesh,HP,State,North,2001,DV,Domestic Violence,317,9.37,6864602,3383567,82.8,False,False,ok,True
Himachal Pradesh,HP,State,North,2002,DV,Domestic Violence,234,6.92,6864602,3383567,82.8,False,False,ok,True
Himachal Pradesh,HP,State,North,2003,DV,Domestic Violence,221,6.53,6864602,3383567,82.8,False,False,ok,True
Himachal Pradesh,HP,State,North,2004,DV,Domestic Violence,252,7.45,6864602,3383567,82.8,False,False,ok,True
Himachal Pradesh,HP,State,North,2005,DV,Domestic Violence,228,6.74,6864602,3383567,82.8,False,False,ok,True
Himachal Pradesh,HP,State,North,2006,DV,Domestic Violence,259,7.65,6864602,3383567,82.8,False,False,ok,True
Himachal Pradesh,HP,State,North,2007,DV,Domestic Violence,342,10.11,6864602,3383567,82.8,False,False,ok,True
Himachal Pradesh,HP,State,North,2008,DV,Domestic Violence,343,10.14,6864602,3383567,82.8,False,False,ok,True
Himachal Pradesh,HP,State,North,2009,DV,Domestic Violence,284,8.39,6864602,3383567,82.8,False,False,ok,True
Himachal Pradesh,HP,State,North,2010,DV,Domestic Violence,275,8.13,6864602,3383567,82.8,False,False,ok,True
Himachal Pradesh,HP,State,North,2011,DV,Domestic Violence,239,7.06,6864602,3383567,82.8,False,False,ok,True
Himachal Pradesh,HP,State,North,2012,DV,Domestic Violence,251,7.42,6864602,3383567,82.8,False,False,ok,True
Himachal Pradesh,HP,State,North,2013,DV,Domestic Violence,328,9.69,6864602,3383567,82.8,False,False,ok,True
Himachal Pradesh,HP,State,North,2014,DV,Domestic Violence,325,9.61,6864602,3383567,82.8,False,False,ok,True
Himachal Pradesh,HP,State,North,2015,DV,Domestic Violence,226,6.68,6864602,3383567,82.8,False,False,ok,True
Himachal Pradesh,HP,State,North,2016,DV,Domestic Violence,214,6.32,6864602,3383567,82.8,False,False,ok,True
Himachal Pradesh,HP,State,North,2017,DV,Domestic Violence,191,5.64,6864602,3383567,82.8,False,False,ok,True
Himachal Pradesh,HP,State,North,2018,DV,Domestic Violence,183,5.41,6864602,3383567,82.8,False,False,ok,True
Himachal Pradesh,HP,State,North,2019,DV,Domestic Violence,228,6.74,6864602,3383567,82.8,False,False,ok,True
Himachal Pradesh,HP,State,North,2020,DV,Domestic Violence,259,7.65,6864602,3383567,82.8,False,False,ok,True
Himachal Pradesh,HP,State,North,2021,DV,Domestic Violence,221,6.53,6864602,3383567,82.8,False,False,ok,True
Jammu & Kashmir,JK,Union Territory,North,2001,DV,Domestic Violence,50,0.86,12267013,5783391,67.16,False,False,ok,True
Jammu & Kashmir,JK,Union Territory,North,2002,DV,Domestic Violence,54,0.93,12267013,5783391,67.16,False,False,ok,True
Jammu & Kashmir,JK,Union Territory,North,2003,DV,Domestic Violence,71,1.23,12267013,5783391,67.16,False,False,ok,True
Jammu & Kashmir,JK,Union Territory,North,2004,DV,Domestic Violence,82,1.42,12267013,5783391,67.16,False,False,ok,True
Jammu & Kashmir,JK,Union Territory,North,2005,DV,Domestic Violence,76,1.31,12267013,5783391,67.16,False,False,ok,True
Jammu & Kashmir,JK,Union Territory,North,2006,DV,Domestic Violence,135,2.33,12267013,5783391,67.16,False,False,ok,True
Jammu & Kashmir,JK,Union Territory,North,2007,DV,Domestic Violence,176,3.04,12267013,5783391,67.16,False,False,ok,True
Jammu & Kashmir,JK,Union Territory,North,2008,DV,Domestic Violence,162,2.8,12267013,5783391,67.16,False,False,ok,True
Jammu & Kashmir,JK,Union Territory,North,2009,DV,Domestic Violence,196,3.39,12267013,5783391,67.16,False,False,ok,True
Jammu & Kashmir,JK,Union Territory,North,2010,DV,Domestic Violence,211,3.65,12267013,5783391,67.16,False,False,ok,True
Jammu & Kashmir,JK,Union Territory,North,2011,DV,Domestic Violence,286,4.95,12267013,5783391,67.16,False,False,ok,True
Jammu & Kashmir,JK,Union Territory,North,2012,DV,Domestic Violence,301,5.2,12267013,5783391,67.16,False,False,ok,True
Jammu & Kashmir,JK,Union Territory,North,2013,DV,Domestic Violence,428,7.4,12267013,5783391,67.16,False,False,ok,True
Jammu & Kashmir,JK,Union Territory,North,2014,DV,Domestic Violence,467,8.07,12267013,5783391,67.16,False,False,ok,True
Jammu & Kashmir,JK,Union Territory,North,2015,DV,Domestic Violence,400,6.92,12267013,5783391,67.16,False,False,ok,True
Jammu & Kashmir,JK,Union Territory,North,2016,DV,Domestic Violence,342,5.91,12267013,5783391,67.16,False,False,ok,True
Jammu & Kashmir,JK,Union Territory,North,2017,DV,Domestic Violence,377,6.52,12267013,5783391,67.16,False,False,ok,True
Jammu & Kashmir,JK,Union Territory,North,2018,DV,Domestic Violence,325,5.62,12267013,5783391,67.16,False,False,ok,True
Jammu & Kashmir,JK,Union Territory,North,2019,DV,Domestic Violence,347,6.0,12267013,5783391,67.16,False,False,ok,True
Jammu & Kashmir,JK,Union Territory,North,2020,DV,Domestic Violence,349,6.03,12267013,5783391,67.16,False,False,ok,True
Jammu & Kashmir,JK,Union Territory,North,2021,DV,Domestic Violence,501,8.66,12267013,5783391,67.16,False,False,ok,True
Jharkhand,JH,State,East,2001,DV,Domestic Violence,484,3.01,32988134,16053774,66.41,False,False,ok,True
Jharkhand,JH,State,East,2002,DV,Domestic Violence,588,3.66,32988134,16053774,66.41,False,False,ok,True
Jharkhand,JH,State,East,2003,DV,Domestic Violence,559,3.48,32988134,16053774,66.41,False,False,ok,True
Jharkhand,JH,State,East,2004,DV,Domestic Violence,588,3.66,32988134,16053774,66.41,False,False,ok,True
Jharkhand,JH,State,East,2005,DV,Domestic Violence,590,3.68,32988134,16053774,66.41,False,False,ok,True
Jharkhand,JH,State,East,2006,DV,Domestic Violence,668,4.16,32988134,16053774,66.41,False,False,ok,True
Jharkhand,JH,State,East,2007,DV,Domestic Violence,801,4.99,32988134,16053774,66.41,False,False,ok,True
Jharkhand,JH,State,East,2008,DV,Domestic Violence,851,5.3,32988134,16053774,66.41,False,False,ok,True
Jharkhand,JH,State,East,2009,DV,Domestic Violence,710,4.42,32988134,16053774,66.41,False,False,ok,True
Jharkhand,JH,State,East,2010,DV,Domestic Violence,650,4.05,32988134,16053774,66.41,False,False,ok,True
Jharkhand,JH,State,East,2011,DV,Domestic Violence,659,4.1,32988134,16053774,66.41,False,False,ok,True
Jharkhand,JH,State,East,2012,DV,Domestic Violence,1261,7.85,32988134,16053774,66.41,False,False,ok,True
Jharkhand,JH,State,East,2013,DV,Domestic Violence,2084,12.98,32988134,16053774,66.41,False,False,ok,True
Jharkhand,JH,State,East,2014,DV,Domestic Violence,1462,9.11,32988134,16053774,66.41,False,False,ok,True
Jharkhand,JH,State,East,2015,DV,Domestic Violence,1654,10.3,32988134,16053774,66.41,False,False,ok,True
Jharkhand,JH,State,East,2016,DV,Domestic Violence,1002,6.24,32988134,16053774,66.41,False,False,ok,True
Jharkhand,JH,State,East,2017,DV,Domestic Violence,998,6.22,32988134,16053774,66.41,False,False,ok,True
Jharkhand,JH,State,East,2018,DV,Domestic Violence,1032,6.43,32988134,16053774,66.41,False,False,ok,True
Jharkhand,JH,State,East,2019,DV,Domestic Violence,1426,8.88,32988134,16053774,66.41,False,False,ok,True
Jharkhand,JH,State,East,2020,DV,Domestic Violence,857,5.34,32988134,16053774,66.41,False,False,ok,True
Jharkhand,JH,State,East,2021,DV,Domestic Violence,931,5.8,32988134,16053774,66.41,False,False,ok,True
Karnataka,KA,State,South,2001,DV,Domestic Violence,1755,5.82,61095297,30129612,75.36,False,False,ok,True
Karnataka,KA,State,South,2002,DV,Domestic Violence,1826,6.06,61095297,30129612,75.36,False,False,ok,True
Karnataka,KA,State,South,2003,DV,Domestic Violence,1704,5.66,61095297,30129612,75.36,False,False,ok,True
Karnataka,KA,State,South,2004,DV,Domestic Violence,1588,5.27,61095297,30129612,75.36,False,False,ok,True
Karnataka,KA,State,South,2005,DV,Domestic Violence,1883,6.25,61095297,30129612,75.36,False,False,ok,True
Karnataka,KA,State,South,2006,DV,Domestic Violence,2129,7.07,61095297,30129612,75.36,False,False,ok,True
Karnataka,KA,State,South,2007,DV,Domestic Violence,2507,8.32,61095297,30129612,75.36,False,False,ok,True
Karnataka,KA,State,South,2008,DV,Domestic Violence,2638,8.76,61095297,30129612,75.36,False,False,ok,True
Karnataka,KA,State,South,2009,DV,Domestic Violence,3185,10.57,61095297,30129612,75.36,False,False,ok,True
Karnataka,KA,State,South,2010,DV,Domestic Violence,3441,11.42,61095297,30129612,75.36,False,False,ok,True
Karnataka,KA,State,South,2011,DV,Domestic Violence,3712,12.32,61095297,30129612,75.36,False,False,ok,True
Karnataka,KA,State,South,2012,DV,Domestic Violence,3684,12.23,61095297,30129612,75.36,False,False,ok,True
Karnataka,KA,State,South,2013,DV,Domestic Violence,3276,10.87,61095297,30129612,75.36,False,False,ok,True
Karnataka,KA,State,South,2014,DV,Domestic Violence,3025,10.04,61095297,30129612,75.36,False,False,ok,True
Karnataka,KA,State,South,2015,DV,Domestic Violence,2732,9.07,61095297,30129612,75.36,False,False,ok,True
Karnataka,KA,State,South,2016,DV,Domestic Violence,2556,8.48,61095297,30129612,75.36,False,False,ok,True
Karnataka,KA,State,South,2017,DV,Domestic Violence,2332,7.74,61095297,30129612,75.36,False,False,ok,True
Karnataka,KA,State,South,2018,DV,Domestic Violence,2053,6.81,61095297,30129612,75.36,False,False,ok,True
Karnataka,KA,State,South,2019,DV,Domestic Violence,2472,8.2,61095297,30129612,75.36,False,False,ok,True
Karnataka,KA,State,South,2020,DV,Domestic Violence,2055,6.82,61095297,30129612,75.36,False,False,ok,True
Karnataka,KA,State,South,2021,DV,Domestic Violence,2336,7.75,61095297,30129612,75.36,False,False,ok,True
Kerala,KL,State,South,2001,DV,Domestic Violence,2561,14.74,33406061,17376281,94.0,False,False,ok,True
Kerala,KL,State,South,2002,DV,Domestic Violence,2836,16.32,33406061,17376281,94.0,False,False,ok,True
Kerala,KL,State,South,2003,DV,Domestic Violence,2930,16.86,33406061,17376281,94.0,False,False,ok,True
Kerala,KL,State,South,2004,DV,Domestic Violence,3222,18.54,33406061,17376281,94.0,False,False,ok,True
Kerala,KL,State,South,2005,DV,Domestic Violence,3283,18.89,33406061,17376281,94.0,False,False,ok,True
Kerala,KL,State,South,2006,DV,Domestic Violence,3708,21.34,33406061,17376281,94.0,False,False,ok,True
Kerala,KL,State,South,2007,DV,Domestic Violence,3999,23.01,33406061,17376281,94.0,False,False,ok,True
Kerala,KL,State,South,2008,DV,Domestic Violence,4138,23.81,33406061,17376281,94.0,False,False,ok,True
Kerala,KL,State,South,2009,DV,Domestic Violence,4007,23.06,33406061,17376281,94.0,False,False,ok,True
Kerala,KL,State,South,2010,DV,Domestic Violence,4797,27.61,33406061,17376281,94.0,False,False,ok,True
Kerala,KL,State,South,2011,DV,Domestic Violence,5377,30.94,33406061,17376281,94.0,False,False,ok,True
Kerala,KL,State,South,2012,DV,Domestic Violence,5216,30.02,33406061,17376281,94.0,False,False,ok,True
Kerala,KL,State,South,2013,DV,Domestic Violence,4820,27.74,33406061,17376281,94.0,False,False,ok,True
Kerala,KL,State,South,2014,DV,Domestic Violence,4919,28.31,33406061,17376281,94.0,False,False,ok,True
Kerala,KL,State,South,2015,DV,Domestic Violence,3668,21.11,33406061,17376281,94.0,False,False,ok,True
Kerala,KL,State,South,2016,DV,Domestic Violence,3455,19.88,33406061,17376281,94.0,False,False,ok,True
Kerala,KL,State,South,2017,DV,Domestic Violence,2856,16.44,33406061,17376281,94.0,False,False,ok,True
Kerala,KL,State,South,2018,DV,Domestic Violence,2046,11.77,33406061,17376281,94.0,False,False,ok,True
Kerala,KL,State,South,2019,DV,Domestic Violence,2970,17.09,33406061,17376281,94.0,False,False,ok,True
Kerala,KL,State,South,2020,DV,Domestic Violence,2707,15.58,33406061,17376281,94.0,False,False,ok,True
Kerala,KL,State,South,2021,DV,Domestic Violence,4997,28.76,33406061,17376281,94.0,False,False,ok,True
Ladakh,LA,Union Territory,North,2020,DV,Domestic Violence,3,2.55,274289,117552,77.2,False,False,ok,True
Ladakh,LA,Union Territory,North,2021,DV,Domestic Violence,9,7.66,274289,117552,77.2,False,False,ok,True
Lakshadweep,LD,Union Territory,Islands,2001,DV,Domestic Violence,0,0.0,64473,31342,91.85,False,False,ok,True
Lakshadweep,LD,Union Territory,Islands,2002,DV,Domestic Violence,0,0.0,64473,31342,91.85,False,False,ok,True
Lakshadweep,LD,Union Territory,Islands,2003,DV,Domestic Violence,1,3.19,64473,31342,91.85,False,False,ok,True
Lakshadweep,LD,Union Territory,Islands,2004,DV,Domestic Violence,1,3.19,64473,31342,91.85,False,False,ok,True
Lakshadweep,LD,Union Territory,Islands,2005,DV,Domestic Violence,0,0.0,64473,31342,91.85,False,False,ok,True
Lakshadweep,LD,Union Territory,Islands,2006,DV,Domestic Violence,1,3.19,64473,31342,91.85,False,False,ok,True
Lakshadweep,LD,Union Territory,Islands,2007,DV,Domestic Violence,2,6.38,64473,31342,91.85,False,False,ok,True
Lakshadweep,LD,Union Territory,Islands,2008,DV,Domestic Violence,1,3.19,64473,31342,91.85,False,False,ok,True
Lakshadweep,LD,Union Territory,Islands,2009,DV,Domestic Violence,0,0.0,64473,31342,91.85,False,False,ok,True
Lakshadweep,LD,Union Territory,Islands,2010,DV,Domestic Violence,0,0.0,64473,31342,91.85,False,False,ok,True
Lakshadweep,LD,Union Territory,Islands,2011,DV,Domestic Violence,0,0.0,64473,31342,91.85,False,False,ok,True
Lakshadweep,LD,Union Territory,Islands,2012,DV,Domestic Violence,1,3.19,64473,31342,91.85,False,False,ok,True
Lakshadweep,LD,Union Territory,Islands,2013,DV,Domestic Violence,0,0.0,64473,31342,91.85,False,False,ok,True
Lakshadweep,LD,Union Territory,Islands,2014,DV,Domestic Violence,0,0.0,64473,31342,91.85,False,False,ok,True
Lakshadweep,LD,Union Territory,Islands,2015,DV,Domestic Violence,2,6.38,64473,31342,91.85,False,False,ok,True
Lakshadweep,LD,Union Territory,Islands,2016,DV,Domestic Violence,2,6.38,64473,31342,91.85,False,False,ok,True
Lakshadweep,LD,Union Territory,Islands,2017,DV,Domestic Violence,2,6.38,64473,31342,91.85,False,False,ok,True
Lakshadweep,LD,Union Territory,Islands,2018,DV,Domestic Violence,1,3.19,64473,31342,91.85,False,False,ok,True
Lakshadweep,LD,Union Territory,Islands,2019,DV,Domestic Violence,0,0.0,64473,31342,91.85,False,False,ok,True
Lakshadweep,LD,Union Territory,Islands,2020,DV,Domestic Violence,0,0.0,64473,31342,91.85,False,False,ok,True
Lakshadweep,LD,Union Territory,Islands,2021,DV,Domestic Violence,3,9.57,64473,31342,91.85,False,False,ok,True
Madhya Pradesh,MP,State,Central,2001,DV,Domestic Violence,2562,7.32,72626809,35015826,69.32,False,False,ok,True
Madhya Pradesh,MP,State,Central,2002,DV,Domestic Violence,3117,8.9,72626809,35015826,69.32,False,False,ok,True
Madhya Pradesh,MP,State,Central,2003,DV,Domestic Violence,2938,8.39,72626809,35015826,69.32,False,False,ok,True
Madhya Pradesh,MP,State,Central,2004,DV,Domestic Violence,3436,9.81,72626809,35015826,69.32,False,False,ok,True
Madhya Pradesh,MP,State,Central,2005,DV,Domestic Violence,2989,8.54,72626809,35015826,69.32,False,False,ok,True
Madhya Pradesh,MP,State,Central,2006,DV,Domestic Violence,2989,8.54,72626809,35015826,69.32,False,False,ok,True
Madhya Pradesh,MP,State,Central,2007,DV,Domestic Violence,3294,9.41,72626809,35015826,69.32,False,False,ok,True
Madhya Pradesh,MP,State,Central,2008,DV,Domestic Violence,3185,9.1,72626809,35015826,69.32,False,False,ok,True
Madhya Pradesh,MP,State,Central,2009,DV,Domestic Violence,3983,11.37,72626809,35015826,69.32,False,False,ok,True
Madhya Pradesh,MP,State,Central,2010,DV,Domestic Violence,3756,10.73,72626809,35015826,69.32,False,False,ok,True
Madhya Pradesh,MP,State,Central,2011,DV,Domestic Violence,3732,10.66,72626809,35015826,69.32,False,False,ok,True
Madhya Pradesh,MP,State,Central,2012,DV,Domestic Violence,3988,11.39,72626809,35015826,69.32,False,False,ok,True
Madhya Pradesh,MP,State,Central,2013,DV,Domestic Violence,4988,14.24,72626809,35015826,69.32,False,False,ok,True
Madhya Pradesh,MP,State,Central,2014,DV,Domestic Violence,6451,18.42,72626809,35015826,69.32,False,False,ok,True
Madhya Pradesh,MP,State,Central,2015,DV,Domestic Violence,5281,15.08,72626809,35015826,69.32,False,False,ok,True
Madhya Pradesh,MP,State,Central,2016,DV,Domestic Violence,6264,17.89,72626809,35015826,69.32,False,False,ok,True
Madhya Pradesh,MP,State,Central,2017,DV,Domestic Violence,6099,17.42,72626809,35015826,69.32,False,False,ok,True
Madhya Pradesh,MP,State,Central,2018,DV,Domestic Violence,4159,11.88,72626809,35015826,69.32,False,False,ok,True
Madhya Pradesh,MP,State,Central,2019,DV,Domestic Violence,5486,15.67,72626809,35015826,69.32,False,False,ok,True
Madhya Pradesh,MP,State,Central,2020,DV,Domestic Violence,5540,15.82,72626809,35015826,69.32,False,False,ok,True
Madhya Pradesh,MP,State,Central,2021,DV,Domestic Violence,7929,22.64,72626809,35015826,69.32,False,False,ok,True
Maharashtra,MH,State,West,2001,DV,Domestic Violence,6090,11.25,112374333,54119106,82.34,False,False,ok,True
Maharashtra,MH,State,West,2002,DV,Domestic Violence,5353,9.89,112374333,54119106,82.34,False,False,ok,True
Maharashtra,MH,State,West,2003,DV,Domestic Violence,5452,10.07,112374333,54119106,82.34,False,False,ok,True
Maharashtra,MH,State,West,2004,DV,Domestic Violence,5646,10.43,112374333,54119106,82.34,False,False,ok,True
Maharashtra,MH,State,West,2005,DV,Domestic Violence,6233,11.52,112374333,54119106,82.34,False,False,ok,True
Maharashtra,MH,State,West,2006,DV,Domestic Violence,6738,12.45,112374333,54119106,82.34,False,False,ok,True
Maharashtra,MH,State,West,2007,DV,Domestic Violence,7356,13.59,112374333,54119106,82.34,False,False,ok,True
Maharashtra,MH,State,West,2008,DV,Domestic Violence,7829,14.47,112374333,54119106,82.34,False,False,ok,True
Maharashtra,MH,State,West,2009,DV,Domestic Violence,7681,14.19,112374333,54119106,82.34,False,False,ok,True
Maharashtra,MH,State,West,2010,DV,Domestic Violence,7434,13.74,112374333,54119106,82.34,False,False,ok,True
Maharashtra,MH,State,West,2011,DV,Domestic Violence,7136,13.19,112374333,54119106,82.34,False,False,ok,True
Maharashtra,MH,State,West,2012,DV,Domestic Violence,7415,13.7,112374333,54119106,82.34,False,False,ok,True
Maharashtra,MH,State,West,2013,DV,Domestic Violence,8542,15.78,112374333,54119106,82.34,False,False,ok,True
Maharashtra,MH,State,West,2014,DV,Domestic Violence,7696,14.22,112374333,54119106,82.34,False,False,ok,True
Maharashtra,MH,State,West,2015,DV,Domestic Violence,7640,14.12,112374333,54119106,82.34,False,False,ok,True
Maharashtra,MH,State,West,2016,DV,Domestic Violence,7215,13.33,112374333,54119106,82.34,False,False,ok,True
Maharashtra,MH,State,West,2017,DV,Domestic Violence,6584,12.17,112374333,54119106,82.34,False,False,ok,True
Maharashtra,MH,State,West,2018,DV,Domestic Violence,6862,12.68,112374333,54119106,82.34,False,False,ok,True
Maharashtra,MH,State,West,2019,DV,Domestic Violence,8430,15.58,112374333,54119106,82.34,False,False,ok,True
Maharashtra,MH,State,West,2020,DV,Domestic Violence,6729,12.43,112374333,54119106,82.34,False,False,ok,True
Maharashtra,MH,State,West,2021,DV,Domestic Violence,10095,18.65,112374333,54119106,82.34,False,False,ok,True
Manipur,MN,State,North East,2001,DV,Domestic Violence,5,0.35,2855794,1417107,76.94,False,False,ok,True
Manipur,MN,State,North East,2002,DV,Domestic Violence,10,0.71,2855794,1417107,76.94,False,False,ok,True
Manipur,MN,State,North East,2003,DV,Domestic Violence,4,0.28,2855794,1417107,76.94,False,False,ok,True
Manipur,MN,State,North East,2004,DV,Domestic Violence,2,0.14,2855794,1417107,76.94,False,False,ok,True
Manipur,MN,State,North East,2005,DV,Domestic Violence,20,1.41,2855794,1417107,76.94,False,False,ok,True
Manipur,MN,State,North East,2006,DV,Domestic Violence,10,0.71,2855794,1417107,76.94,False,False,ok,True
Manipur,MN,State,North East,2007,DV,Domestic Violence,15,1.06,2855794,1417107,76.94,False,False,ok,True
Manipur,MN,State,North East,2008,DV,Domestic Violence,28,1.98,2855794,1417107,76.94,False,False,ok,True
Manipur,MN,State,North East,2009,DV,Domestic Violence,25,1.76,2855794,1417107,76.94,False,False,ok,True
Manipur,MN,State,North East,2010,DV,Domestic Violence,18,1.27,2855794,1417107,76.94,False,False,ok,True
Manipur,MN,State,North East,2011,DV,Domestic Violence,39,2.75,2855794,1417107,76.94,False,False,ok,True
Manipur,MN,State,North East,2012,DV,Domestic Violence,43,3.03,2855794,1417107,76.94,False,False,ok,True
Manipur,MN,State,North East,2013,DV,Domestic Violence,29,2.05,2855794,1417107,76.94,False,False,ok,True
Manipur,MN,State,North East,2014,DV,Domestic Violence,41,2.89,2855794,1417107,76.94,False,False,ok,True
Manipur,MN,State,North East,2015,DV,Domestic Violence,39,2.75,2855794,1417107,76.94,False,False,ok,True
Manipur,MN,State,North East,2016,DV,Domestic Violence,29,2.05,2855794,1417107,76.94,False,False,ok,True
Manipur,MN,State,North East,2017,DV,Domestic Violence,19,1.34,2855794,1417107,76.94,False,False,ok,True
Manipur,MN,State,North East,2018,DV,Domestic Violence,14,0.99,2855794,1417107,76.94,False,False,ok,True
Manipur,MN,State,North East,2019,DV,Domestic Violence,15,1.06,2855794,1417107,76.94,False,False,ok,True
Manipur,MN,State,North East,2020,DV,Domestic Violence,7,0.49,2855794,1417107,76.94,False,False,ok,True
Manipur,MN,State,North East,2021,DV,Domestic Violence,18,1.27,2855794,1417107,76.94,False,False,ok,True
Meghalaya,ML,State,North East,2001,DV,Domestic Violence,4,0.27,2966889,1475240,74.43,False,False,ok,True
Meghalaya,ML,State,North East,2002,DV,Domestic Violence,0,0.0,2966889,1475240,74.43,False,False,ok,True
Meghalaya,ML,State,North East,2003,DV,Domestic Violence,4,0.27,2966889,1475240,74.43,False,False,ok,True
Meghalaya,ML,State,North East,2004,DV,Domestic Violence,5,0.34,2966889,1475240,74.43,False,False,ok,True
Meghalaya,ML,State,North East,2005,DV,Domestic Violence,3,0.2,2966889,1475240,74.43,False,False,ok,True
Meghalaya,ML,State,North East,2006,DV,Domestic Violence,13,0.88,2966889,1475240,74.43,False,False,ok,True
Meghalaya,ML,State,North East,2007,DV,Domestic Violence,19,1.29,2966889,1475240,74.43,False,False,ok,True
Meghalaya,ML,State,North East,2008,DV,Domestic Violence,32,2.17,2966889,1475240,74.43,False,False,ok,True
Meghalaya,ML,State,North East,2009,DV,Domestic Violence,24,1.63,2966889,1475240,74.43,False,False,ok,True
Meghalaya,ML,State,North East,2010,DV,Domestic Violence,24,1.63,2966889,1475240,74.43,False,False,ok,True
Meghalaya,ML,State,North East,2011,DV,Domestic Violence,21,1.42,2966889,1475240,74.43,False,False,ok,True
Meghalaya,ML,State,North East,2012,DV,Domestic Violence,16,1.08,2966889,1475240,74.43,False,False,ok,True
Meghalaya,ML,State,North East,2013,DV,Domestic Violence,23,1.56,2966889,1475240,74.43,False,False,ok,True
Meghalaya,ML,State,North East,2014,DV,Domestic Violence,42,2.85,2966889,1475240,74.43,False,False,ok,True
Meghalaya,ML,State,North East,2015,DV,Domestic Violence,44,2.98,2966889,1475240,74.43,False,False,ok,True
Meghalaya,ML,State,North East,2016,DV,Domestic Violence,26,1.76,2966889,1475240,74.43,False,False,ok,True
Meghalaya,ML,State,North East,2017,DV,Domestic Violence,20,1.36,2966889,1475240,74.43,False,False,ok,True
Meghalaya,ML,State,North East,2018,DV,Domestic Violence,18,1.22,2966889,1475240,74.43,False,False,ok,True
Meghalaya,ML,State,North East,2019,DV,Domestic Violence,23,1.56,2966889,1475240,74.43,False,False,ok,True
Meghalaya,ML,State,North East,2020,DV,Domestic Violence,17,1.15,2966889,1475240,74.43,False,False,ok,True
Meghalaya,ML,State,North East,2021,DV,Domestic Violence,21,1.42,2966889,1475240,74.43,False,False,ok,True
Mizoram,MZ,State,North East,2001,DV,Domestic Violence,16,2.95,1097206,541940,91.33,False,False,ok,True
Mizoram,MZ,State,North East,2002,DV,Domestic Violence,3,0.55,1097206,541940,91.33,False,False,ok,True
Mizoram,MZ,State,North East,2003,DV,Domestic Violence,3,0.55,1097206,541940,91.33,False,False,ok,True
Mizoram,MZ,State,North East,2004,DV,Domestic Violence,0,0.0,1097206,541940,91.33,False,False,ok,True
Mizoram,MZ,State,North East,2005,DV,Domestic Violence,0,0.0,1097206,541940,91.33,False,False,ok,True
Mizoram,MZ,State,North East,2006,DV,Domestic Violence,1,0.18,1097206,541940,91.33,False,False,ok,True
Mizoram,MZ,State,North East,2007,DV,Domestic Violence,2,0.37,1097206,541940,91.33,False,False,ok,True
Mizoram,MZ,State,North East,2008,DV,Domestic Violence,5,0.92,1097206,541940,91.33,False,False,ok,True
Mizoram,MZ,State,North East,2009,DV,Domestic Violence,4,0.74,1097206,541940,91.33,False,False,ok,True
Mizoram,MZ,State,North East,2010,DV,Domestic Violence,3,0.55,1097206,541940,91.33,False,False,ok,True
Mizoram,MZ,State,North East,2011,DV,Domestic Violence,9,1.66,1097206,541940,91.33,False,False,ok,True
Mizoram,MZ,State,North East,2012,DV,Domestic Violence,8,1.48,1097206,541940,91.33,False,False,ok,True
Mizoram,MZ,State,North East,2013,DV,Domestic Violence,5,0.92,1097206,541940,91.33,False,False,ok,True
Mizoram,MZ,State,North East,2014,DV,Domestic Violence,8,1.48,1097206,541940,91.33,False,False,ok,True
Mizoram,MZ,State,North East,2015,DV,Domestic Violence,9,1.66,1097206,541940,91.33,False,False,ok,True
Mizoram,MZ,State,North East,2016,DV,Domestic Violence,19,3.51,1097206,541940,91.33,False,False,ok,True
Mizoram,MZ,State,North East,2017,DV,Domestic Violence,20,3.69,1097206,541940,91.33,False,False,ok,True
Mizoram,MZ,State,North East,2018,DV,Domestic Violence,6,1.11,1097206,541940,91.33,False,False,ok,True
Mizoram,MZ,State,North East,2019,DV,Domestic Violence,5,0.92,1097206,541940,91.33,False,False,ok,True
Mizoram,MZ,State,North East,2020,DV,Domestic Violence,7,1.29,1097206,541940,91.33,False,False,ok,True
Mizoram,MZ,State,North East,2021,DV,Domestic Violence,11,2.03,1097206,541940,91.33,False,False,ok,True
Nagaland,NL,State,North East,2001,DV,Domestic Violence,0,0.0,1978502,953902,79.55,False,False,ok,True
Nagaland,NL,State,North East,2002,DV,Domestic Violence,0,0.0,1978502,953902,79.55,False,False,ok,True
Nagaland,NL,State,North East,2003,DV,Domestic Violence,0,0.0,1978502,953902,79.55,False,False,ok,True
Nagaland,NL,State,North East,2004,DV,Domestic Violence,0,0.0,1978502,953902,79.55,False,False,ok,True
Nagaland,NL,State,North East,2005,DV,Domestic Violence,0,0.0,1978502,953902,79.55,False,False,ok,True
Nagaland,NL,State,North East,2006,DV,Domestic Violence,3,0.31,1978502,953902,79.55,False,False,ok,True
Nagaland,NL,State,North East,2007,DV,Domestic Violence,0,0.0,1978502,953902,79.55,False,False,ok,True
Nagaland,NL,State,North East,2008,DV,Domestic Violence,4,0.42,1978502,953902,79.55,False,False,ok,True
Nagaland,NL,State,North East,2009,DV,Domestic Violence,0,0.0,1978502,953902,79.55,False,False,ok,True
Nagaland,NL,State,North East,2010,DV,Domestic Violence,1,0.1,1978502,953902,79.55,False,False,ok,True
Nagaland,NL,State,North East,2011,DV,Domestic Violence,1,0.1,1978502,953902,79.55,False,False,ok,True
Nagaland,NL,State,North East,2012,DV,Domestic Violence,0,0.0,1978502,953902,79.55,False,False,ok,True
Nagaland,NL,State,North East,2013,DV,Domestic Violence,4,0.42,1978502,953902,79.55,False,False,ok,True
Nagaland,NL,State,North East,2014,DV,Domestic Violence,3,0.31,1978502,953902,79.55,False,False,ok,True
Nagaland,NL,State,North East,2015,DV,Domestic Violence,4,0.42,1978502,953902,79.55,False,False,ok,True
Nagaland,NL,State,North East,2016,DV,Domestic Violence,3,0.31,1978502,953902,79.55,False,False,ok,True
Nagaland,NL,State,North East,2017,DV,Domestic Violence,3,0.31,1978502,953902,79.55,False,False,ok,True
Nagaland,NL,State,North East,2018,DV,Domestic Violence,3,0.31,1978502,953902,79.55,False,False,ok,True
Nagaland,NL,State,North East,2019,DV,Domestic Violence,0,0.0,1978502,953902,79.55,False,False,ok,True
Nagaland,NL,State,North East,2020,DV,Domestic Violence,2,0.21,1978502,953902,79.55,False,False,ok,True
Nagaland,NL,State,North East,2021,DV,Domestic Violence,2,0.21,1978502,953902,79.55,False,False,ok,True
Odisha,OD,State,East,2001,DV,Domestic Violence,1266,6.1,41974218,20764406,72.87,False,False,ok,True
Odisha,OD,State,East,2002,DV,Domestic Violence,1167,5.62,41974218,20764406,72.87,False,False,ok,True
Odisha,OD,State,East,2003,DV,Domestic Violence,1289,6.21,41974218,20764406,72.87,False,False,ok,True
Odisha,OD,State,East,2004,DV,Domestic Violence,1192,5.74,41974218,20764406,72.87,False,False,ok,True
Odisha,OD,State,East,2005,DV,Domestic Violence,1671,8.05,41974218,20764406,72.87,False,False,ok,True
Odisha,OD,State,East,2006,DV,Domestic Violence,694,3.34,41974218,20764406,72.87,False,False,ok,True
Odisha,OD,State,East,2007,DV,Domestic Violence,728,3.51,41974218,20764406,72.87,False,False,ok,True
Odisha,OD,State,East,2008,DV,Domestic Violence,1618,7.79,41974218,20764406,72.87,False,False,ok,True
Odisha,OD,State,East,2009,DV,Domestic Violence,2047,9.86,41974218,20764406,72.87,False,False,ok,True
Odisha,OD,State,East,2010,DV,Domestic Violence,2067,9.95,41974218,20764406,72.87,False,False,ok,True
Odisha,OD,State,East,2011,DV,Domestic Violence,2320,11.17,41974218,20764406,72.87,False,False,ok,True
Odisha,OD,State,East,2012,DV,Domestic Violence,2638,12.7,41974218,20764406,72.87,False,False,ok,True
Odisha,OD,State,East,2013,DV,Domestic Violence,2792,13.45,41974218,20764406,72.87,False,False,ok,True
Odisha,OD,State,East,2014,DV,Domestic Violence,3114,15.0,41974218,20764406,72.87,False,False,ok,True
Odisha,OD,State,East,2015,DV,Domestic Violence,3605,17.36,41974218,20764406,72.87,False,False,ok,True
Odisha,OD,State,East,2016,DV,Domestic Violence,2781,13.39,41974218,20764406,72.87,False,False,ok,True
Odisha,OD,State,East,2017,DV,Domestic Violence,2525,12.16,41974218,20764406,72.87,False,False,ok,True
Odisha,OD,State,East,2018,DV,Domestic Violence,1984,9.55,41974218,20764406,72.87,False,False,ok,True
Odisha,OD,State,East,2019,DV,Domestic Violence,2739,13.19,41974218,20764406,72.87,False,False,ok,True
Odisha,OD,State,East,2020,DV,Domestic Violence,3659,17.62,41974218,20764406,72.87,False,False,ok,True
Odisha,OD,State,East,2021,DV,Domestic Violence,4889,23.55,41974218,20764406,72.87,False,False,ok,True
Puducherry,PY,Union Territory,South,2001,DV,Domestic Violence,3,0.47,1247953,635310,85.85,False,False,ok,True
Puducherry,PY,Union Territory,South,2002,DV,Domestic Violence,9,1.42,1247953,635310,85.85,False,False,ok,True
Puducherry,PY,Union Territory,South,2003,DV,Domestic Violence,4,0.63,1247953,635310,85.85,False,False,ok,True
Puducherry,PY,Union Territory,South,2004,DV,Domestic Violence,2,0.31,1247953,635310,85.85,False,False,ok,True
Puducherry,PY,Union Territory,South,2005,DV,Domestic Violence,6,0.94,1247953,635310,85.85,False,False,ok,True
Puducherry,PY,Union Territory,South,2006,DV,Domestic Violence,19,2.99,1247953,635310,85.85,False,False,ok,True
Puducherry,PY,Union Territory,South,2007,DV,Domestic Violence,17,2.68,1247953,635310,85.85,False,False,ok,True
Puducherry,PY,Union Territory,South,2008,DV,Domestic Violence,12,1.89,1247953,635310,85.85,False,False,ok,True
Puducherry,PY,Union Territory,South,2009,DV,Domestic Violence,10,1.57,1247953,635310,85.85,False,False,ok,True
Puducherry,PY,Union Territory,South,2010,DV,Domestic Violence,7,1.1,1247953,635310,85.85,False,False,ok,True
Puducherry,PY,Union Territory,South,2011,DV,Domestic Violence,10,1.57,1247953,635310,85.85,False,False,ok,True
Puducherry,PY,Union Territory,South,2012,DV,Domestic Violence,6,0.94,1247953,635310,85.85,False,False,ok,True
Puducherry,PY,Union Territory,South,2013,DV,Domestic Violence,8,1.26,1247953,635310,85.85,False,False,ok,True
Puducherry,PY,Union Territory,South,2014,DV,Domestic Violence,4,0.63,1247953,635310,85.85,False,False,ok,True
Puducherry,PY,Union Territory,South,2015,DV,Domestic Violence,4,0.63,1247953,635310,85.85,False,False,ok,True
Puducherry,PY,Union Territory,South,2016,DV,Domestic Violence,15,2.36,1247953,635310,85.85,False,False,ok,True
Puducherry,PY,Union Territory,South,2017,DV,Domestic Violence,5,0.79,1247953,635310,85.85,False,False,ok,True
Puducherry,PY,Union Territory,South,2018,DV,Domestic Violence,8,1.26,1247953,635310,85.85,False,False,ok,True
Puducherry,PY,Union Territory,South,2019,DV,Domestic Violence,8,1.26,1247953,635310,85.85,False,False,ok,True
Puducherry,PY,Union Territory,South,2020,DV,Domestic Violence,9,1.42,1247953,635310,85.85,False,False,ok,True
Puducherry,PY,Union Territory,South,2021,DV,Domestic Violence,12,1.89,1247953,635310,85.85,False,False,ok,True
Punjab,PB,State,North,2001,DV,Domestic Violence,1128,8.61,27743338,13103054,75.84,False,False,ok,True
Punjab,PB,State,North,2002,DV,Domestic Violence,944,7.2,27743338,13103054,75.84,False,False,ok,True
Punjab,PB,State,North,2003,DV,Domestic Violence,987,7.53,27743338,13103054,75.84,False,False,ok,True
Punjab,PB,State,North,2004,DV,Domestic Violence,801,6.11,27743338,13103054,75.84,False,False,ok,True
Punjab,PB,State,North,2005,DV,Domestic Violence,729,5.56,27743338,13103054,75.84,False,False,ok,True
Punjab,PB,State,North,2006,DV,Domestic Violence,801,6.11,27743338,13103054,75.84,False,False,ok,True
Punjab,PB,State,North,2007,DV,Domestic Violence,971,7.41,27743338,13103054,75.84,False,False,ok,True
Punjab,PB,State,North,2008,DV,Domestic Violence,984,7.51,27743338,13103054,75.84,False,False,ok,True
Punjab,PB,State,North,2009,DV,Domestic Violence,1061,8.1,27743338,13103054,75.84,False,False,ok,True
Punjab,PB,State,North,2010,DV,Domestic Violence,1163,8.88,27743338,13103054,75.84,False,False,ok,True
Punjab,PB,State,North,2011,DV,Domestic Violence,1136,8.67,27743338,13103054,75.84,False,False,ok,True
Punjab,PB,State,North,2012,DV,Domestic Violence,1293,9.87,27743338,13103054,75.84,False,False,ok,True
Punjab,PB,State,North,2013,DV,Domestic Violence,1741,13.29,27743338,13103054,75.84,False,False,ok,True
Punjab,PB,State,North,2014,DV,Domestic Violence,1681,12.83,27743338,13103054,75.84,False,False,ok,True
Punjab,PB,State,North,2015,DV,Domestic Violence,1583,12.08,27743338,13103054,75.84,False,False,ok,True
Punjab,PB,State,North,2016,DV,Domestic Violence,1568,11.97,27743338,13103054,75.84,False,False,ok,True
Punjab,PB,State,North,2017,DV,Domestic Violence,1199,9.15,27743338,13103054,75.84,False,False,ok,True
Punjab,PB,State,North,2018,DV,Domestic Violence,1470,11.22,27743338,13103054,75.84,False,False,ok,True
Punjab,PB,State,North,2019,DV,Domestic Violence,1595,12.17,27743338,13103054,75.84,False,False,ok,True
Punjab,PB,State,North,2020,DV,Domestic Violence,1271,9.7,27743338,13103054,75.84,False,False,ok,True
Punjab,PB,State,North,2021,DV,Domestic Violence,1714,13.08,27743338,13103054,75.84,False,False,ok,True
Rajasthan,RJ,State,North,2001,DV,Domestic Violence,5532,16.77,68548437,32994268,66.11,False,False,ok,True
Rajasthan,RJ,State,North,2002,DV,Domestic Violence,5691,17.25,68548437,32994268,66.11,False,False,ok,True
Rajasthan,RJ,State,North,2003,DV,Domestic Violence,5733,17.38,68548437,32994268,66.11,False,False,ok,True
Rajasthan,RJ,State,North,2004,DV,Domestic Violence,6781,20.55,68548437,32994268,66.11,False,False,ok,True
Rajasthan,RJ,State,North,2005,DV,Domestic Violence,5997,18.18,68548437,32994268,66.11,False,False,ok,True
Rajasthan,RJ,State,North,2006,DV,Domestic Violence,7038,21.33,68548437,32994268,66.11,False,False,ok,True
Rajasthan,RJ,State,North,2007,DV,Domestic Violence,8170,24.76,68548437,32994268,66.11,False,False,ok,True
Rajasthan,RJ,State,North,2008,DV,Domestic Violence,8113,24.59,68548437,32994268,66.11,False,False,ok,True
Rajasthan,RJ,State,North,2009,DV,Domestic Violence,10371,31.43,68548437,32994268,66.11,False,False,ok,True
Rajasthan,RJ,State,North,2010,DV,Domestic Violence,11145,33.78,68548437,32994268,66.11,False,False,ok,True
Rajasthan,RJ,State,North,2011,DV,Domestic Violence,12218,37.03,68548437,32994268,66.11,False,False,ok,True
Rajasthan,RJ,State,North,2012,DV,Domestic Violence,13312,40.35,68548437,32994268,66.11,False,False,ok,True
Rajasthan,RJ,State,North,2013,DV,Domestic Violence,15094,45.75,68548437,32994268,66.11,False,False,ok,True
Rajasthan,RJ,State,North,2014,DV,Domestic Violence,15905,48.21,68548437,32994268,66.11,False,False,ok,True
Rajasthan,RJ,State,North,2015,DV,Domestic Violence,14383,43.59,68548437,32994268,66.11,False,False,ok,True
Rajasthan,RJ,State,North,2016,DV,Domestic Violence,13811,41.86,68548437,32994268,66.11,False,False,ok,True
Rajasthan,RJ,State,North,2017,DV,Domestic Violence,11508,34.88,68548437,32994268,66.11,False,False,ok,True
Rajasthan,RJ,State,North,2018,DV,Domestic Violence,12250,37.13,68548437,32994268,66.11,False,False,ok,True
Rajasthan,RJ,State,North,2019,DV,Domestic Violence,18432,55.86,68548437,32994268,66.11,False,False,ok,True
Rajasthan,RJ,State,North,2020,DV,Domestic Violence,13765,41.72,68548437,32994268,66.11,False,False,ok,True
Rajasthan,RJ,State,North,2021,DV,Domestic Violence,16949,51.37,68548437,32994268,66.11,False,False,ok,True
Sikkim,SK,State,North East,2001,DV,Domestic Violence,0,0.0,610577,287520,81.42,False,False,ok,True
Sikkim,SK,State,North East,2002,DV,Domestic Violence,3,1.04,610577,287520,81.42,False,False,ok,True
Sikkim,SK,State,North East,2003,DV,Domestic Violence,1,0.35,610577,287520,81.42,False,False,ok,True
Sikkim,SK,State,North East,2004,DV,Domestic Violence,1,0.35,610577,287520,81.42,False,False,ok,True
Sikkim,SK,State,North East,2005,DV,Domestic Violence,4,1.39,610577,287520,81.42,False,False,ok,True
Sikkim,SK,State,North East,2006,DV,Domestic Violence,6,2.09,610577,287520,81.42,False,False,ok,True
Sikkim,SK,State,North East,2007,DV,Domestic Violence,7,2.43,610577,287520,81.42,False,False,ok,True
Sikkim,SK,State,North East,2008,DV,Domestic Violence,5,1.74,610577,287520,81.42,False,False,ok,True
Sikkim,SK,State,North East,2009,DV,Domestic Violence,6,2.09,610577,287520,81.42,False,False,ok,True
Sikkim,SK,State,North East,2010,DV,Domestic Violence,3,1.04,610577,287520,81.42,False,False,ok,True
Sikkim,SK,State,North East,2011,DV,Domestic Violence,4,1.39,610577,287520,81.42,False,False,ok,True
Sikkim,SK,State,North East,2012,DV,Domestic Violence,4,1.39,610577,287520,81.42,False,False,ok,True
Sikkim,SK,State,North East,2013,DV,Domestic Violence,5,1.74,610577,287520,81.42,False,False,ok,True
Sikkim,SK,State,North East,2014,DV,Domestic Violence,5,1.74,610577,287520,81.42,False,False,ok,True
Sikkim,SK,State,North East,2015,DV,Domestic Violence,2,0.7,610577,287520,81.42,False,False,ok,True
Sikkim,SK,State,North East,2016,DV,Domestic Violence,2,0.7,610577,287520,81.42,False,False,ok,True
Sikkim,SK,State,North East,2017,DV,Domestic Violence,5,1.74,610577,287520,81.42,False,False,ok,True
Sikkim,SK,State,North East,2018,DV,Domestic Violence,1,0.35,610577,287520,81.42,False,False,ok,True
Sikkim,SK,State,North East,2019,DV,Domestic Violence,1,0.35,610577,287520,81.42,False,False,ok,True
Sikkim,SK,State,North East,2020,DV,Domestic Violence,1,0.35,610577,287520,81.42,False,False,ok,True
Sikkim,SK,State,North East,2021,DV,Domestic Violence,3,1.04,610577,287520,81.42,False,False,ok,True
Tamil Nadu,TN,State,South,2001,DV,Domestic Violence,815,2.26,72147030,36001223,80.09,False,False,ok,True
Tamil Nadu,TN,State,South,2002,DV,Domestic Violence,1052,2.92,72147030,36001223,80.09,False,False,ok,True
Tamil Nadu,TN,State,South,2003,DV,Domestic Violence,1555,4.32,72147030,36001223,80.09,False,False,ok,True
Tamil Nadu,TN,State,South,2004,DV,Domestic Violence,1437,3.99,72147030,36001223,80.09,False,False,ok,True
Tamil Nadu,TN,State,South,2005,DV,Domestic Violence,1650,4.58,72147030,36001223,80.09,False,False,ok,True
Tamil Nadu,TN,State,South,2006,DV,Domestic Violence,1248,3.47,72147030,36001223,80.09,False,False,ok,True
Tamil Nadu,TN,State,South,2007,DV,Domestic Violence,1976,5.49,72147030,36001223,80.09,False,False,ok,True
Tamil Nadu,TN,State,South,2008,DV,Domestic Violence,1648,4.58,72147030,36001223,80.09,False,False,ok,True
Tamil Nadu,TN,State,South,2009,DV,Domestic Violence,1460,4.06,72147030,36001223,80.09,False,False,ok,True
Tamil Nadu,TN,State,South,2010,DV,Domestic Violence,1570,4.36,72147030,36001223,80.09,False,False,ok,True
Tamil Nadu,TN,State,South,2011,DV,Domestic Violence,1812,5.03,72147030,36001223,80.09,False,False,ok,True
Tamil Nadu,TN,State,South,2012,DV,Domestic Violence,1965,5.46,72147030,36001223,80.09,False,False,ok,True
Tamil Nadu,TN,State,South,2013,DV,Domestic Violence,2471,6.86,72147030,36001223,80.09,False,False,ok,True
Tamil Nadu,TN,State,South,2014,DV,Domestic Violence,2103,5.84,72147030,36001223,80.09,False,False,ok,True
Tamil Nadu,TN,State,South,2015,DV,Domestic Violence,1900,5.28,72147030,36001223,80.09,False,False,ok,True
Tamil Nadu,TN,State,South,2016,DV,Domestic Violence,1256,3.49,72147030,36001223,80.09,False,False,ok,True
Tamil Nadu,TN,State,South,2017,DV,Domestic Violence,984,2.73,72147030,36001223,80.09,False,False,ok,True
Tamil Nadu,TN,State,South,2018,DV,Domestic Violence,789,2.19,72147030,36001223,80.09,False,False,ok,True
Tamil Nadu,TN,State,South,2019,DV,Domestic Violence,781,2.17,72147030,36001223,80.09,False,False,ok,True
Tamil Nadu,TN,State,South,2020,DV,Domestic Violence,689,1.91,72147030,36001223,80.09,False,False,ok,True
Tamil Nadu,TN,State,South,2021,DV,Domestic Violence,875,2.43,72147030,36001223,80.09,False,False,ok,True
Telangana,TG,State,South,2011,DV,Domestic Violence,0,0.0,35193978,17490770,66.54,True,False,entity_not_formed,False
Telangana,TG,State,South,2012,DV,Domestic Violence,0,0.0,35193978,17490770,66.54,True,False,entity_not_formed,False
Telangana,TG,State,South,2013,DV,Domestic Violence,0,0.0,35193978,17490770,66.54,True,False,entity_not_formed,False
Telangana,TG,State,South,2014,DV,Domestic Violence,6369,36.41,35193978,17490770,66.54,False,False,ok,True
Telangana,TG,State,South,2015,DV,Domestic Violence,7329,41.9,35193978,17490770,66.54,False,False,ok,True
Telangana,TG,State,South,2016,DV,Domestic Violence,7202,41.18,35193978,17490770,66.54,False,False,ok,True
Telangana,TG,State,South,2017,DV,Domestic Violence,7838,44.81,35193978,17490770,66.54,False,False,ok,True
Telangana,TG,State,South,2018,DV,Domestic Violence,6286,35.94,35193978,17490770,66.54,False,False,ok,True
Telangana,TG,State,South,2019,DV,Domestic Violence,8541,48.83,35193978,17490770,66.54,False,False,ok,True
Telangana,TG,State,South,2020,DV,Domestic Violence,7453,42.61,35193978,17490770,66.54,False,False,ok,True
Telangana,TG,State,South,2021,DV,Domestic Violence,9468,54.13,35193978,17490770,66.54,False,False,ok,True
Tripura,TR,State,North East,2001,DV,Domestic Violence,227,12.61,3673917,1799470,87.22,False,False,ok,True
Tripura,TR,State,North East,2002,DV,Domestic Violence,236,13.11,3673917,1799470,87.22,False,False,ok,True
Tripura,TR,State,North East,2003,DV,Domestic Violence,247,13.73,3673917,1799470,87.22,False,False,ok,True
Tripura,TR,State,North East,2004,DV,Domestic Violence,302,16.78,3673917,1799470,87.22,False,False,ok,True
Tripura,TR,State,North East,2005,DV,Domestic Violence,439,24.4,3673917,1799470,87.22,False,False,ok,True
Tripura,TR,State,North East,2006,DV,Domestic Violence,471,26.17,3673917,1799470,87.22,False,False,ok,True
Tripura,TR,State,North East,2007,DV,Domestic Violence,545,30.29,3673917,1799470,87.22,False,False,ok,True
Tripura,TR,State,North East,2008,DV,Domestic Violence,735,40.85,3673917,1799470,87.22,False,False,ok,True
Tripura,TR,State,North East,2009,DV,Domestic Violence,815,45.29,3673917,1799470,87.22,False,False,ok,True
Tripura,TR,State,North East,2010,DV,Domestic Violence,937,52.07,3673917,1799470,87.22,False,False,ok,True
Tripura,TR,State,North East,2011,DV,Domestic Violence,702,39.01,3673917,1799470,87.22,False,False,ok,True
Tripura,TR,State,North East,2012,DV,Domestic Violence,858,47.68,3673917,1799470,87.22,False,False,ok,True
Tripura,TR,State,North East,2013,DV,Domestic Violence,827,45.96,3673917,1799470,87.22,False,False,ok,True
Tripura,TR,State,North East,2014,DV,Domestic Violence,702,39.01,3673917,1799470,87.22,False,False,ok,True
Tripura,TR,State,North East,2015,DV,Domestic Violence,501,27.84,3673917,1799470,87.22,False,False,ok,True
Tripura,TR,State,North East,2016,DV,Domestic Violence,430,23.9,3673917,1799470,87.22,False,False,ok,True
Tripura,TR,State,North East,2017,DV,Domestic Violence,348,19.34,3673917,1799470,87.22,False,False,ok,True
Tripura,TR,State,North East,2018,DV,Domestic Violence,303,16.84,3673917,1799470,87.22,False,False,ok,True
Tripura,TR,State,North East,2019,DV,Domestic Violence,451,25.06,3673917,1799470,87.22,False,False,ok,True
Tripura,TR,State,North East,2020,DV,Domestic Violence,356,19.78,3673917,1799470,87.22,False,False,ok,True
Tripura,TR,State,North East,2021,DV,Domestic Violence,355,19.73,3673917,1799470,87.22,False,False,ok,True
Uttar Pradesh,UP,State,Central,2001,DV,Domestic Violence,7365,7.73,199812341,95307979,67.68,False,False,ok,True
Uttar Pradesh,UP,State,Central,2002,DV,Domestic Violence,5679,5.96,199812341,95307979,67.68,False,False,ok,True
Uttar Pradesh,UP,State,Central,2003,DV,Domestic Violence,2626,2.76,199812341,95307979,67.68,False,False,ok,True
Uttar Pradesh,UP,State,Central,2004,DV,Domestic Violence,4950,5.19,199812341,95307979,67.68,False,False,ok,True
Uttar Pradesh,UP,State,Central,2005,DV,Domestic Violence,4505,4.73,199812341,95307979,67.68,False,False,ok,True
Uttar Pradesh,UP,State,Central,2006,DV,Domestic Violence,5204,5.46,199812341,95307979,67.68,False,False,ok,True
Uttar Pradesh,UP,State,Central,2007,DV,Domestic Violence,7650,8.03,199812341,95307979,67.68,False,False,ok,True
Uttar Pradesh,UP,State,Central,2008,DV,Domestic Violence,8312,8.72,199812341,95307979,67.68,False,False,ok,True
Uttar Pradesh,UP,State,Central,2009,DV,Domestic Violence,8566,8.99,199812341,95307979,67.68,False,False,ok,True
Uttar Pradesh,UP,State,Central,2010,DV,Domestic Violence,7978,8.37,199812341,95307979,67.68,False,False,ok,True
Uttar Pradesh,UP,State,Central,2011,DV,Domestic Violence,7121,7.47,199812341,95307979,67.68,False,False,ok,True
Uttar Pradesh,UP,State,Central,2012,DV,Domestic Violence,7661,8.04,199812341,95307979,67.68,False,False,ok,True
Uttar Pradesh,UP,State,Central,2013,DV,Domestic Violence,8781,9.21,199812341,95307979,67.68,False,False,ok,True
Uttar Pradesh,UP,State,Central,2014,DV,Domestic Violence,10471,10.99,199812341,95307979,67.68,False,False,ok,True
Uttar Pradesh,UP,State,Central,2015,DV,Domestic Violence,8660,9.09,199812341,95307979,67.68,False,False,ok,True
Uttar Pradesh,UP,State,Central,2016,DV,Domestic Violence,11156,11.71,199812341,95307979,67.68,False,False,ok,True
Uttar Pradesh,UP,State,Central,2017,DV,Domestic Violence,12653,13.28,199812341,95307979,67.68,False,False,ok,True
Uttar Pradesh,UP,State,Central,2018,DV,Domestic Violence,14233,14.93,199812341,95307979,67.68,False,False,ok,True
Uttar Pradesh,UP,State,Central,2019,DV,Domestic Violence,18304,19.21,199812341,95307979,67.68,False,False,ok,True
Uttar Pradesh,UP,State,Central,2020,DV,Domestic Violence,14454,15.17,199812341,95307979,67.68,False,False,ok,True
Uttar Pradesh,UP,State,Central,2021,DV,Domestic Violence,18375,19.28,199812341,95307979,67.68,False,False,ok,True
Uttarakhand,UK,State,North,2001,DV,Domestic Violence,301,6.08,10086292,4948089,78.82,False,False,ok,True
Uttarakhand,UK,State,North,2002,DV,Domestic Violence,316,6.39,10086292,4948089,78.82,False,False,ok,True
Uttarakhand,UK,State,North,2003,DV,Domestic Violence,317,6.41,10086292,4948089,78.82,False,False,ok,True
Uttarakhand,UK,State,North,2004,DV,Domestic Violence,405,8.18,10086292,4948089,78.82,False,False,ok,True
Uttarakhand,UK,State,North,2005,DV,Domestic Violence,272,5.5,10086292,4948089,78.82,False,False,ok,True
Uttarakhand,UK,State,North,2006,DV,Domestic Violence,358,7.24,10086292,4948089,78.82,False,False,ok,True
Uttarakhand,UK,State,North,2007,DV,Domestic Violence,463,9.36,10086292,4948089,78.82,False,False,ok,True
Uttarakhand,UK,State,North,2008,DV,Domestic Violence,340,6.87,10086292,4948089,78.82,False,False,ok,True
Uttarakhand,UK,State,North,2009,DV,Domestic Violence,361,7.3,10086292,4948089,78.82,False,False,ok,True
Uttarakhand,UK,State,North,2010,DV,Domestic Violence,334,6.75,10086292,4948089,78.82,False,False,ok,True
Uttarakhand,UK,State,North,2011,DV,Domestic Violence,307,6.2,10086292,4948089,78.82,False,False,ok,True
Uttarakhand,UK,State,North,2012,DV,Domestic Violence,368,7.44,10086292,4948089,78.82,False,False,ok,True
Uttarakhand,UK,State,North,2013,DV,Domestic Violence,435,8.79,10086292,4948089,78.82,False,False,ok,True
Uttarakhand,UK,State,North,2014,DV,Domestic Violence,301,6.08,10086292,4948089,78.82,False,False,ok,True
Uttarakhand,UK,State,North,2015,DV,Domestic Violence,407,8.23,10086292,4948089,78.82,False,False,ok,True
Uttarakhand,UK,State,North,2016,DV,Domestic Violence,392,7.92,10086292,4948089,78.82,False,False,ok,True
Uttarakhand,UK,State,North,2017,DV,Domestic Violence,394,7.96,10086292,4948089,78.82,False,False,ok,True
Uttarakhand,UK,State,North,2018,DV,Domestic Violence,622,12.57,10086292,4948089,78.82,False,False,ok,True
Uttarakhand,UK,State,North,2019,DV,Domestic Violence,644,13.02,10086292,4948089,78.82,False,False,ok,True
Uttarakhand,UK,State,North,2020,DV,Domestic Violence,668,13.5,10086292,4948089,78.82,False,False,ok,True
Uttarakhand,UK,State,North,2021,DV,Domestic Violence,519,10.49,10086292,4948089,78.82,False,False,ok,True
West Bengal,WB,State,East,2001,DV,Domestic Violence,3859,8.68,91276115,44467851,76.26,False,False,ok,True
West Bengal,WB,State,East,2002,DV,Domestic Violence,4069,9.15,91276115,44467851,76.26,False,False,ok,True
West Bengal,WB,State,East,2003,DV,Domestic Violence,4948,11.13,91276115,44467851,76.26,False,False,ok,True
West Bengal,WB,State,East,2004,DV,Domestic Violence,6334,14.24,91276115,44467851,76.26,False,False,ok,True
West Bengal,WB,State,East,2005,DV,Domestic Violence,6936,15.6,91276115,44467851,76.26,False,False,ok,True
West Bengal,WB,State,East,2006,DV,Domestic Violence,7414,16.67,91276115,44467851,76.26,False,False,ok,True
West Bengal,WB,State,East,2007,DV,Domestic Violence,9900,22.26,91276115,44467851,76.26,False,False,ok,True
West Bengal,WB,State,East,2008,DV,Domestic Violence,13663,30.73,91276115,44467851,76.26,False,False,ok,True
West Bengal,WB,State,East,2009,DV,Domestic Violence,16112,36.23,91276115,44467851,76.26,False,False,ok,True
West Bengal,WB,State,East,2010,DV,Domestic Violence,17796,40.02,91276115,44467851,76.26,False,False,ok,True
West Bengal,WB,State,East,2011,DV,Domestic Violence,19772,44.46,91276115,44467851,76.26,False,False,ok,True
West Bengal,WB,State,East,2012,DV,Domestic Violence,19865,44.67,91276115,44467851,76.26,False,False,ok,True
West Bengal,WB,State,East,2013,DV,Domestic Violence,18116,40.74,91276115,44467851,76.26,False,False,ok,True
West Bengal,WB,State,East,2014,DV,Domestic Violence,23278,52.35,91276115,44467851,76.26,False,False,ok,True
West Bengal,WB,State,East,2015,DV,Domestic Violence,20163,45.34,91276115,44467851,76.26,False,False,ok,True
West Bengal,WB,State,East,2016,DV,Domestic Violence,19302,43.41,91276115,44467851,76.26,False,False,ok,True
West Bengal,WB,State,East,2017,DV,Domestic Violence,16800,37.78,91276115,44467851,76.26,False,False,ok,True
West Bengal,WB,State,East,2018,DV,Domestic Violence,16951,38.12,91276115,44467851,76.26,False,False,ok,True
West Bengal,WB,State,East,2019,DV,Domestic Violence,16951,38.12,91276115,44467851,76.26,False,False,ok,True
West Bengal,WB,State,East,2020,DV,Domestic Violence,19962,44.89,91276115,44467851,76.26,False,False,ok,True
West Bengal,WB,State,East,2021,DV,Domestic Violence,19952,44.87,91276115,44467851,76.26,False,False,ok,True
A & N Islands,AN,Union Territory,Islands,2001,AoW,Assault on Women,19,10.69,380581,177713,86.63,False,False,ok,True
A & N Islands,AN,Union Territory,Islands,2002,AoW,Assault on Women,17,9.57,380581,177713,86.63,False,False,ok,True
A & N Islands,AN,Union Territory,Islands,2003,AoW,Assault on Women,9,5.06,380581,177713,86.63,False,False,ok,True
A & N Islands,AN,Union Territory,Islands,2004,AoW,Assault on Women,6,3.38,380581,177713,86.63,False,False,ok,True
A & N Islands,AN,Union Territory,Islands,2005,AoW,Assault on Women,11,6.19,380581,177713,86.63,False,False,ok,True
A & N Islands,AN,Union Territory,Islands,2006,AoW,Assault on Women,14,7.88,380581,177713,86.63,False,False,ok,True
A & N Islands,AN,Union Territory,Islands,2007,AoW,Assault on Women,21,11.82,380581,177713,86.63,False,False,ok,True
A & N Islands,AN,Union Territory,Islands,2008,AoW,Assault on Women,24,13.5,380581,177713,86.63,False,False,ok,True
A & N Islands,AN,Union Territory,Islands,2009,AoW,Assault on Women,30,16.88,380581,177713,86.63,False,False,ok,True
A & N Islands,AN,Union Territory,Islands,2010,AoW,Assault on Women,31,17.44,380581,177713,86.63,False,False,ok,True
A & N Islands,AN,Union Territory,Islands,2011,AoW,Assault on Women,0,0.0,380581,177713,86.63,False,True,source_gap,False
A & N Islands,AN,Union Territory,Islands,2012,AoW,Assault on Women,10,5.63,380581,177713,86.63,False,False,ok,True
A & N Islands,AN,Union Territory,Islands,2013,AoW,Assault on Women,45,25.32,380581,177713,86.63,False,False,ok,True
A & N Islands,AN,Union Territory,Islands,2014,AoW,Assault on Women,41,23.07,380581,177713,86.63,False,False,ok,True
A & N Islands,AN,Union Territory,Islands,2015,AoW,Assault on Women,57,32.07,380581,177713,86.63,False,False,ok,True
A & N Islands,AN,Union Territory,Islands,2016,AoW,Assault on Women,46,25.88,380581,177713,86.63,False,False,ok,True
A & N Islands,AN,Union Territory,Islands,2017,AoW,Assault on Women,38,21.38,380581,177713,86.63,False,False,ok,True
A & N Islands,AN,Union Territory,Islands,2018,AoW,Assault on Women,35,19.69,380581,177713,86.63,False,False,ok,True
A & N Islands,AN,Union Territory,Islands,2019,AoW,Assault on Women,25,14.07,380581,177713,86.63,False,False,ok,True
A & N Islands,AN,Union Territory,Islands,2020,AoW,Assault on Women,15,8.44,380581,177713,86.63,False,False,ok,True
A & N Islands,AN,Union Territory,Islands,2021,AoW,Assault on Women,32,18.01,380581,177713,86.63,False,False,ok,True
Andhra Pradesh,AP,State,South,2001,AoW,Assault on Women,3544,14.4,49386799,24606669,67.02,False,False,ok,True
Andhra Pradesh,AP,State,South,2002,AoW,Assault on Women,3799,15.44,49386799,24606669,67.02,False,False,ok,True
Andhra Pradesh,AP,State,South,2003,AoW,Assault on Women,4128,16.78,49386799,24606669,67.02,False,False,ok,True
Andhra Pradesh,AP,State,South,2004,AoW,Assault on Women,3817,15.51,49386799,24606669,67.02,False,False,ok,True
Andhra Pradesh,AP,State,South,2005,AoW,Assault on Women,3595,14.61,49386799,24606669,67.02,False,False,ok,True
Andhra Pradesh,AP,State,South,2006,AoW,Assault on Women,4534,18.43,49386799,24606669,67.02,False,False,ok,True
Andhra Pradesh,AP,State,South,2007,AoW,Assault on Women,4406,17.91,49386799,24606669,67.02,False,False,ok,True
Andhra Pradesh,AP,State,South,2008,AoW,Assault on Women,4730,19.22,49386799,24606669,67.02,False,False,ok,True
Andhra Pradesh,AP,State,South,2009,AoW,Assault on Women,5147,20.92,49386799,24606669,67.02,False,False,ok,True
Andhra Pradesh,AP,State,South,2010,AoW,Assault on Women,4634,18.83,49386799,24606669,67.02,False,False,ok,True
Andhra Pradesh,AP,State,South,2011,AoW,Assault on Women,0,0.0,49386799,24606669,67.02,False,True,source_gap,False
Andhra Pradesh,AP,State,South,2012,AoW,Assault on Women,4816,19.57,49386799,24606669,67.02,False,False,ok,True
Andhra Pradesh,AP,State,South,2013,AoW,Assault on Women,6930,28.16,49386799,24606669,67.02,False,False,ok,True
Andhra Pradesh,AP,State,South,2014,AoW,Assault on Women,4547,18.48,49386799,24606669,67.02,False,False,ok,True
Andhra Pradesh,AP,State,South,2015,AoW,Assault on Women,4616,18.76,49386799,24606669,67.02,False,False,ok,True
Andhra Pradesh,AP,State,South,2016,AoW,Assault on Women,4829,19.62,49386799,24606669,67.02,False,False,ok,True
Andhra Pradesh,AP,State,South,2017,AoW,Assault on Women,5129,20.84,49386799,24606669,67.02,False,False,ok,True
Andhra Pradesh,AP,State,South,2018,AoW,Assault on Women,4445,18.06,49386799,24606669,67.02,False,False,ok,True
Andhra Pradesh,AP,State,South,2019,AoW,Assault on Women,4444,18.06,49386799,24606669,67.02,False,False,ok,True
Andhra Pradesh,AP,State,South,2020,AoW,Assault on Women,4886,19.86,49386799,24606669,67.02,False,False,ok,True
Andhra Pradesh,AP,State,South,2021,AoW,Assault on Women,5108,20.76,49386799,24606669,67.02,False,False,ok,True
Arunachal Pradesh,AR,State,North East,2001,AoW,Assault on Women,78,11.65,1383727,669730,65.38,False,False,ok,True
Arunachal Pradesh,AR,State,North East,2002,AoW,Assault on Women,68,10.15,1383727,669730,65.38,False,False,ok,True
Arunachal Pradesh,AR,State,North East,2003,AoW,Assault on Women,43,6.42,1383727,669730,65.38,False,False,ok,True
Arunachal Pradesh,AR,State,North East,2004,AoW,Assault on Women,61,9.11,1383727,669730,65.38,False,False,ok,True
Arunachal Pradesh,AR,State,North East,2005,AoW,Assault on Women,67,10.0,1383727,669730,65.38,False,False,ok,True
Arunachal Pradesh,AR,State,North East,2006,AoW,Assault on Women,63,9.41,1383727,669730,65.38,False,False,ok,True
Arunachal Pradesh,AR,State,North East,2007,AoW,Assault on Women,72,10.75,1383727,669730,65.38,False,False,ok,True
Arunachal Pradesh,AR,State,North East,2008,AoW,Assault on Women,72,10.75,1383727,669730,65.38,False,False,ok,True
Arunachal Pradesh,AR,State,North East,2009,AoW,Assault on Women,58,8.66,1383727,669730,65.38,False,False,ok,True
Arunachal Pradesh,AR,State,North East,2010,AoW,Assault on Women,84,12.54,1383727,669730,65.38,False,False,ok,True
Arunachal Pradesh,AR,State,North East,2011,AoW,Assault on Women,0,0.0,1383727,669730,65.38,False,True,source_gap,False
Arunachal Pradesh,AR,State,North East,2012,AoW,Assault on Women,67,10.0,1383727,669730,65.38,False,False,ok,True
Arunachal Pradesh,AR,State,North East,2013,AoW,Assault on Women,93,13.89,1383727,669730,65.38,False,False,ok,True
Arunachal Pradesh,AR,State,North East,2014,AoW,Assault on Women,121,18.07,1383727,669730,65.38,False,False,ok,True
Arunachal Pradesh,AR,State,North East,2015,AoW,Assault on Women,101,15.08,1383727,669730,65.38,False,False,ok,True
Arunachal Pradesh,AR,State,North East,2016,AoW,Assault on Women,109,16.28,1383727,669730,65.38,False,False,ok,True
Arunachal Pradesh,AR,State,North East,2017,AoW,Assault on Women,97,14.48,1383727,669730,65.38,False,False,ok,True
Arunachal Pradesh,AR,State,North East,2018,AoW,Assault on Women,103,15.38,1383727,669730,65.38,False,False,ok,True
Arunachal Pradesh,AR,State,North East,2019,AoW,Assault on Women,80,11.95,1383727,669730,65.38,False,False,ok,True
Arunachal Pradesh,AR,State,North East,2020,AoW,Assault on Women,73,10.9,1383727,669730,65.38,False,False,ok,True
Arunachal Pradesh,AR,State,North East,2021,AoW,Assault on Women,74,11.05,1383727,669730,65.38,False,False,ok,True
Assam,AS,State,North East,2001,AoW,Assault on Women,850,5.57,31205576,15268101,72.19,False,False,ok,True
Assam,AS,State,North East,2002,AoW,Assault on Women,984,6.44,31205576,15268101,72.19,False,False,ok,True
Assam,AS,State,North East,2003,AoW,Assault on Women,878,5.75,31205576,15268101,72.19,False,False,ok,True
Assam,AS,State,North East,2004,AoW,Assault on Women,883,5.78,31205576,15268101,72.19,False,False,ok,True
Assam,AS,State,North East,2005,AoW,Assault on Women,899,5.89,31205576,15268101,72.19,False,False,ok,True
Assam,AS,State,North East,2006,AoW,Assault on Women,1290,8.45,31205576,15268101,72.19,False,False,ok,True
Assam,AS,State,North East,2007,AoW,Assault on Women,789,5.17,31205576,15268101,72.19,False,False,ok,True
Assam,AS,State,North East,2008,AoW,Assault on Women,1272,8.33,31205576,15268101,72.19,False,False,ok,True
Assam,AS,State,North East,2009,AoW,Assault on Women,1342,8.79,31205576,15268101,72.19,False,False,ok,True
Assam,AS,State,North East,2010,AoW,Assault on Women,1400,9.17,31205576,15268101,72.19,False,False,ok,True
Assam,AS,State,North East,2011,AoW,Assault on Women,0,0.0,31205576,15268101,72.19,False,True,source_gap,False
Assam,AS,State,North East,2012,AoW,Assault on Women,1840,12.05,31205576,15268101,72.19,False,False,ok,True
Assam,AS,State,North East,2013,AoW,Assault on Women,2409,15.78,31205576,15268101,72.19,False,False,ok,True
Assam,AS,State,North East,2014,AoW,Assault on Women,3099,20.3,31205576,15268101,72.19,False,False,ok,True
Assam,AS,State,North East,2015,AoW,Assault on Women,4293,28.12,31205576,15268101,72.19,False,False,ok,True
Assam,AS,State,North East,2016,AoW,Assault on Women,3378,22.12,31205576,15268101,72.19,False,False,ok,True
Assam,AS,State,North East,2017,AoW,Assault on Women,3569,23.38,31205576,15268101,72.19,False,False,ok,True
Assam,AS,State,North East,2018,AoW,Assault on Women,4180,27.38,31205576,15268101,72.19,False,False,ok,True
Assam,AS,State,North East,2019,AoW,Assault on Women,4619,30.25,31205576,15268101,72.19,False,False,ok,True
Assam,AS,State,North East,2020,AoW,Assault on Women,4642,30.4,31205576,15268101,72.19,False,False,ok,True
Assam,AS,State,North East,2021,AoW,Assault on Women,4499,29.47,31205576,15268101,72.19,False,False,ok,True
Bihar,BR,State,East,2001,AoW,Assault on Women,562,1.13,104099452,49824451,61.8,False,False,ok,True
Bihar,BR,State,East,2002,AoW,Assault on Women,621,1.25,104099452,49824451,61.8,False,False,ok,True
Bihar,BR,State,East,2003,AoW,Assault on Women,688,1.38,104099452,49824451,61.8,False,False,ok,True
Bihar,BR,State,East,2004,AoW,Assault on Women,704,1.41,104099452,49824451,61.8,False,False,ok,True
Bihar,BR,State,East,2005,AoW,Assault on Women,451,0.91,104099452,49824451,61.8,False,False,ok,True
Bihar,BR,State,East,2006,AoW,Assault on Women,530,1.06,104099452,49824451,61.8,False,False,ok,True
Bihar,BR,State,East,2007,AoW,Assault on Women,853,1.71,104099452,49824451,61.8,False,False,ok,True
Bihar,BR,State,East,2008,AoW,Assault on Women,999,2.01,104099452,49824451,61.8,False,False,ok,True
Bihar,BR,State,East,2009,AoW,Assault on Women,726,1.46,104099452,49824451,61.8,False,False,ok,True
Bihar,BR,State,East,2010,AoW,Assault on Women,534,1.07,104099452,49824451,61.8,False,False,ok,True
Bihar,BR,State,East,2011,AoW,Assault on Women,0,0.0,104099452,49824451,61.8,False,True,source_gap,False
Bihar,BR,State,East,2012,AoW,Assault on Women,118,0.24,104099452,49824451,61.8,False,False,ok,True
Bihar,BR,State,East,2013,AoW,Assault on Women,331,0.66,104099452,49824451,61.8,False,False,ok,True
Bihar,BR,State,East,2014,AoW,Assault on Women,572,1.15,104099452,49824451,61.8,False,False,ok,True
Bihar,BR,State,East,2015,AoW,Assault on Women,198,0.4,104099452,49824451,61.8,False,False,ok,True
Bihar,BR,State,East,2016,AoW,Assault on Women,324,0.65,104099452,49824451,61.8,False,False,ok,True
Bihar,BR,State,East,2017,AoW,Assault on Women,197,0.4,104099452,49824451,61.8,False,False,ok,True
Bihar,BR,State,East,2018,AoW,Assault on Women,262,0.53,104099452,49824451,61.8,False,False,ok,True
Bihar,BR,State,East,2019,AoW,Assault on Women,312,0.63,104099452,49824451,61.8,False,False,ok,True
Bihar,BR,State,East,2020,AoW,Assault on Women,584,1.17,104099452,49824451,61.8,False,False,ok,True
Bihar,BR,State,East,2021,AoW,Assault on Women,387,0.78,104099452,49824451,61.8,False,False,ok,True
Chandigarh,CH,Union Territory,North,2001,AoW,Assault on Women,24,5.05,1055450,474894,86.05,False,False,ok,True
Chandigarh,CH,Union Territory,North,2002,AoW,Assault on Women,36,7.58,1055450,474894,86.05,False,False,ok,True
Chandigarh,CH,Union Territory,North,2003,AoW,Assault on Women,11,2.32,1055450,474894,86.05,False,False,ok,True
Chandigarh,CH,Union Territory,North,2004,AoW,Assault on Women,20,4.21,1055450,474894,86.05,False,False,ok,True
Chandigarh,CH,Union Territory,North,2005,AoW,Assault on Women,31,6.53,1055450,474894,86.05,False,False,ok,True
Chandigarh,CH,Union Territory,North,2006,AoW,Assault on Women,20,4.21,1055450,474894,86.05,False,False,ok,True
Chandigarh,CH,Union Territory,North,2007,AoW,Assault on Women,32,6.74,1055450,474894,86.05,False,False,ok,True
Chandigarh,CH,Union Territory,North,2008,AoW,Assault on Women,19,4.0,1055450,474894,86.05,False,False,ok,True
Chandigarh,CH,Union Territory,North,2009,AoW,Assault on Women,26,5.47,1055450,474894,86.05,False,False,ok,True
Chandigarh,CH,Union Territory,North,2010,AoW,Assault on Women,29,6.11,1055450,474894,86.05,False,False,ok,True
Chandigarh,CH,Union Territory,North,2011,AoW,Assault on Women,0,0.0,1055450,474894,86.05,False,True,source_gap,False
Chandigarh,CH,Union Territory,North,2012,AoW,Assault on Women,45,9.48,1055450,474894,86.05,False,False,ok,True
Chandigarh,CH,Union Territory,North,2013,AoW,Assault on Women,143,30.11,1055450,474894,86.05,False,False,ok,True
Chandigarh,CH,Union Territory,North,2014,AoW,Assault on Women,87,18.32,1055450,474894,86.05,False,False,ok,True
Chandigarh,CH,Union Territory,North,2015,AoW,Assault on Women,76,16.0,1055450,474894,86.05,False,False,ok,True
Chandigarh,CH,Union Territory,North,2016,AoW,Assault on Women,76,16.0,1055450,474894,86.05,False,False,ok,True
Chandigarh,CH,Union Territory,North,2017,AoW,Assault on Women,100,21.06,1055450,474894,86.05,False,False,ok,True
Chandigarh,CH,Union Territory,North,2018,AoW,Assault on Women,100,21.06,1055450,474894,86.05,False,False,ok,True
Chandigarh,CH,Union Territory,North,2019,AoW,Assault on Women,66,13.9,1055450,474894,86.05,False,False,ok,True
Chandigarh,CH,Union Territory,North,2020,AoW,Assault on Women,42,8.84,1055450,474894,86.05,False,False,ok,True
Chandigarh,CH,Union Territory,North,2021,AoW,Assault on Women,37,7.79,1055450,474894,86.05,False,False,ok,True
Chhattisgarh,CG,State,Central,2001,AoW,Assault on Women,1763,13.87,25545198,12714862,70.28,False,False,ok,True
Chhattisgarh,CG,State,Central,2002,AoW,Assault on Women,1483,11.66,25545198,12714862,70.28,False,False,ok,True
Chhattisgarh,CG,State,Central,2003,AoW,Assault on Women,1481,11.65,25545198,12714862,70.28,False,False,ok,True
Chhattisgarh,CG,State,Central,2004,AoW,Assault on Women,1661,13.06,25545198,12714862,70.28,False,False,ok,True
Chhattisgarh,CG,State,Central,2005,AoW,Assault on Women,1450,11.4,25545198,12714862,70.28,False,False,ok,True
Chhattisgarh,CG,State,Central,2006,AoW,Assault on Women,1598,12.57,25545198,12714862,70.28,False,False,ok,True
Chhattisgarh,CG,State,Central,2007,AoW,Assault on Women,1549,12.18,25545198,12714862,70.28,False,False,ok,True
Chhattisgarh,CG,State,Central,2008,AoW,Assault on Women,1621,12.75,25545198,12714862,70.28,False,False,ok,True
Chhattisgarh,CG,State,Central,2009,AoW,Assault on Women,1598,12.57,25545198,12714862,70.28,False,False,ok,True
Chhattisgarh,CG,State,Central,2010,AoW,Assault on Women,1706,13.42,25545198,12714862,70.28,False,False,ok,True
Chhattisgarh,CG,State,Central,2011,AoW,Assault on Women,0,0.0,25545198,12714862,70.28,False,True,source_gap,False
Chhattisgarh,CG,State,Central,2012,AoW,Assault on Women,1601,12.59,25545198,12714862,70.28,False,False,ok,True
Chhattisgarh,CG,State,Central,2013,AoW,Assault on Women,2261,17.78,25545198,12714862,70.28,False,False,ok,True
Chhattisgarh,CG,State,Central,2014,AoW,Assault on Women,2122,16.69,25545198,12714862,70.28,False,False,ok,True
Chhattisgarh,CG,State,Central,2015,AoW,Assault on Women,1868,14.69,25545198,12714862,70.28,False,False,ok,True
Chhattisgarh,CG,State,Central,2016,AoW,Assault on Women,1770,13.92,25545198,12714862,70.28,False,False,ok,True
Chhattisgarh,CG,State,Central,2017,AoW,Assault on Women,1899,14.94,25545198,12714862,70.28,False,False,ok,True
Chhattisgarh,CG,State,Central,2018,AoW,Assault on Women,1854,14.58,25545198,12714862,70.28,False,False,ok,True
Chhattisgarh,CG,State,Central,2019,AoW,Assault on Women,1316,10.35,25545198,12714862,70.28,False,False,ok,True
Chhattisgarh,CG,State,Central,2020,AoW,Assault on Women,1461,11.49,25545198,12714862,70.28,False,False,ok,True
Chhattisgarh,CG,State,Central,2021,AoW,Assault on Women,1248,9.82,25545198,12714862,70.28,False,False,ok,True
D & N Haveli and Daman & Diu,DN,Union Territory,West,2001,AoW,Assault on Women,7,2.88,586956,242902,79.55,False,False,ok,True
D & N Haveli and Daman & Diu,DN,Union Territory,West,2002,AoW,Assault on Women,3,1.24,586956,242902,79.55,False,False,ok,True
D & N Haveli and Daman & Diu,DN,Union Territory,West,2003,AoW,Assault on Women,7,2.88,586956,242902,79.55,False,False,ok,True
D & N Haveli and Daman & Diu,DN,Union Territory,West,2004,AoW,Assault on Women,6,2.47,586956,242902,79.55,False,False,ok,True
D & N Haveli and Daman & Diu,DN,Union Territory,West,2005,AoW,Assault on Women,6,2.47,586956,242902,79.55,False,False,ok,True
D & N Haveli and Daman & Diu,DN,Union Territory,West,2006,AoW,Assault on Women,7,2.88,586956,242902,79.55,False,False,ok,True
D & N Haveli and Daman & Diu,DN,Union Territory,West,2007,AoW,Assault on Women,0,0.0,586956,242902,79.55,False,False,ok,True
D & N Haveli and Daman & Diu,DN,Union Territory,West,2008,AoW,Assault on Women,6,2.47,586956,242902,79.55,False,False,ok,True
D & N Haveli and Daman & Diu,DN,Union Territory,West,2009,AoW,Assault on Women,6,2.47,586956,242902,79.55,False,False,ok,True
D & N Haveli and Daman & Diu,DN,Union Territory,West,2010,AoW,Assault on Women,13,5.35,586956,242902,79.55,False,False,ok,True
D & N Haveli and Daman & Diu,DN,Union Territory,West,2011,AoW,Assault on Women,0,0.0,586956,242902,79.55,False,True,source_gap,False
D & N Haveli and Daman & Diu,DN,Union Territory,West,2012,AoW,Assault on Women,2,0.82,586956,242902,79.55,False,False,ok,True
D & N Haveli and Daman & Diu,DN,Union Territory,West,2013,AoW,Assault on Women,3,1.24,586956,242902,79.55,False,False,ok,True
D & N Haveli and Daman & Diu,DN,Union Territory,West,2014,AoW,Assault on Women,5,2.06,586956,242902,79.55,False,False,ok,True
D & N Haveli and Daman & Diu,DN,Union Territory,West,2015,AoW,Assault on Women,12,4.94,586956,242902,79.55,False,False,ok,True
D & N Haveli and Daman & Diu,DN,Union Territory,West,2016,AoW,Assault on Women,5,2.06,586956,242902,79.55,False,False,ok,True
D & N Haveli and Daman & Diu,DN,Union Territory,West,2017,AoW,Assault on Women,9,3.71,586956,242902,79.55,False,False,ok,True
D & N Haveli and Daman & Diu,DN,Union Territory,West,2018,AoW,Assault on Women,11,4.53,586956,242902,79.55,False,False,ok,True
D & N Haveli and Daman & Diu,DN,Union Territory,West,2019,AoW,Assault on Women,8,3.29,586956,242902,79.55,False,False,ok,True
D & N Haveli and Daman & Diu,DN,Union Territory,West,2020,AoW,Assault on Women,6,2.47,586956,242902,79.55,False,False,ok,True
D & N Haveli and Daman & Diu,DN,Union Territory,West,2021,AoW,Assault on Women,7,2.88,586956,242902,79.55,False,False,ok,True
Delhi UT,DL,Union Territory,North,2011,AoW,Assault on Women,0,0.0,16787941,7800821,86.21,False,True,source_gap,False
Delhi UT,DL,Union Territory,North,2012,AoW,Assault on Women,727,9.32,16787941,7800821,86.21,False,False,ok,True
Delhi UT,DL,Union Territory,North,2013,AoW,Assault on Women,3515,45.06,16787941,7800821,86.21,False,False,ok,True
Delhi UT,DL,Union Territory,North,2014,AoW,Assault on Women,4322,55.4,16787941,7800821,86.21,False,False,ok,True
Delhi UT,DL,Union Territory,North,2015,AoW,Assault on Women,5367,68.8,16787941,7800821,86.21,False,False,ok,True
Delhi UT,DL,Union Territory,North,2016,AoW,Assault on Women,4165,53.39,16787941,7800821,86.21,False,False,ok,True
Delhi UT,DL,Union Territory,North,2017,AoW,Assault on Women,2874,36.84,16787941,7800821,86.21,False,False,ok,True
Delhi UT,DL,Union Territory,North,2018,AoW,Assault on Women,2705,34.68,16787941,7800821,86.21,False,False,ok,True
Delhi UT,DL,Union Territory,North,2019,AoW,Assault on Women,2355,30.19,16787941,7800821,86.21,False,False,ok,True
Delhi UT,DL,Union Territory,North,2020,AoW,Assault on Women,1840,23.59,16787941,7800821,86.21,False,False,ok,True
Delhi UT,DL,Union Territory,North,2021,AoW,Assault on Women,2068,26.51,16787941,7800821,86.21,False,False,ok,True
Goa,GA,State,West,2001,AoW,Assault on Women,17,2.36,1458545,719293,88.7,False,False,ok,True
Goa,GA,State,West,2002,AoW,Assault on Women,18,2.5,1458545,719293,88.7,False,False,ok,True
Goa,GA,State,West,2003,AoW,Assault on Women,19,2.64,1458545,719293,88.7,False,False,ok,True
Goa,GA,State,West,2004,AoW,Assault on Women,23,3.2,1458545,719293,88.7,False,False,ok,True
Goa,GA,State,West,2005,AoW,Assault on Women,30,4.17,1458545,719293,88.7,False,False,ok,True
Goa,GA,State,West,2006,AoW,Assault on Women,18,2.5,1458545,719293,88.7,False,False,ok,True
Goa,GA,State,West,2007,AoW,Assault on Women,20,2.78,1458545,719293,88.7,False,False,ok,True
Goa,GA,State,West,2008,AoW,Assault on Women,32,4.45,1458545,719293,88.7,False,False,ok,True
Goa,GA,State,West,2009,AoW,Assault on Women,37,5.14,1458545,719293,88.7,False,False,ok,True
Goa,GA,State,West,2010,AoW,Assault on Women,36,5.0,1458545,719293,88.7,False,False,ok,True
Goa,GA,State,West,2011,AoW,Assault on Women,0,0.0,1458545,719293,88.7,False,True,source_gap,False
Goa,GA,State,West,2012,AoW,Assault on Women,49,6.81,1458545,719293,88.7,False,False,ok,True
Goa,GA,State,West,2013,AoW,Assault on Women,162,22.52,1458545,719293,88.7,False,False,ok,True
Goa,GA,State,West,2014,AoW,Assault on Women,202,28.08,1458545,719293,88.7,False,False,ok,True
Goa,GA,State,West,2015,AoW,Assault on Women,150,20.85,1458545,719293,88.7,False,False,ok,True
Goa,GA,State,West,2016,AoW,Assault on Women,143,19.88,1458545,719293,88.7,False,False,ok,True
Goa,GA,State,West,2017,AoW,Assault on Women,134,18.63,1458545,719293,88.7,False,False,ok,True
Goa,GA,State,West,2018,AoW,Assault on Women,125,17.38,1458545,719293,88.7,False,False,ok,True
Goa,GA,State,West,2019,AoW,Assault on Women,119,16.54,1458545,719293,88.7,False,False,ok,True
Goa,GA,State,West,2020,AoW,Assault on Women,67,9.31,1458545,719293,88.7,False,False,ok,True
Goa,GA,State,West,2021,AoW,Assault on Women,74,10.29,1458545,719293,88.7,False,False,ok,True
Gujarat,GJ,State,West,2001,AoW,Assault on Women,756,2.61,60439692,28944282,78.03,False,False,ok,True
Gujarat,GJ,State,West,2002,AoW,Assault on Women,750,2.59,60439692,28944282,78.03,False,False,ok,True
Gujarat,GJ,State,West,2003,AoW,Assault on Women,722,2.49,60439692,28944282,78.03,False,False,ok,True
Gujarat,GJ,State,West,2004,AoW,Assault on Women,757,2.62,60439692,28944282,78.03,False,False,ok,True
Gujarat,GJ,State,West,2005,AoW,Assault on Women,802,2.77,60439692,28944282,78.03,False,False,ok,True
Gujarat,GJ,State,West,2006,AoW,Assault on Women,736,2.54,60439692,28944282,78.03,False,False,ok,True
Gujarat,GJ,State,West,2007,AoW,Assault on Women,822,2.84,60439692,28944282,78.03,False,False,ok,True
Gujarat,GJ,State,West,2008,AoW,Assault on Women,828,2.86,60439692,28944282,78.03,False,False,ok,True
Gujarat,GJ,State,West,2009,AoW,Assault on Women,727,2.51,60439692,28944282,78.03,False,False,ok,True
Gujarat,GJ,State,West,2010,AoW,Assault on Women,668,2.31,60439692,28944282,78.03,False,False,ok,True
Gujarat,GJ,State,West,2011,AoW,Assault on Women,0,0.0,60439692,28944282,78.03,False,True,source_gap,False
Gujarat,GJ,State,West,2012,AoW,Assault on Women,745,2.57,60439692,28944282,78.03,False,False,ok,True
Gujarat,GJ,State,West,2013,AoW,Assault on Women,1243,4.29,60439692,28944282,78.03,False,False,ok,True
Gujarat,GJ,State,West,2014,AoW,Assault on Women,1352,4.67,60439692,28944282,78.03,False,False,ok,True
Gujarat,GJ,State,West,2015,AoW,Assault on Women,1164,4.02,60439692,28944282,78.03,False,False,ok,True
Gujarat,GJ,State,West,2016,AoW,Assault on Women,1224,4.23,60439692,28944282,78.03,False,False,ok,True
Gujarat,GJ,State,West,2017,AoW,Assault on Women,1058,3.66,60439692,28944282,78.03,False,False,ok,True
Gujarat,GJ,State,West,2018,AoW,Assault on Women,1208,4.17,60439692,28944282,78.03,False,False,ok,True
Gujarat,GJ,State,West,2019,AoW,Assault on Women,1048,3.62,60439692,28944282,78.03,False,False,ok,True
Gujarat,GJ,State,West,2020,AoW,Assault on Women,846,2.92,60439692,28944282,78.03,False,False,ok,True
Gujarat,GJ,State,West,2021,AoW,Assault on Women,660,2.28,60439692,28944282,78.03,False,False,ok,True
Haryana,HR,State,North,2001,AoW,Assault on Women,478,4.03,25351462,11859465,75.55,False,False,ok,True
Haryana,HR,State,North,2002,AoW,Assault on Women,454,3.83,25351462,11859465,75.55,False,False,ok,True
Haryana,HR,State,North,2003,AoW,Assault on Women,344,2.9,25351462,11859465,75.55,False,False,ok,True
Haryana,HR,State,North,2004,AoW,Assault on Women,403,3.4,25351462,11859465,75.55,False,False,ok,True
Haryana,HR,State,North,2005,AoW,Assault on Women,380,3.2,25351462,11859465,75.55,False,False,ok,True
Haryana,HR,State,North,2006,AoW,Assault on Women,486,4.1,25351462,11859465,75.55,False,False,ok,True
Haryana,HR,State,North,2007,AoW,Assault on Women,417,3.52,25351462,11859465,75.55,False,False,ok,True
Haryana,HR,State,North,2008,AoW,Assault on Women,435,3.67,25351462,11859465,75.55,False,False,ok,True
Haryana,HR,State,North,2009,AoW,Assault on Women,451,3.8,25351462,11859465,75.55,False,False,ok,True
Haryana,HR,State,North,2010,AoW,Assault on Women,476,4.01,25351462,11859465,75.55,False,False,ok,True
Haryana,HR,State,North,2011,AoW,Assault on Women,0,0.0,25351462,11859465,75.55,False,True,source_gap,False
Haryana,HR,State,North,2012,AoW,Assault on Women,525,4.43,25351462,11859465,75.55,False,False,ok,True
Haryana,HR,State,North,2013,AoW,Assault on Women,1560,13.15,25351462,11859465,75.55,False,False,ok,True
Haryana,HR,State,North,2014,AoW,Assault on Women,1688,14.23,25351462,11859465,75.55,False,False,ok,True
Haryana,HR,State,North,2015,AoW,Assault on Women,1886,15.9,25351462,11859465,75.55,False,False,ok,True
Haryana,HR,State,North,2016,AoW,Assault on Women,1860,15.68,25351462,11859465,75.55,False,False,ok,True
Haryana,HR,State,North,2017,AoW,Assault on Women,2031,17.13,25351462,11859465,75.55,False,False,ok,True
Haryana,HR,State,North,2018,AoW,Assault on Women,2671,22.52,25351462,11859465,75.55,False,False,ok,True
Haryana,HR,State,North,2019,AoW,Assault on Women,2581,21.76,25351462,11859465,75.55,False,False,ok,True
Haryana,HR,State,North,2020,AoW,Assault on Women,2339,19.72,25351462,11859465,75.55,False,False,ok,True
Haryana,HR,State,North,2021,AoW,Assault on Women,2882,24.3,25351462,11859465,75.55,False,False,ok,True
Himachal Pradesh,HP,State,North,2001,AoW,Assault on Women,310,9.16,6864602,3383567,82.8,False,False,ok,True
Himachal Pradesh,HP,State,North,2002,AoW,Assault on Women,326,9.63,6864602,3383567,82.8,False,False,ok,True
Himachal Pradesh,HP,State,North,2003,AoW,Assault on Women,250,7.39,6864602,3383567,82.8,False,False,ok,True
Himachal Pradesh,HP,State,North,2004,AoW,Assault on Women,284,8.39,6864602,3383567,82.8,False,False,ok,True
Himachal Pradesh,HP,State,North,2005,AoW,Assault on Women,286,8.45,6864602,3383567,82.8,False,False,ok,True
Himachal Pradesh,HP,State,North,2006,AoW,Assault on Women,275,8.13,6864602,3383567,82.8,False,False,ok,True
Himachal Pradesh,HP,State,North,2007,AoW,Assault on Women,322,9.52,6864602,3383567,82.8,False,False,ok,True
Himachal Pradesh,HP,State,North,2008,AoW,Assault on Women,295,8.72,6864602,3383567,82.8,False,False,ok,True
Himachal Pradesh,HP,State,North,2009,AoW,Assault on Women,318,9.4,6864602,3383567,82.8,False,False,ok,True
Himachal Pradesh,HP,State,North,2010,AoW,Assault on Women,350,10.34,6864602,3383567,82.8,False,False,ok,True
Himachal Pradesh,HP,State,North,2011,AoW,Assault on Women,0,0.0,6864602,3383567,82.8,False,True,source_gap,False
Himachal Pradesh,HP,State,North,2012,AoW,Assault on Women,250,7.39,6864602,3383567,82.8,False,False,ok,True
Himachal Pradesh,HP,State,North,2013,AoW,Assault on Women,493,14.57,6864602,3383567,82.8,False,False,ok,True
Himachal Pradesh,HP,State,North,2014,AoW,Assault on Women,538,15.9,6864602,3383567,82.8,False,False,ok,True
Himachal Pradesh,HP,State,North,2015,AoW,Assault on Women,434,12.83,6864602,3383567,82.8,False,False,ok,True
Himachal Pradesh,HP,State,North,2016,AoW,Assault on Women,410,12.12,6864602,3383567,82.8,False,False,ok,True
Himachal Pradesh,HP,State,North,2017,AoW,Assault on Women,397,11.73,6864602,3383567,82.8,False,False,ok,True
Himachal Pradesh,HP,State,North,2018,AoW,Assault on Women,513,15.16,6864602,3383567,82.8,False,False,ok,True
Himachal Pradesh,HP,State,North,2019,AoW,Assault on Women,498,14.72,6864602,3383567,82.8,False,False,ok,True
Himachal Pradesh,HP,State,North,2020,AoW,Assault on Women,538,15.9,6864602,3383567,82.8,False,False,ok,True
Himachal Pradesh,HP,State,North,2021,AoW,Assault on Women,487,14.39,6864602,3383567,82.8,False,False,ok,True
Jammu & Kashmir,JK,Union Territory,North,2001,AoW,Assault on Women,622,10.75,12267013,5783391,67.16,False,False,ok,True
Jammu & Kashmir,JK,Union Territory,North,2002,AoW,Assault on Women,785,13.57,12267013,5783391,67.16,False,False,ok,True
Jammu & Kashmir,JK,Union Territory,North,2003,AoW,Assault on Women,875,15.13,12267013,5783391,67.16,False,False,ok,True
Jammu & Kashmir,JK,Union Territory,North,2004,AoW,Assault on Women,990,17.12,12267013,5783391,67.16,False,False,ok,True
Jammu & Kashmir,JK,Union Territory,North,2005,AoW,Assault on Women,830,14.35,12267013,5783391,67.16,False,False,ok,True
Jammu & Kashmir,JK,Union Territory,North,2006,AoW,Assault on Women,960,16.6,12267013,5783391,67.16,False,False,ok,True
Jammu & Kashmir,JK,Union Territory,North,2007,AoW,Assault on Women,986,17.05,12267013,5783391,67.16,False,False,ok,True
Jammu & Kashmir,JK,Union Territory,North,2008,AoW,Assault on Women,935,16.17,12267013,5783391,67.16,False,False,ok,True
Jammu & Kashmir,JK,Union Territory,North,2009,AoW,Assault on Women,972,16.81,12267013,5783391,67.16,False,False,ok,True
Jammu & Kashmir,JK,Union Territory,North,2010,AoW,Assault on Women,1038,17.95,12267013,5783391,67.16,False,False,ok,True
Jammu & Kashmir,JK,Union Territory,North,2011,AoW,Assault on Women,0,0.0,12267013,5783391,67.16,False,True,source_gap,False
Jammu & Kashmir,JK,Union Territory,North,2012,AoW,Assault on Women,1322,22.86,12267013,5783391,67.16,False,False,ok,True
Jammu & Kashmir,JK,Union Territory,North,2013,AoW,Assault on Women,1389,24.02,12267013,5783391,67.16,False,False,ok,True
Jammu & Kashmir,JK,Union Territory,North,2014,AoW,Assault on Women,1421,24.57,12267013,5783391,67.16,False,False,ok,True
Jammu & Kashmir,JK,Union Territory,North,2015,AoW,Assault on Women,1343,23.22,12267013,5783391,67.16,False,False,ok,True
Jammu & Kashmir,JK,Union Territory,North,2016,AoW,Assault on Women,1235,21.35,12267013,5783391,67.16,False,False,ok,True
Jammu & Kashmir,JK,Union Territory,North,2017,AoW,Assault on Women,1417,24.5,12267013,5783391,67.16,False,False,ok,True
Jammu & Kashmir,JK,Union Territory,North,2018,AoW,Assault on Women,1597,27.61,12267013,5783391,67.16,False,False,ok,True
Jammu & Kashmir,JK,Union Territory,North,2019,AoW,Assault on Women,1440,24.9,12267013,5783391,67.16,False,False,ok,True
Jammu & Kashmir,JK,Union Territory,North,2020,AoW,Assault on Women,1744,30.16,12267013,5783391,67.16,False,False,ok,True
Jammu & Kashmir,JK,Union Territory,North,2021,AoW,Assault on Women,1851,32.01,12267013,5783391,67.16,False,False,ok,True
Jharkhand,JH,State,East,2001,AoW,Assault on Women,297,1.85,32988134,16053774,66.41,False,False,ok,True
Jharkhand,JH,State,East,2002,AoW,Assault on Women,411,2.56,32988134,16053774,66.41,False,False,ok,True
Jharkhand,JH,State,East,2003,AoW,Assault on Women,424,2.64,32988134,16053774,66.41,False,False,ok,True
Jharkhand,JH,State,East,2004,AoW,Assault on Women,411,2.56,32988134,16053774,66.41,False,False,ok,True
Jharkhand,JH,State,East,2005,AoW,Assault on Women,293,1.83,32988134,16053774,66.41,False,False,ok,True
Jharkhand,JH,State,East,2006,AoW,Assault on Women,414,2.58,32988134,16053774,66.41,False,False,ok,True
Jharkhand,JH,State,East,2007,AoW,Assault on Women,342,2.13,32988134,16053774,66.41,False,False,ok,True
Jharkhand,JH,State,East,2008,AoW,Assault on Women,271,1.69,32988134,16053774,66.41,False,False,ok,True
Jharkhand,JH,State,East,2009,AoW,Assault on Women,276,1.72,32988134,16053774,66.41,False,False,ok,True
Jharkhand,JH,State,East,2010,AoW,Assault on Women,245,1.53,32988134,16053774,66.41,False,False,ok,True
Jharkhand,JH,State,East,2011,AoW,Assault on Women,0,0.0,32988134,16053774,66.41,False,True,source_gap,False
Jharkhand,JH,State,East,2012,AoW,Assault on Women,284,1.77,32988134,16053774,66.41,False,False,ok,True
Jharkhand,JH,State,East,2013,AoW,Assault on Women,524,3.26,32988134,16053774,66.41,False,False,ok,True
Jharkhand,JH,State,East,2014,AoW,Assault on Women,440,2.74,32988134,16053774,66.41,False,False,ok,True
Jharkhand,JH,State,East,2015,AoW,Assault on Women,844,5.26,32988134,16053774,66.41,False,False,ok,True
Jharkhand,JH,State,East,2016,AoW,Assault on Women,667,4.15,32988134,16053774,66.41,False,False,ok,True
Jharkhand,JH,State,East,2017,AoW,Assault on Women,748,4.66,32988134,16053774,66.41,False,False,ok,True
Jharkhand,JH,State,East,2018,AoW,Assault on Women,1378,8.58,32988134,16053774,66.41,False,False,ok,True
Jharkhand,JH,State,East,2019,AoW,Assault on Women,1646,10.25,32988134,16053774,66.41,False,False,ok,True
Jharkhand,JH,State,East,2020,AoW,Assault on Women,1358,8.46,32988134,16053774,66.41,False,False,ok,True
Jharkhand,JH,State,East,2021,AoW,Assault on Women,1335,8.32,32988134,16053774,66.41,False,False,ok,True
Karnataka,KA,State,South,2001,AoW,Assault on Women,1665,5.53,61095297,30129612,75.36,False,False,ok,True
Karnataka,KA,State,South,2002,AoW,Assault on Women,1648,5.47,61095297,30129612,75.36,False,False,ok,True
Karnataka,KA,State,South,2003,AoW,Assault on Women,1585,5.26,61095297,30129612,75.36,False,False,ok,True
Karnataka,KA,State,South,2004,AoW,Assault on Women,1435,4.76,61095297,30129612,75.36,False,False,ok,True
Karnataka,KA,State,South,2005,AoW,Assault on Women,1585,5.26,61095297,30129612,75.36,False,False,ok,True
Karnataka,KA,State,South,2006,AoW,Assault on Women,1683,5.59,61095297,30129612,75.36,False,False,ok,True
Karnataka,KA,State,South,2007,AoW,Assault on Women,1828,6.07,61095297,30129612,75.36,False,False,ok,True
Karnataka,KA,State,South,2008,AoW,Assault on Women,1954,6.49,61095297,30129612,75.36,False,False,ok,True
Karnataka,KA,State,South,2009,AoW,Assault on Women,2186,7.26,61095297,30129612,75.36,False,False,ok,True
Karnataka,KA,State,South,2010,AoW,Assault on Women,2544,8.44,61095297,30129612,75.36,False,False,ok,True
Karnataka,KA,State,South,2011,AoW,Assault on Women,0,0.0,61095297,30129612,75.36,False,True,source_gap,False
Karnataka,KA,State,South,2012,AoW,Assault on Women,2978,9.88,61095297,30129612,75.36,False,False,ok,True
Karnataka,KA,State,South,2013,AoW,Assault on Women,3913,12.99,61095297,30129612,75.36,False,False,ok,True
Karnataka,KA,State,South,2014,AoW,Assault on Women,5263,17.47,61095297,30129612,75.36,False,False,ok,True
Karnataka,KA,State,South,2015,AoW,Assault on Women,5112,16.97,61095297,30129612,75.36,False,False,ok,True
Karnataka,KA,State,South,2016,AoW,Assault on Women,5260,17.46,61095297,30129612,75.36,False,False,ok,True
Karnataka,KA,State,South,2017,AoW,Assault on Women,5763,19.13,61095297,30129612,75.36,False,False,ok,True
Karnataka,KA,State,South,2018,AoW,Assault on Women,5204,17.27,61095297,30129612,75.36,False,False,ok,True
Karnataka,KA,State,South,2019,AoW,Assault on Women,4937,16.39,61095297,30129612,75.36,False,False,ok,True
Karnataka,KA,State,South,2020,AoW,Assault on Women,4751,15.77,61095297,30129612,75.36,False,False,ok,True
Karnataka,KA,State,South,2021,AoW,Assault on Women,5105,16.94,61095297,30129612,75.36,False,False,ok,True
Kerala,KL,State,South,2001,AoW,Assault on Women,1942,11.18,33406061,17376281,94.0,False,False,ok,True
Kerala,KL,State,South,2002,AoW,Assault on Women,2123,12.22,33406061,17376281,94.0,False,False,ok,True
Kerala,KL,State,South,2003,AoW,Assault on Women,1947,11.2,33406061,17376281,94.0,False,False,ok,True
Kerala,KL,State,South,2004,AoW,Assault on Women,2260,13.01,33406061,17376281,94.0,False,False,ok,True
Kerala,KL,State,South,2005,AoW,Assault on Women,2339,13.46,33406061,17376281,94.0,False,False,ok,True
Kerala,KL,State,South,2006,AoW,Assault on Women,2543,14.63,33406061,17376281,94.0,False,False,ok,True
Kerala,KL,State,South,2007,AoW,Assault on Women,2624,15.1,33406061,17376281,94.0,False,False,ok,True
Kerala,KL,State,South,2008,AoW,Assault on Women,2745,15.8,33406061,17376281,94.0,False,False,ok,True
Kerala,KL,State,South,2009,AoW,Assault on Women,2540,14.62,33406061,17376281,94.0,False,False,ok,True
Kerala,KL,State,South,2010,AoW,Assault on Women,2936,16.9,33406061,17376281,94.0,False,False,ok,True
Kerala,KL,State,South,2011,AoW,Assault on Women,0,0.0,33406061,17376281,94.0,False,True,source_gap,False
Kerala,KL,State,South,2012,AoW,Assault on Women,3735,21.49,33406061,17376281,94.0,False,False,ok,True
Kerala,KL,State,South,2013,AoW,Assault on Women,4362,25.1,33406061,17376281,94.0,False,False,ok,True
Kerala,KL,State,South,2014,AoW,Assault on Women,4367,25.13,33406061,17376281,94.0,False,False,ok,True
Kerala,KL,State,South,2015,AoW,Assault on Women,3987,22.95,33406061,17376281,94.0,False,False,ok,True
Kerala,KL,State,South,2016,AoW,Assault on Women,4029,23.19,33406061,17376281,94.0,False,False,ok,True
Kerala,KL,State,South,2017,AoW,Assault on Women,4413,25.4,33406061,17376281,94.0,False,False,ok,True
Kerala,KL,State,South,2018,AoW,Assault on Women,4544,26.15,33406061,17376281,94.0,False,False,ok,True
Kerala,KL,State,South,2019,AoW,Assault on Women,4507,25.94,33406061,17376281,94.0,False,False,ok,True
Kerala,KL,State,South,2020,AoW,Assault on Women,3890,22.39,33406061,17376281,94.0,False,False,ok,True
Kerala,KL,State,South,2021,AoW,Assault on Women,4059,23.36,33406061,17376281,94.0,False,False,ok,True
Ladakh,LA,Union Territory,North,2020,AoW,Assault on Women,4,3.4,274289,117552,77.2,False,False,ok,True
Ladakh,LA,Union Territory,North,2021,AoW,Assault on Women,5,4.25,274289,117552,77.2,False,False,ok,True
Lakshadweep,LD,Union Territory,Islands,2001,AoW,Assault on Women,0,0.0,64473,31342,91.85,False,False,ok,True
Lakshadweep,LD,Union Territory,Islands,2002,AoW,Assault on Women,1,3.19,64473,31342,91.85,False,False,ok,True
Lakshadweep,LD,Union Territory,Islands,2003,AoW,Assault on Women,1,3.19,64473,31342,91.85,False,False,ok,True
Lakshadweep,LD,Union Territory,Islands,2004,AoW,Assault on Women,0,0.0,64473,31342,91.85,False,False,ok,True
Lakshadweep,LD,Union Territory,Islands,2005,AoW,Assault on Women,0,0.0,64473,31342,91.85,False,False,ok,True
Lakshadweep,LD,Union Territory,Islands,2006,AoW,Assault on Women,0,0.0,64473,31342,91.85,False,False,ok,True
Lakshadweep,LD,Union Territory,Islands,2007,AoW,Assault on Women,2,6.38,64473,31342,91.85,False,False,ok,True
Lakshadweep,LD,Union Territory,Islands,2008,AoW,Assault on Women,0,0.0,64473,31342,91.85,False,False,ok,True
Lakshadweep,LD,Union Territory,Islands,2009,AoW,Assault on Women,0,0.0,64473,31342,91.85,False,False,ok,True
Lakshadweep,LD,Union Territory,Islands,2010,AoW,Assault on Women,0,0.0,64473,31342,91.85,False,False,ok,True
Lakshadweep,LD,Union Territory,Islands,2011,AoW,Assault on Women,0,0.0,64473,31342,91.85,False,True,source_gap,False
Lakshadweep,LD,Union Territory,Islands,2012,AoW,Assault on Women,1,3.19,64473,31342,91.85,False,False,ok,True
Lakshadweep,LD,Union Territory,Islands,2013,AoW,Assault on Women,1,3.19,64473,31342,91.85,False,False,ok,True
Lakshadweep,LD,Union Territory,Islands,2014,AoW,Assault on Women,1,3.19,64473,31342,91.85,False,False,ok,True
Lakshadweep,LD,Union Territory,Islands,2015,AoW,Assault on Women,6,19.14,64473,31342,91.85,False,False,ok,True
Lakshadweep,LD,Union Territory,Islands,2016,AoW,Assault on Women,1,3.19,64473,31342,91.85,False,False,ok,True
Lakshadweep,LD,Union Territory,Islands,2017,AoW,Assault on Women,0,0.0,64473,31342,91.85,False,False,ok,True
Lakshadweep,LD,Union Territory,Islands,2018,AoW,Assault on Women,0,0.0,64473,31342,91.85,False,False,ok,True
Lakshadweep,LD,Union Territory,Islands,2019,AoW,Assault on Women,5,15.95,64473,31342,91.85,False,False,ok,True
Lakshadweep,LD,Union Territory,Islands,2020,AoW,Assault on Women,3,9.57,64473,31342,91.85,False,False,ok,True
Lakshadweep,LD,Union Territory,Islands,2021,AoW,Assault on Women,1,3.19,64473,31342,91.85,False,False,ok,True
Madhya Pradesh,MP,State,Central,2001,AoW,Assault on Women,7063,20.17,72626809,35015826,69.32,False,False,ok,True
Madhya Pradesh,MP,State,Central,2002,AoW,Assault on Women,7118,20.33,72626809,35015826,69.32,False,False,ok,True
Madhya Pradesh,MP,State,Central,2003,AoW,Assault on Women,6848,19.56,72626809,35015826,69.32,False,False,ok,True
Madhya Pradesh,MP,State,Central,2004,AoW,Assault on Women,6690,19.11,72626809,35015826,69.32,False,False,ok,True
Madhya Pradesh,MP,State,Central,2005,AoW,Assault on Women,6426,18.35,72626809,35015826,69.32,False,False,ok,True
Madhya Pradesh,MP,State,Central,2006,AoW,Assault on Women,6243,17.83,72626809,35015826,69.32,False,False,ok,True
Madhya Pradesh,MP,State,Central,2007,AoW,Assault on Women,6772,19.34,72626809,35015826,69.32,False,False,ok,True
Madhya Pradesh,MP,State,Central,2008,AoW,Assault on Women,6445,18.41,72626809,35015826,69.32,False,False,ok,True
Madhya Pradesh,MP,State,Central,2009,AoW,Assault on Women,6307,18.01,72626809,35015826,69.32,False,False,ok,True
Madhya Pradesh,MP,State,Central,2010,AoW,Assault on Women,6646,18.98,72626809,35015826,69.32,False,False,ok,True
Madhya Pradesh,MP,State,Central,2011,AoW,Assault on Women,0,0.0,72626809,35015826,69.32,False,True,source_gap,False
Madhya Pradesh,MP,State,Central,2012,AoW,Assault on Women,6655,19.01,72626809,35015826,69.32,False,False,ok,True
Madhya Pradesh,MP,State,Central,2013,AoW,Assault on Women,8252,23.57,72626809,35015826,69.32,False,False,ok,True
Madhya Pradesh,MP,State,Central,2014,AoW,Assault on Women,9609,27.44,72626809,35015826,69.32,False,False,ok,True
Madhya Pradesh,MP,State,Central,2015,AoW,Assault on Women,8049,22.99,72626809,35015826,69.32,False,False,ok,True
Madhya Pradesh,MP,State,Central,2016,AoW,Assault on Women,8717,24.89,72626809,35015826,69.32,False,False,ok,True
Madhya Pradesh,MP,State,Central,2017,AoW,Assault on Women,9252,26.42,72626809,35015826,69.32,False,False,ok,True
Madhya Pradesh,MP,State,Central,2018,AoW,Assault on Women,8790,25.1,72626809,35015826,69.32,False,False,ok,True
Madhya Pradesh,MP,State,Central,2019,AoW,Assault on Women,5585,15.95,72626809,35015826,69.32,False,False,ok,True
Madhya Pradesh,MP,State,Central,2020,AoW,Assault on Women,5378,15.36,72626809,35015826,69.32,False,False,ok,True
Madhya Pradesh,MP,State,Central,2021,AoW,Assault on Women,5760,16.45,72626809,35015826,69.32,False,False,ok,True
Maharashtra,MH,State,West,2001,AoW,Assault on Women,2823,5.22,112374333,54119106,82.34,False,False,ok,True
Maharashtra,MH,State,West,2002,AoW,Assault on Women,2686,4.96,112374333,54119106,82.34,False,False,ok,True
Maharashtra,MH,State,West,2003,AoW,Assault on Women,2661,4.92,112374333,54119106,82.34,False,False,ok,True
Maharashtra,MH,State,West,2004,AoW,Assault on Women,2831,5.23,112374333,54119106,82.34,False,False,ok,True
Maharashtra,MH,State,West,2005,AoW,Assault on Women,3228,5.96,112374333,54119106,82.34,False,False,ok,True
Maharashtra,MH,State,West,2006,AoW,Assault on Women,3479,6.43,112374333,54119106,82.34,False,False,ok,True
Maharashtra,MH,State,West,2007,AoW,Assault on Women,3306,6.11,112374333,54119106,82.34,False,False,ok,True
Maharashtra,MH,State,West,2008,AoW,Assault on Women,3619,6.69,112374333,54119106,82.34,False,False,ok,True
Maharashtra,MH,State,West,2009,AoW,Assault on Women,3196,5.91,112374333,54119106,82.34,False,False,ok,True
Maharashtra,MH,State,West,2010,AoW,Assault on Women,3661,6.76,112374333,54119106,82.34,False,False,ok,True
Maharashtra,MH,State,West,2011,AoW,Assault on Women,0,0.0,112374333,54119106,82.34,False,True,source_gap,False
Maharashtra,MH,State,West,2012,AoW,Assault on Women,3935,7.27,112374333,54119106,82.34,False,False,ok,True
Maharashtra,MH,State,West,2013,AoW,Assault on Women,8132,15.03,112374333,54119106,82.34,False,False,ok,True
Maharashtra,MH,State,West,2014,AoW,Assault on Women,10001,18.48,112374333,54119106,82.34,False,False,ok,True
Maharashtra,MH,State,West,2015,AoW,Assault on Women,11713,21.64,112374333,54119106,82.34,False,False,ok,True
Maharashtra,MH,State,West,2016,AoW,Assault on Women,11396,21.06,112374333,54119106,82.34,False,False,ok,True
Maharashtra,MH,State,West,2017,AoW,Assault on Women,9392,17.35,112374333,54119106,82.34,False,False,ok,True
Maharashtra,MH,State,West,2018,AoW,Assault on Women,10835,20.02,112374333,54119106,82.34,False,False,ok,True
Maharashtra,MH,State,West,2019,AoW,Assault on Women,10472,19.35,112374333,54119106,82.34,False,False,ok,True
Maharashtra,MH,State,West,2020,AoW,Assault on Women,9965,18.41,112374333,54119106,82.34,False,False,ok,True
Maharashtra,MH,State,West,2021,AoW,Assault on Women,10568,19.53,112374333,54119106,82.34,False,False,ok,True
Manipur,MN,State,North East,2001,AoW,Assault on Women,21,1.48,2855794,1417107,76.94,False,False,ok,True
Manipur,MN,State,North East,2002,AoW,Assault on Women,58,4.09,2855794,1417107,76.94,False,False,ok,True
Manipur,MN,State,North East,2003,AoW,Assault on Women,44,3.1,2855794,1417107,76.94,False,False,ok,True
Manipur,MN,State,North East,2004,AoW,Assault on Women,30,2.12,2855794,1417107,76.94,False,False,ok,True
Manipur,MN,State,North East,2005,AoW,Assault on Women,25,1.76,2855794,1417107,76.94,False,False,ok,True
Manipur,MN,State,North East,2006,AoW,Assault on Women,42,2.96,2855794,1417107,76.94,False,False,ok,True
Manipur,MN,State,North East,2007,AoW,Assault on Women,70,4.94,2855794,1417107,76.94,False,False,ok,True
Manipur,MN,State,North East,2008,AoW,Assault on Women,57,4.02,2855794,1417107,76.94,False,False,ok,True
Manipur,MN,State,North East,2009,AoW,Assault on Women,39,2.75,2855794,1417107,76.94,False,False,ok,True
Manipur,MN,State,North East,2010,AoW,Assault on Women,31,2.19,2855794,1417107,76.94,False,False,ok,True
Manipur,MN,State,North East,2011,AoW,Assault on Women,0,0.0,2855794,1417107,76.94,False,True,source_gap,False
Manipur,MN,State,North East,2012,AoW,Assault on Women,49,3.46,2855794,1417107,76.94,False,False,ok,True
Manipur,MN,State,North East,2013,AoW,Assault on Women,59,4.16,2855794,1417107,76.94,False,False,ok,True
Manipur,MN,State,North East,2014,AoW,Assault on Women,98,6.92,2855794,1417107,76.94,False,False,ok,True
Manipur,MN,State,North East,2015,AoW,Assault on Women,84,5.93,2855794,1417107,76.94,False,False,ok,True
Manipur,MN,State,North East,2016,AoW,Assault on Women,65,4.59,2855794,1417107,76.94,False,False,ok,True
Manipur,MN,State,North East,2017,AoW,Assault on Women,66,4.66,2855794,1417107,76.94,False,False,ok,True
Manipur,MN,State,North East,2018,AoW,Assault on Women,56,3.95,2855794,1417107,76.94,False,False,ok,True
Manipur,MN,State,North East,2019,AoW,Assault on Women,59,4.16,2855794,1417107,76.94,False,False,ok,True
Manipur,MN,State,North East,2020,AoW,Assault on Women,61,4.3,2855794,1417107,76.94,False,False,ok,True
Manipur,MN,State,North East,2021,AoW,Assault on Women,92,6.49,2855794,1417107,76.94,False,False,ok,True
Meghalaya,ML,State,North East,2001,AoW,Assault on Women,25,1.69,2966889,1475240,74.43,False,False,ok,True
Meghalaya,ML,State,North East,2002,AoW,Assault on Women,23,1.56,2966889,1475240,74.43,False,False,ok,True
Meghalaya,ML,State,North East,2003,AoW,Assault on Women,13,0.88,2966889,1475240,74.43,False,False,ok,True
Meghalaya,ML,State,North East,2004,AoW,Assault on Women,34,2.3,2966889,1475240,74.43,False,False,ok,True
Meghalaya,ML,State,North East,2005,AoW,Assault on Women,44,2.98,2966889,1475240,74.43,False,False,ok,True
Meghalaya,ML,State,North East,2006,AoW,Assault on Women,57,3.86,2966889,1475240,74.43,False,False,ok,True
Meghalaya,ML,State,North East,2007,AoW,Assault on Women,45,3.05,2966889,1475240,74.43,False,False,ok,True
Meghalaya,ML,State,North East,2008,AoW,Assault on Women,54,3.66,2966889,1475240,74.43,False,False,ok,True
Meghalaya,ML,State,North East,2009,AoW,Assault on Women,72,4.88,2966889,1475240,74.43,False,False,ok,True
Meghalaya,ML,State,North East,2010,AoW,Assault on Women,48,3.25,2966889,1475240,74.43,False,False,ok,True
Meghalaya,ML,State,North East,2011,AoW,Assault on Women,0,0.0,2966889,1475240,74.43,False,True,source_gap,False
Meghalaya,ML,State,North East,2012,AoW,Assault on Women,43,2.91,2966889,1475240,74.43,False,False,ok,True
Meghalaya,ML,State,North East,2013,AoW,Assault on Women,98,6.64,2966889,1475240,74.43,False,False,ok,True
Meghalaya,ML,State,North East,2014,AoW,Assault on Women,105,7.12,2966889,1475240,74.43,False,False,ok,True
Meghalaya,ML,State,North East,2015,AoW,Assault on Women,95,6.44,2966889,1475240,74.43,False,False,ok,True
Meghalaya,ML,State,North East,2016,AoW,Assault on Women,68,4.61,2966889,1475240,74.43,False,False,ok,True
Meghalaya,ML,State,North East,2017,AoW,Assault on Women,88,5.97,2966889,1475240,74.43,False,False,ok,True
Meghalaya,ML,State,North East,2018,AoW,Assault on Women,95,6.44,2966889,1475240,74.43,False,False,ok,True
Meghalaya,ML,State,North East,2019,AoW,Assault on Women,96,6.51,2966889,1475240,74.43,False,False,ok,True
Meghalaya,ML,State,North East,2020,AoW,Assault on Women,86,5.83,2966889,1475240,74.43,False,False,ok,True
Meghalaya,ML,State,North East,2021,AoW,Assault on Women,92,6.24,2966889,1475240,74.43,False,False,ok,True
Mizoram,MZ,State,North East,2001,AoW,Assault on Women,52,9.6,1097206,541940,91.33,False,False,ok,True
Mizoram,MZ,State,North East,2002,AoW,Assault on Women,73,13.47,1097206,541940,91.33,False,False,ok,True
Mizoram,MZ,State,North East,2003,AoW,Assault on Women,88,16.24,1097206,541940,91.33,False,False,ok,True
Mizoram,MZ,State,North East,2004,AoW,Assault on Women,66,12.18,1097206,541940,91.33,False,False,ok,True
Mizoram,MZ,State,North East,2005,AoW,Assault on Women,49,9.04,1097206,541940,91.33,False,False,ok,True
Mizoram,MZ,State,North East,2006,AoW,Assault on Women,51,9.41,1097206,541940,91.33,False,False,ok,True
Mizoram,MZ,State,North East,2007,AoW,Assault on Women,66,12.18,1097206,541940,91.33,False,False,ok,True
Mizoram,MZ,State,North East,2008,AoW,Assault on Women,78,14.39,1097206,541940,91.33,False,False,ok,True
Mizoram,MZ,State,North East,2009,AoW,Assault on Women,61,11.26,1097206,541940,91.33,False,False,ok,True
Mizoram,MZ,State,North East,2010,AoW,Assault on Women,75,13.84,1097206,541940,91.33,False,False,ok,True
Mizoram,MZ,State,North East,2011,AoW,Assault on Women,0,0.0,1097206,541940,91.33,False,True,source_gap,False
Mizoram,MZ,State,North East,2012,AoW,Assault on Women,85,15.68,1097206,541940,91.33,False,False,ok,True
Mizoram,MZ,State,North East,2013,AoW,Assault on Women,81,14.95,1097206,541940,91.33,False,False,ok,True
Mizoram,MZ,State,North East,2014,AoW,Assault on Women,97,17.9,1097206,541940,91.33,False,False,ok,True
Mizoram,MZ,State,North East,2015,AoW,Assault on Women,75,13.84,1097206,541940,91.33,False,False,ok,True
Mizoram,MZ,State,North East,2016,AoW,Assault on Women,71,13.1,1097206,541940,91.33,False,False,ok,True
Mizoram,MZ,State,North East,2017,AoW,Assault on Women,64,11.81,1097206,541940,91.33,False,False,ok,True
Mizoram,MZ,State,North East,2018,AoW,Assault on Women,67,12.36,1097206,541940,91.33,False,False,ok,True
Mizoram,MZ,State,North East,2019,AoW,Assault on Women,35,6.46,1097206,541940,91.33,False,False,ok,True
Mizoram,MZ,State,North East,2020,AoW,Assault on Women,26,4.8,1097206,541940,91.33,False,False,ok,True
Mizoram,MZ,State,North East,2021,AoW,Assault on Women,31,5.72,1097206,541940,91.33,False,False,ok,True
Nagaland,NL,State,North East,2001,AoW,Assault on Women,6,0.63,1978502,953902,79.55,False,False,ok,True
Nagaland,NL,State,North East,2002,AoW,Assault on Women,1,0.1,1978502,953902,79.55,False,False,ok,True
Nagaland,NL,State,North East,2003,AoW,Assault on Women,4,0.42,1978502,953902,79.55,False,False,ok,True
Nagaland,NL,State,North East,2004,AoW,Assault on Women,3,0.31,1978502,953902,79.55,False,False,ok,True
Nagaland,NL,State,North East,2005,AoW,Assault on Women,7,0.73,1978502,953902,79.55,False,False,ok,True
Nagaland,NL,State,North East,2006,AoW,Assault on Women,3,0.31,1978502,953902,79.55,False,False,ok,True
Nagaland,NL,State,North East,2007,AoW,Assault on Women,8,0.84,1978502,953902,79.55,False,False,ok,True
Nagaland,NL,State,North East,2008,AoW,Assault on Women,15,1.57,1978502,953902,79.55,False,False,ok,True
Nagaland,NL,State,North East,2009,AoW,Assault on Women,11,1.15,1978502,953902,79.55,False,False,ok,True
Nagaland,NL,State,North East,2010,AoW,Assault on Women,13,1.36,1978502,953902,79.55,False,False,ok,True
Nagaland,NL,State,North East,2011,AoW,Assault on Women,0,0.0,1978502,953902,79.55,False,True,source_gap,False
Nagaland,NL,State,North East,2012,AoW,Assault on Women,16,1.68,1978502,953902,79.55,False,False,ok,True
Nagaland,NL,State,North East,2013,AoW,Assault on Women,18,1.89,1978502,953902,79.55,False,False,ok,True
Nagaland,NL,State,North East,2014,AoW,Assault on Women,16,1.68,1978502,953902,79.55,False,False,ok,True
Nagaland,NL,State,North East,2015,AoW,Assault on Women,8,0.84,1978502,953902,79.55,False,False,ok,True
Nagaland,NL,State,North East,2016,AoW,Assault on Women,14,1.47,1978502,953902,79.55,False,False,ok,True
Nagaland,NL,State,North East,2017,AoW,Assault on Women,12,1.26,1978502,953902,79.55,False,False,ok,True
Nagaland,NL,State,North East,2018,AoW,Assault on Women,10,1.05,1978502,953902,79.55,False,False,ok,True
Nagaland,NL,State,North East,2019,AoW,Assault on Women,8,0.84,1978502,953902,79.55,False,False,ok,True
Nagaland,NL,State,North East,2020,AoW,Assault on Women,7,0.73,1978502,953902,79.55,False,False,ok,True
Nagaland,NL,State,North East,2021,AoW,Assault on Women,11,1.15,1978502,953902,79.55,False,False,ok,True
Odisha,OD,State,East,2001,AoW,Assault on Women,1655,7.97,41974218,20764406,72.87,False,False,ok,True
Odisha,OD,State,East,2002,AoW,Assault on Women,1605,7.73,41974218,20764406,72.87,False,False,ok,True
Odisha,OD,State,East,2003,AoW,Assault on Women,1669,8.04,41974218,20764406,72.87,False,False,ok,True
Odisha,OD,State,East,2004,AoW,Assault on Women,1811,8.72,41974218,20764406,72.87,False,False,ok,True
Odisha,OD,State,East,2005,AoW,Assault on Women,2238,10.78,41974218,20764406,72.87,False,False,ok,True
Odisha,OD,State,East,2006,AoW,Assault on Women,2415,11.63,41974218,20764406,72.87,False,False,ok,True
Odisha,OD,State,East,2007,AoW,Assault on Women,2775,13.36,41974218,20764406,72.87,False,False,ok,True
Odisha,OD,State,East,2008,AoW,Assault on Women,2782,13.4,41974218,20764406,72.87,False,False,ok,True
Odisha,OD,State,East,2009,AoW,Assault on Women,2697,12.99,41974218,20764406,72.87,False,False,ok,True
Odisha,OD,State,East,2010,AoW,Assault on Women,2905,13.99,41974218,20764406,72.87,False,False,ok,True
Odisha,OD,State,East,2011,AoW,Assault on Women,0,0.0,41974218,20764406,72.87,False,True,source_gap,False
Odisha,OD,State,East,2012,AoW,Assault on Women,4187,20.16,41974218,20764406,72.87,False,False,ok,True
Odisha,OD,State,East,2013,AoW,Assault on Women,4618,22.24,41974218,20764406,72.87,False,False,ok,True
Odisha,OD,State,East,2014,AoW,Assault on Women,5543,26.69,41974218,20764406,72.87,False,False,ok,True
Odisha,OD,State,East,2015,AoW,Assault on Women,6499,31.3,41974218,20764406,72.87,False,False,ok,True
Odisha,OD,State,East,2016,AoW,Assault on Women,8252,39.74,41974218,20764406,72.87,False,False,ok,True
Odisha,OD,State,East,2017,AoW,Assault on Women,9132,43.98,41974218,20764406,72.87,False,False,ok,True
Odisha,OD,State,East,2018,AoW,Assault on Women,9973,48.03,41974218,20764406,72.87,False,False,ok,True
Odisha,OD,State,East,2019,AoW,Assault on Women,11308,54.46,41974218,20764406,72.87,False,False,ok,True
Odisha,OD,State,East,2020,AoW,Assault on Women,12605,60.7,41974218,20764406,72.87,False,False,ok,True
Odisha,OD,State,East,2021,AoW,Assault on Women,14853,71.53,41974218,20764406,72.87,False,False,ok,True
Puducherry,PY,Union Territory,South,2001,AoW,Assault on Women,35,5.51,1247953,635310,85.85,False,False,ok,True
Puducherry,PY,Union Territory,South,2002,AoW,Assault on Women,59,9.29,1247953,635310,85.85,False,False,ok,True
Puducherry,PY,Union Territory,South,2003,AoW,Assault on Women,56,8.81,1247953,635310,85.85,False,False,ok,True
Puducherry,PY,Union Territory,South,2004,AoW,Assault on Women,50,7.87,1247953,635310,85.85,False,False,ok,True
Puducherry,PY,Union Territory,South,2005,AoW,Assault on Women,60,9.44,1247953,635310,85.85,False,False,ok,True
Puducherry,PY,Union Territory,South,2006,AoW,Assault on Women,56,8.81,1247953,635310,85.85,False,False,ok,True
Puducherry,PY,Union Territory,South,2007,AoW,Assault on Women,89,14.01,1247953,635310,85.85,False,False,ok,True
Puducherry,PY,Union Territory,South,2008,AoW,Assault on Women,65,10.23,1247953,635310,85.85,False,False,ok,True
Puducherry,PY,Union Territory,South,2009,AoW,Assault on Women,53,8.34,1247953,635310,85.85,False,False,ok,True
Puducherry,PY,Union Territory,South,2010,AoW,Assault on Women,46,7.24,1247953,635310,85.85,False,False,ok,True
Puducherry,PY,Union Territory,South,2011,AoW,Assault on Women,0,0.0,1247953,635310,85.85,False,True,source_gap,False
Puducherry,PY,Union Territory,South,2012,AoW,Assault on Women,9,1.42,1247953,635310,85.85,False,False,ok,True
Puducherry,PY,Union Territory,South,2013,AoW,Assault on Women,12,1.89,1247953,635310,85.85,False,False,ok,True
Puducherry,PY,Union Territory,South,2014,AoW,Assault on Women,32,5.04,1247953,635310,85.85,False,False,ok,True
Puducherry,PY,Union Territory,South,2015,AoW,Assault on Women,33,5.19,1247953,635310,85.85,False,False,ok,True
Puducherry,PY,Union Territory,South,2016,AoW,Assault on Women,43,6.77,1247953,635310,85.85,False,False,ok,True
Puducherry,PY,Union Territory,South,2017,AoW,Assault on Women,33,5.19,1247953,635310,85.85,False,False,ok,True
Puducherry,PY,Union Territory,South,2018,AoW,Assault on Women,60,9.44,1247953,635310,85.85,False,False,ok,True
Puducherry,PY,Union Territory,South,2019,AoW,Assault on Women,23,3.62,1247953,635310,85.85,False,False,ok,True
Puducherry,PY,Union Territory,South,2020,AoW,Assault on Women,25,3.94,1247953,635310,85.85,False,False,ok,True
Puducherry,PY,Union Territory,South,2021,AoW,Assault on Women,31,4.88,1247953,635310,85.85,False,False,ok,True
Punjab,PB,State,North,2001,AoW,Assault on Women,372,2.84,27743338,13103054,75.84,False,False,ok,True
Punjab,PB,State,North,2002,AoW,Assault on Women,341,2.6,27743338,13103054,75.84,False,False,ok,True
Punjab,PB,State,North,2003,AoW,Assault on Women,346,2.64,27743338,13103054,75.84,False,False,ok,True
Punjab,PB,State,North,2004,AoW,Assault on Women,261,1.99,27743338,13103054,75.84,False,False,ok,True
Punjab,PB,State,North,2005,AoW,Assault on Women,308,2.35,27743338,13103054,75.84,False,False,ok,True
Punjab,PB,State,North,2006,AoW,Assault on Women,314,2.4,27743338,13103054,75.84,False,False,ok,True
Punjab,PB,State,North,2007,AoW,Assault on Women,427,3.26,27743338,13103054,75.84,False,False,ok,True
Punjab,PB,State,North,2008,AoW,Assault on Women,388,2.96,27743338,13103054,75.84,False,False,ok,True
Punjab,PB,State,North,2009,AoW,Assault on Women,319,2.43,27743338,13103054,75.84,False,False,ok,True
Punjab,PB,State,North,2010,AoW,Assault on Women,349,2.66,27743338,13103054,75.84,False,False,ok,True
Punjab,PB,State,North,2011,AoW,Assault on Women,0,0.0,27743338,13103054,75.84,False,True,source_gap,False
Punjab,PB,State,North,2012,AoW,Assault on Women,340,2.59,27743338,13103054,75.84,False,False,ok,True
Punjab,PB,State,North,2013,AoW,Assault on Women,1045,7.98,27743338,13103054,75.84,False,False,ok,True
Punjab,PB,State,North,2014,AoW,Assault on Women,1113,8.49,27743338,13103054,75.84,False,False,ok,True
Punjab,PB,State,North,2015,AoW,Assault on Women,1123,8.57,27743338,13103054,75.84,False,False,ok,True
Punjab,PB,State,North,2016,AoW,Assault on Women,1025,7.82,27743338,13103054,75.84,False,False,ok,True
Punjab,PB,State,North,2017,AoW,Assault on Women,933,7.12,27743338,13103054,75.84,False,False,ok,True
Punjab,PB,State,North,2018,AoW,Assault on Women,956,7.3,27743338,13103054,75.84,False,False,ok,True
Punjab,PB,State,North,2019,AoW,Assault on Women,944,7.2,27743338,13103054,75.84,False,False,ok,True
Punjab,PB,State,North,2020,AoW,Assault on Women,731,5.58,27743338,13103054,75.84,False,False,ok,True
Punjab,PB,State,North,2021,AoW,Assault on Women,678,5.17,27743338,13103054,75.84,False,False,ok,True
Rajasthan,RJ,State,North,2001,AoW,Assault on Women,2878,8.72,68548437,32994268,66.11,False,False,ok,True
Rajasthan,RJ,State,North,2002,AoW,Assault on Women,2730,8.27,68548437,32994268,66.11,False,False,ok,True
Rajasthan,RJ,State,North,2003,AoW,Assault on Women,2715,8.23,68548437,32994268,66.11,False,False,ok,True
Rajasthan,RJ,State,North,2004,AoW,Assault on Women,2825,8.56,68548437,32994268,66.11,False,False,ok,True
Rajasthan,RJ,State,North,2005,AoW,Assault on Women,2503,7.59,68548437,32994268,66.11,False,False,ok,True
Rajasthan,RJ,State,North,2006,AoW,Assault on Women,2582,7.83,68548437,32994268,66.11,False,False,ok,True
Rajasthan,RJ,State,North,2007,AoW,Assault on Women,2477,7.51,68548437,32994268,66.11,False,False,ok,True
Rajasthan,RJ,State,North,2008,AoW,Assault on Women,2520,7.64,68548437,32994268,66.11,False,False,ok,True
Rajasthan,RJ,State,North,2009,AoW,Assault on Women,2485,7.53,68548437,32994268,66.11,False,False,ok,True
Rajasthan,RJ,State,North,2010,AoW,Assault on Women,2339,7.09,68548437,32994268,66.11,False,False,ok,True
Rajasthan,RJ,State,North,2011,AoW,Assault on Women,0,0.0,68548437,32994268,66.11,False,True,source_gap,False
Rajasthan,RJ,State,North,2012,AoW,Assault on Women,2352,7.13,68548437,32994268,66.11,False,False,ok,True
Rajasthan,RJ,State,North,2013,AoW,Assault on Women,4829,14.64,68548437,32994268,66.11,False,False,ok,True
Rajasthan,RJ,State,North,2014,AoW,Assault on Women,5999,18.18,68548437,32994268,66.11,False,False,ok,True
Rajasthan,RJ,State,North,2015,AoW,Assault on Women,4813,14.59,68548437,32994268,66.11,False,False,ok,True
Rajasthan,RJ,State,North,2016,AoW,Assault on Women,4839,14.67,68548437,32994268,66.11,False,False,ok,True
Rajasthan,RJ,State,North,2017,AoW,Assault on Women,4883,14.8,68548437,32994268,66.11,False,False,ok,True
Rajasthan,RJ,State,North,2018,AoW,Assault on Women,5249,15.91,68548437,32994268,66.11,False,False,ok,True
Rajasthan,RJ,State,North,2019,AoW,Assault on Women,8802,26.68,68548437,32994268,66.11,False,False,ok,True
Rajasthan,RJ,State,North,2020,AoW,Assault on Women,8661,26.25,68548437,32994268,66.11,False,False,ok,True
Rajasthan,RJ,State,North,2021,AoW,Assault on Women,9079,27.52,68548437,32994268,66.11,False,False,ok,True
Sikkim,SK,State,North East,2001,AoW,Assault on Women,0,0.0,610577,287520,81.42,False,False,ok,True
Sikkim,SK,State,North East,2002,AoW,Assault on Women,17,5.91,610577,287520,81.42,False,False,ok,True
Sikkim,SK,State,North East,2003,AoW,Assault on Women,25,8.7,610577,287520,81.42,False,False,ok,True
Sikkim,SK,State,North East,2004,AoW,Assault on Women,40,13.91,610577,287520,81.42,False,False,ok,True
Sikkim,SK,State,North East,2005,AoW,Assault on Women,38,13.22,610577,287520,81.42,False,False,ok,True
Sikkim,SK,State,North East,2006,AoW,Assault on Women,14,4.87,610577,287520,81.42,False,False,ok,True
Sikkim,SK,State,North East,2007,AoW,Assault on Women,13,4.52,610577,287520,81.42,False,False,ok,True
Sikkim,SK,State,North East,2008,AoW,Assault on Women,19,6.61,610577,287520,81.42,False,False,ok,True
Sikkim,SK,State,North East,2009,AoW,Assault on Women,10,3.48,610577,287520,81.42,False,False,ok,True
Sikkim,SK,State,North East,2010,AoW,Assault on Women,11,3.83,610577,287520,81.42,False,False,ok,True
Sikkim,SK,State,North East,2011,AoW,Assault on Women,0,0.0,610577,287520,81.42,False,True,source_gap,False
Sikkim,SK,State,North East,2012,AoW,Assault on Women,19,6.61,610577,287520,81.42,False,False,ok,True
Sikkim,SK,State,North East,2013,AoW,Assault on Women,29,10.09,610577,287520,81.42,False,False,ok,True
Sikkim,SK,State,North East,2014,AoW,Assault on Women,34,11.83,610577,287520,81.42,False,False,ok,True
Sikkim,SK,State,North East,2015,AoW,Assault on Women,21,7.3,610577,287520,81.42,False,False,ok,True
Sikkim,SK,State,North East,2016,AoW,Assault on Women,34,11.83,610577,287520,81.42,False,False,ok,True
Sikkim,SK,State,North East,2017,AoW,Assault on Women,21,7.3,610577,287520,81.42,False,False,ok,True
Sikkim,SK,State,North East,2018,AoW,Assault on Women,23,8.0,610577,287520,81.42,False,False,ok,True
Sikkim,SK,State,North East,2019,AoW,Assault on Women,21,7.3,610577,287520,81.42,False,False,ok,True
Sikkim,SK,State,North East,2020,AoW,Assault on Women,18,6.26,610577,287520,81.42,False,False,ok,True
Sikkim,SK,State,North East,2021,AoW,Assault on Women,17,5.91,610577,287520,81.42,False,False,ok,True
Tamil Nadu,TN,State,South,2001,AoW,Assault on Women,1773,4.92,72147030,36001223,80.09,False,False,ok,True
Tamil Nadu,TN,State,South,2002,AoW,Assault on Women,1877,5.21,72147030,36001223,80.09,False,False,ok,True
Tamil Nadu,TN,State,South,2003,AoW,Assault on Women,2022,5.62,72147030,36001223,80.09,False,False,ok,True
Tamil Nadu,TN,State,South,2004,AoW,Assault on Women,1861,5.17,72147030,36001223,80.09,False,False,ok,True
Tamil Nadu,TN,State,South,2005,AoW,Assault on Women,1764,4.9,72147030,36001223,80.09,False,False,ok,True
Tamil Nadu,TN,State,South,2006,AoW,Assault on Women,1179,3.27,72147030,36001223,80.09,False,False,ok,True
Tamil Nadu,TN,State,South,2007,AoW,Assault on Women,1540,4.28,72147030,36001223,80.09,False,False,ok,True
Tamil Nadu,TN,State,South,2008,AoW,Assault on Women,1705,4.74,72147030,36001223,80.09,False,False,ok,True
Tamil Nadu,TN,State,South,2009,AoW,Assault on Women,1242,3.45,72147030,36001223,80.09,False,False,ok,True
Tamil Nadu,TN,State,South,2010,AoW,Assault on Women,1405,3.9,72147030,36001223,80.09,False,False,ok,True
Tamil Nadu,TN,State,South,2011,AoW,Assault on Women,0,0.0,72147030,36001223,80.09,False,True,source_gap,False
Tamil Nadu,TN,State,South,2012,AoW,Assault on Women,1494,4.15,72147030,36001223,80.09,False,False,ok,True
Tamil Nadu,TN,State,South,2013,AoW,Assault on Women,1271,3.53,72147030,36001223,80.09,False,False,ok,True
Tamil Nadu,TN,State,South,2014,AoW,Assault on Women,1102,3.06,72147030,36001223,80.09,False,False,ok,True
Tamil Nadu,TN,State,South,2015,AoW,Assault on Women,1163,3.23,72147030,36001223,80.09,False,False,ok,True
Tamil Nadu,TN,State,South,2016,AoW,Assault on Women,854,2.37,72147030,36001223,80.09,False,False,ok,True
Tamil Nadu,TN,State,South,2017,AoW,Assault on Women,744,2.07,72147030,36001223,80.09,False,False,ok,True
Tamil Nadu,TN,State,South,2018,AoW,Assault on Women,814,2.26,72147030,36001223,80.09,False,False,ok,True
Tamil Nadu,TN,State,South,2019,AoW,Assault on Women,803,2.23,72147030,36001223,80.09,False,False,ok,True
Tamil Nadu,TN,State,South,2020,AoW,Assault on Women,892,2.48,72147030,36001223,80.09,False,False,ok,True
Tamil Nadu,TN,State,South,2021,AoW,Assault on Women,1077,2.99,72147030,36001223,80.09,False,False,ok,True
Telangana,TG,State,South,2011,AoW,Assault on Women,0,0.0,35193978,17490770,66.54,True,True,entity_not_formed,False
Telangana,TG,State,South,2012,AoW,Assault on Women,0,0.0,35193978,17490770,66.54,True,False,entity_not_formed,False
Telangana,TG,State,South,2013,AoW,Assault on Women,0,0.0,35193978,17490770,66.54,True,False,entity_not_formed,False
Telangana,TG,State,South,2014,AoW,Assault on Women,3188,18.23,35193978,17490770,66.54,False,False,ok,True
Telangana,TG,State,South,2015,AoW,Assault on Women,3608,20.63,35193978,17490770,66.54,False,False,ok,True
Telangana,TG,State,South,2016,AoW,Assault on Women,3767,21.54,35193978,17490770,66.54,False,False,ok,True
Telangana,TG,State,South,2017,AoW,Assault on Women,4409,25.21,35193978,17490770,66.54,False,False,ok,True
Telangana,TG,State,South,2018,AoW,Assault on Women,4567,26.11,35193978,17490770,66.54,False,False,ok,True
Telangana,TG,State,South,2019,AoW,Assault on Women,4190,23.96,35193978,17490770,66.54,False,False,ok,True
Telangana,TG,State,South,2020,AoW,Assault on Women,4907,28.05,35193978,17490770,66.54,False,False,ok,True
Telangana,TG,State,South,2021,AoW,Assault on Women,4365,24.96,35193978,17490770,66.54,False,False,ok,True
Tripura,TR,State,North East,2001,AoW,Assault on Women,58,3.22,3673917,1799470,87.22,False,False,ok,True
Tripura,TR,State,North East,2002,AoW,Assault on Women,128,7.11,3673917,1799470,87.22,False,False,ok,True
Tripura,TR,State,North East,2003,AoW,Assault on Women,127,7.06,3673917,1799470,87.22,False,False,ok,True
Tripura,TR,State,North East,2004,AoW,Assault on Women,134,7.45,3673917,1799470,87.22,False,False,ok,True
Tripura,TR,State,North East,2005,AoW,Assault on Women,161,8.95,3673917,1799470,87.22,False,False,ok,True
Tripura,TR,State,North East,2006,AoW,Assault on Women,207,11.5,3673917,1799470,87.22,False,False,ok,True
Tripura,TR,State,North East,2007,AoW,Assault on Women,244,13.56,3673917,1799470,87.22,False,False,ok,True
Tripura,TR,State,North East,2008,AoW,Assault on Women,346,19.23,3673917,1799470,87.22,False,False,ok,True
Tripura,TR,State,North East,2009,AoW,Assault on Women,384,21.34,3673917,1799470,87.22,False,False,ok,True
Tripura,TR,State,North East,2010,AoW,Assault on Women,376,20.9,3673917,1799470,87.22,False,False,ok,True
Tripura,TR,State,North East,2011,AoW,Assault on Women,0,0.0,3673917,1799470,87.22,False,True,source_gap,False
Tripura,TR,State,North East,2012,AoW,Assault on Women,314,17.45,3673917,1799470,87.22,False,False,ok,True
Tripura,TR,State,North East,2013,AoW,Assault on Women,407,22.62,3673917,1799470,87.22,False,False,ok,True
Tripura,TR,State,North East,2014,AoW,Assault on Women,492,27.34,3673917,1799470,87.22,False,False,ok,True
Tripura,TR,State,North East,2015,AoW,Assault on Women,352,19.56,3673917,1799470,87.22,False,False,ok,True
Tripura,TR,State,North East,2016,AoW,Assault on Women,214,11.89,3673917,1799470,87.22,False,False,ok,True
Tripura,TR,State,North East,2017,AoW,Assault on Women,225,12.5,3673917,1799470,87.22,False,False,ok,True
Tripura,TR,State,North East,2018,AoW,Assault on Women,165,9.17,3673917,1799470,87.22,False,False,ok,True
Tripura,TR,State,North East,2019,AoW,Assault on Women,153,8.5,3673917,1799470,87.22,False,False,ok,True
Tripura,TR,State,North East,2020,AoW,Assault on Women,115,6.39,3673917,1799470,87.22,False,False,ok,True
Tripura,TR,State,North East,2021,AoW,Assault on Women,94,5.22,3673917,1799470,87.22,False,False,ok,True
Uttar Pradesh,UP,State,Central,2001,AoW,Assault on Women,2870,3.01,199812341,95307979,67.68,False,False,ok,True
Uttar Pradesh,UP,State,Central,2002,AoW,Assault on Women,2145,2.25,199812341,95307979,67.68,False,False,ok,True
Uttar Pradesh,UP,State,Central,2003,AoW,Assault on Women,1098,1.15,199812341,95307979,67.68,False,False,ok,True
Uttar Pradesh,UP,State,Central,2004,AoW,Assault on Women,1900,1.99,199812341,95307979,67.68,False,False,ok,True
Uttar Pradesh,UP,State,Central,2005,AoW,Assault on Women,1835,1.93,199812341,95307979,67.68,False,False,ok,True
Uttar Pradesh,UP,State,Central,2006,AoW,Assault on Women,2096,2.2,199812341,95307979,67.68,False,False,ok,True
Uttar Pradesh,UP,State,Central,2007,AoW,Assault on Women,2522,2.65,199812341,95307979,67.68,False,False,ok,True
Uttar Pradesh,UP,State,Central,2008,AoW,Assault on Women,2955,3.1,199812341,95307979,67.68,False,False,ok,True
Uttar Pradesh,UP,State,Central,2009,AoW,Assault on Women,2782,2.92,199812341,95307979,67.68,False,False,ok,True
Uttar Pradesh,UP,State,Central,2010,AoW,Assault on Women,2793,2.93,199812341,95307979,67.68,False,False,ok,True
Uttar Pradesh,UP,State,Central,2011,AoW,Assault on Women,0,0.0,199812341,95307979,67.68,False,True,source_gap,False
Uttar Pradesh,UP,State,Central,2012,AoW,Assault on Women,3247,3.41,199812341,95307979,67.68,False,False,ok,True
Uttar Pradesh,UP,State,Central,2013,AoW,Assault on Women,7303,7.66,199812341,95307979,67.68,False,False,ok,True
Uttar Pradesh,UP,State,Central,2014,AoW,Assault on Women,8605,9.03,199812341,95307979,67.68,False,False,ok,True
Uttar Pradesh,UP,State,Central,2015,AoW,Assault on Women,7885,8.27,199812341,95307979,67.68,False,False,ok,True
Uttar Pradesh,UP,State,Central,2016,AoW,Assault on Women,11335,11.89,199812341,95307979,67.68,False,False,ok,True
Uttar Pradesh,UP,State,Central,2017,AoW,Assault on Women,12607,13.23,199812341,95307979,67.68,False,False,ok,True
Uttar Pradesh,UP,State,Central,2018,AoW,Assault on Women,12555,13.17,199812341,95307979,67.68,False,False,ok,True
Uttar Pradesh,UP,State,Central,2019,AoW,Assault on Women,11988,12.58,199812341,95307979,67.68,False,False,ok,True
Uttar Pradesh,UP,State,Central,2020,AoW,Assault on Women,9864,10.35,199812341,95307979,67.68,False,False,ok,True
Uttar Pradesh,UP,State,Central,2021,AoW,Assault on Women,9393,9.86,199812341,95307979,67.68,False,False,ok,True
Uttarakhand,UK,State,North,2001,AoW,Assault on Women,103,2.08,10086292,4948089,78.82,False,False,ok,True
Uttarakhand,UK,State,North,2002,AoW,Assault on Women,145,2.93,10086292,4948089,78.82,False,False,ok,True
Uttarakhand,UK,State,North,2003,AoW,Assault on Women,136,2.75,10086292,4948089,78.82,False,False,ok,True
Uttarakhand,UK,State,North,2004,AoW,Assault on Women,143,2.89,10086292,4948089,78.82,False,False,ok,True
Uttarakhand,UK,State,North,2005,AoW,Assault on Women,100,2.02,10086292,4948089,78.82,False,False,ok,True
Uttarakhand,UK,State,North,2006,AoW,Assault on Women,153,3.09,10086292,4948089,78.82,False,False,ok,True
Uttarakhand,UK,State,North,2007,AoW,Assault on Women,146,2.95,10086292,4948089,78.82,False,False,ok,True
Uttarakhand,UK,State,North,2008,AoW,Assault on Women,120,2.43,10086292,4948089,78.82,False,False,ok,True
Uttarakhand,UK,State,North,2009,AoW,Assault on Women,119,2.4,10086292,4948089,78.82,False,False,ok,True
Uttarakhand,UK,State,North,2010,AoW,Assault on Women,125,2.53,10086292,4948089,78.82,False,False,ok,True
Uttarakhand,UK,State,North,2011,AoW,Assault on Women,0,0.0,10086292,4948089,78.82,False,True,source_gap,False
Uttarakhand,UK,State,North,2012,AoW,Assault on Women,139,2.81,10086292,4948089,78.82,False,False,ok,True
Uttarakhand,UK,State,North,2013,AoW,Assault on Women,295,5.96,10086292,4948089,78.82,False,False,ok,True
Uttarakhand,UK,State,North,2014,AoW,Assault on Women,343,6.93,10086292,4948089,78.82,False,False,ok,True
Uttarakhand,UK,State,North,2015,AoW,Assault on Women,318,6.43,10086292,4948089,78.82,False,False,ok,True
Uttarakhand,UK,State,North,2016,AoW,Assault on Women,344,6.95,10086292,4948089,78.82,False,False,ok,True
Uttarakhand,UK,State,North,2017,AoW,Assault on Women,435,8.79,10086292,4948089,78.82,False,False,ok,True
Uttarakhand,UK,State,North,2018,AoW,Assault on Women,548,11.07,10086292,4948089,78.82,False,False,ok,True
Uttarakhand,UK,State,North,2019,AoW,Assault on Women,475,9.6,10086292,4948089,78.82,False,False,ok,True
Uttarakhand,UK,State,North,2020,AoW,Assault on Women,474,9.58,10086292,4948089,78.82,False,False,ok,True
Uttarakhand,UK,State,North,2021,AoW,Assault on Women,655,13.24,10086292,4948089,78.82,False,False,ok,True
West Bengal,WB,State,East,2001,AoW,Assault on Women,954,2.15,91276115,44467851,76.26,False,False,ok,True
West Bengal,WB,State,East,2002,AoW,Assault on Women,964,2.17,91276115,44467851,76.26,False,False,ok,True
West Bengal,WB,State,East,2003,AoW,Assault on Women,1186,2.67,91276115,44467851,76.26,False,False,ok,True
West Bengal,WB,State,East,2004,AoW,Assault on Women,1566,3.52,91276115,44467851,76.26,False,False,ok,True
West Bengal,WB,State,East,2005,AoW,Assault on Women,1572,3.54,91276115,44467851,76.26,False,False,ok,True
West Bengal,WB,State,East,2006,AoW,Assault on Women,1837,4.13,91276115,44467851,76.26,False,False,ok,True
West Bengal,WB,State,East,2007,AoW,Assault on Women,2281,5.13,91276115,44467851,76.26,False,False,ok,True
West Bengal,WB,State,East,2008,AoW,Assault on Women,2396,5.39,91276115,44467851,76.26,False,False,ok,True
West Bengal,WB,State,East,2009,AoW,Assault on Women,1942,4.37,91276115,44467851,76.26,False,False,ok,True
West Bengal,WB,State,East,2010,AoW,Assault on Women,2465,5.54,91276115,44467851,76.26,False,False,ok,True
West Bengal,WB,State,East,2011,AoW,Assault on Women,0,0.0,91276115,44467851,76.26,False,True,source_gap,False
West Bengal,WB,State,East,2012,AoW,Assault on Women,3345,7.52,91276115,44467851,76.26,False,False,ok,True
West Bengal,WB,State,East,2013,AoW,Assault on Women,4913,11.05,91276115,44467851,76.26,False,False,ok,True
West Bengal,WB,State,East,2014,AoW,Assault on Women,5670,12.75,91276115,44467851,76.26,False,False,ok,True
West Bengal,WB,State,East,2015,AoW,Assault on Women,5069,11.4,91276115,44467851,76.26,False,False,ok,True
West Bengal,WB,State,East,2016,AoW,Assault on Women,4177,9.39,91276115,44467851,76.26,False,False,ok,True
West Bengal,WB,State,East,2017,AoW,Assault on Women,3832,8.62,91276115,44467851,76.26,False,False,ok,True
West Bengal,WB,State,East,2018,AoW,Assault on Women,3399,7.64,91276115,44467851,76.26,False,False,ok,True
West Bengal,WB,State,East,2019,AoW,Assault on Women,3399,7.64,91276115,44467851,76.26,False,False,ok,True
West Bengal,WB,State,East,2020,AoW,Assault on Women,2488,5.6,91276115,44467851,76.26,False,False,ok,True
West Bengal,WB,State,East,2021,AoW,Assault on Women,2485,5.59,91276115,44467851,76.26,False,False,ok,True
A & N Islands,AN,Union Territory,Islands,2001,K&A,Kidnapping & Abduction,2,1.13,380581,177713,86.63,False,False,ok,True
A & N Islands,AN,Union Territory,Islands,2002,K&A,Kidnapping & Abduction,1,0.56,380581,177713,86.63,False,False,ok,True
A & N Islands,AN,Union Territory,Islands,2003,K&A,Kidnapping & Abduction,2,1.13,380581,177713,86.63,False,False,ok,True
A & N Islands,AN,Union Territory,Islands,2004,K&A,Kidnapping & Abduction,3,1.69,380581,177713,86.63,False,False,ok,True
A & N Islands,AN,Union Territory,Islands,2005,K&A,Kidnapping & Abduction,1,0.56,380581,177713,86.63,False,False,ok,True
A & N Islands,AN,Union Territory,Islands,2006,K&A,Kidnapping & Abduction,5,2.81,380581,177713,86.63,False,False,ok,True
A & N Islands,AN,Union Territory,Islands,2007,K&A,Kidnapping & Abduction,9,5.06,380581,177713,86.63,False,False,ok,True
A & N Islands,AN,Union Territory,Islands,2008,K&A,Kidnapping & Abduction,13,7.32,380581,177713,86.63,False,False,ok,True
A & N Islands,AN,Union Territory,Islands,2009,K&A,Kidnapping & Abduction,14,7.88,380581,177713,86.63,False,False,ok,True
A & N Islands,AN,Union Territory,Islands,2010,K&A,Kidnapping & Abduction,8,4.5,380581,177713,86.63,False,False,ok,True
A & N Islands,AN,Union Territory,Islands,2011,K&A,Kidnapping & Abduction,12,6.75,380581,177713,86.63,False,False,ok,True
A & N Islands,AN,Union Territory,Islands,2012,K&A,Kidnapping & Abduction,7,3.94,380581,177713,86.63,False,False,ok,True
A & N Islands,AN,Union Territory,Islands,2013,K&A,Kidnapping & Abduction,12,6.75,380581,177713,86.63,False,False,ok,True
A & N Islands,AN,Union Territory,Islands,2014,K&A,Kidnapping & Abduction,17,9.57,380581,177713,86.63,False,False,ok,True
A & N Islands,AN,Union Territory,Islands,2015,K&A,Kidnapping & Abduction,21,11.82,380581,177713,86.63,False,False,ok,True
A & N Islands,AN,Union Territory,Islands,2016,K&A,Kidnapping & Abduction,21,11.82,380581,177713,86.63,False,False,ok,True
A & N Islands,AN,Union Territory,Islands,2017,K&A,Kidnapping & Abduction,3,1.69,380581,177713,86.63,False,False,ok,True
A & N Islands,AN,Union Territory,Islands,2018,K&A,Kidnapping & Abduction,2,1.13,380581,177713,86.63,False,False,ok,True
A & N Islands,AN,Union Territory,Islands,2019,K&A,Kidnapping & Abduction,0,0.0,380581,177713,86.63,False,False,ok,True
A & N Islands,AN,Union Territory,Islands,2020,K&A,Kidnapping & Abduction,1,0.56,380581,177713,86.63,False,False,ok,True
A & N Islands,AN,Union Territory,Islands,2021,K&A,Kidnapping & Abduction,0,0.0,380581,177713,86.63,False,False,ok,True
Andhra Pradesh,AP,State,South,2001,K&A,Kidnapping & Abduction,765,3.11,49386799,24606669,67.02,False,False,ok,True
Andhra Pradesh,AP,State,South,2002,K&A,Kidnapping & Abduction,854,3.47,49386799,24606669,67.02,False,False,ok,True
Andhra Pradesh,AP,State,South,2003,K&A,Kidnapping & Abduction,931,3.78,49386799,24606669,67.02,False,False,ok,True
Andhra Pradesh,AP,State,South,2004,K&A,Kidnapping & Abduction,1030,4.19,49386799,24606669,67.02,False,False,ok,True
Andhra Pradesh,AP,State,South,2005,K&A,Kidnapping & Abduction,995,4.04,49386799,24606669,67.02,False,False,ok,True
Andhra Pradesh,AP,State,South,2006,K&A,Kidnapping & Abduction,1329,5.4,49386799,24606669,67.02,False,False,ok,True
Andhra Pradesh,AP,State,South,2007,K&A,Kidnapping & Abduction,1564,6.36,49386799,24606669,67.02,False,False,ok,True
Andhra Pradesh,AP,State,South,2008,K&A,Kidnapping & Abduction,1396,5.67,49386799,24606669,67.02,False,False,ok,True
Andhra Pradesh,AP,State,South,2009,K&A,Kidnapping & Abduction,1526,6.2,49386799,24606669,67.02,False,False,ok,True
Andhra Pradesh,AP,State,South,2010,K&A,Kidnapping & Abduction,1531,6.22,49386799,24606669,67.02,False,False,ok,True
Andhra Pradesh,AP,State,South,2011,K&A,Kidnapping & Abduction,1612,6.55,49386799,24606669,67.02,False,False,ok,True
Andhra Pradesh,AP,State,South,2012,K&A,Kidnapping & Abduction,1403,5.7,49386799,24606669,67.02,False,False,ok,True
Andhra Pradesh,AP,State,South,2013,K&A,Kidnapping & Abduction,1595,6.48,49386799,24606669,67.02,False,False,ok,True
Andhra Pradesh,AP,State,South,2014,K&A,Kidnapping & Abduction,721,2.93,49386799,24606669,67.02,False,False,ok,True
Andhra Pradesh,AP,State,South,2015,K&A,Kidnapping & Abduction,684,2.78,49386799,24606669,67.02,False,False,ok,True
Andhra Pradesh,AP,State,South,2016,K&A,Kidnapping & Abduction,626,2.54,49386799,24606669,67.02,False,False,ok,True
Andhra Pradesh,AP,State,South,2017,K&A,Kidnapping & Abduction,712,2.89,49386799,24606669,67.02,False,False,ok,True
Andhra Pradesh,AP,State,South,2018,K&A,Kidnapping & Abduction,697,2.83,49386799,24606669,67.02,False,False,ok,True
Andhra Pradesh,AP,State,South,2019,K&A,Kidnapping & Abduction,589,2.39,49386799,24606669,67.02,False,False,ok,True
Andhra Pradesh,AP,State,South,2020,K&A,Kidnapping & Abduction,534,2.17,49386799,24606669,67.02,False,False,ok,True
Andhra Pradesh,AP,State,South,2021,K&A,Kidnapping & Abduction,613,2.49,49386799,24606669,67.02,False,False,ok,True
Arunachal Pradesh,AR,State,North East,2001,K&A,Kidnapping & Abduction,55,8.21,1383727,669730,65.38,False,False,ok,True
Arunachal Pradesh,AR,State,North East,2002,K&A,Kidnapping & Abduction,38,5.67,1383727,669730,65.38,False,False,ok,True
Arunachal Pradesh,AR,State,North East,2003,K&A,Kidnapping & Abduction,51,7.62,1383727,669730,65.38,False,False,ok,True
Arunachal Pradesh,AR,State,North East,2004,K&A,Kidnapping & Abduction,41,6.12,1383727,669730,65.38,False,False,ok,True
Arunachal Pradesh,AR,State,North East,2005,K&A,Kidnapping & Abduction,39,5.82,1383727,669730,65.38,False,False,ok,True
Arunachal Pradesh,AR,State,North East,2006,K&A,Kidnapping & Abduction,51,7.62,1383727,669730,65.38,False,False,ok,True
Arunachal Pradesh,AR,State,North East,2007,K&A,Kidnapping & Abduction,44,6.57,1383727,669730,65.38,False,False,ok,True
Arunachal Pradesh,AR,State,North East,2008,K&A,Kidnapping & Abduction,47,7.02,1383727,669730,65.38,False,False,ok,True
Arunachal Pradesh,AR,State,North East,2009,K&A,Kidnapping & Abduction,28,4.18,1383727,669730,65.38,False,False,ok,True
Arunachal Pradesh,AR,State,North East,2010,K&A,Kidnapping & Abduction,46,6.87,1383727,669730,65.38,False,False,ok,True
Arunachal Pradesh,AR,State,North East,2011,K&A,Kidnapping & Abduction,60,8.96,1383727,669730,65.38,False,False,ok,True
Arunachal Pradesh,AR,State,North East,2012,K&A,Kidnapping & Abduction,58,8.66,1383727,669730,65.38,False,False,ok,True
Arunachal Pradesh,AR,State,North East,2013,K&A,Kidnapping & Abduction,86,12.84,1383727,669730,65.38,False,False,ok,True
Arunachal Pradesh,AR,State,North East,2014,K&A,Kidnapping & Abduction,91,13.59,1383727,669730,65.38,False,False,ok,True
Arunachal Pradesh,AR,State,North East,2015,K&A,Kidnapping & Abduction,128,19.11,1383727,669730,65.38,False,False,ok,True
Arunachal Pradesh,AR,State,North East,2016,K&A,Kidnapping & Abduction,85,12.69,1383727,669730,65.38,False,False,ok,True
Arunachal Pradesh,AR,State,North East,2017,K&A,Kidnapping & Abduction,74,11.05,1383727,669730,65.38,False,False,ok,True
Arunachal Pradesh,AR,State,North East,2018,K&A,Kidnapping & Abduction,87,12.99,1383727,669730,65.38,False,False,ok,True
Arunachal Pradesh,AR,State,North East,2019,K&A,Kidnapping & Abduction,68,10.15,1383727,669730,65.38,False,False,ok,True
Arunachal Pradesh,AR,State,North East,2020,K&A,Kidnapping & Abduction,45,6.72,1383727,669730,65.38,False,False,ok,True
Arunachal Pradesh,AR,State,North East,2021,K&A,Kidnapping & Abduction,50,7.47,1383727,669730,65.38,False,False,ok,True
Assam,AS,State,North East,2001,K&A,Kidnapping & Abduction,1070,7.01,31205576,15268101,72.19,False,False,ok,True
Assam,AS,State,North East,2002,K&A,Kidnapping & Abduction,1276,8.36,31205576,15268101,72.19,False,False,ok,True
Assam,AS,State,North East,2003,K&A,Kidnapping & Abduction,1351,8.85,31205576,15268101,72.19,False,False,ok,True
Assam,AS,State,North East,2004,K&A,Kidnapping & Abduction,1552,10.16,31205576,15268101,72.19,False,False,ok,True
Assam,AS,State,North East,2005,K&A,Kidnapping & Abduction,1456,9.54,31205576,15268101,72.19,False,False,ok,True
Assam,AS,State,North East,2006,K&A,Kidnapping & Abduction,1544,10.11,31205576,15268101,72.19,False,False,ok,True
Assam,AS,State,North East,2007,K&A,Kidnapping & Abduction,1471,9.63,31205576,15268101,72.19,False,False,ok,True
Assam,AS,State,North East,2008,K&A,Kidnapping & Abduction,1789,11.72,31205576,15268101,72.19,False,False,ok,True
Assam,AS,State,North East,2009,K&A,Kidnapping & Abduction,2092,13.7,31205576,15268101,72.19,False,False,ok,True
Assam,AS,State,North East,2010,K&A,Kidnapping & Abduction,2767,18.12,31205576,15268101,72.19,False,False,ok,True
Assam,AS,State,North East,2011,K&A,Kidnapping & Abduction,3192,20.91,31205576,15268101,72.19,False,False,ok,True
Assam,AS,State,North East,2012,K&A,Kidnapping & Abduction,3360,22.01,31205576,15268101,72.19,False,False,ok,True
Assam,AS,State,North East,2013,K&A,Kidnapping & Abduction,4222,27.65,31205576,15268101,72.19,False,False,ok,True
Assam,AS,State,North East,2014,K&A,Kidnapping & Abduction,3895,25.51,31205576,15268101,72.19,False,False,ok,True
Assam,AS,State,North East,2015,K&A,Kidnapping & Abduction,5039,33.0,31205576,15268101,72.19,False,False,ok,True
Assam,AS,State,North East,2016,K&A,Kidnapping & Abduction,5339,34.97,31205576,15268101,72.19,False,False,ok,True
Assam,AS,State,North East,2017,K&A,Kidnapping & Abduction,5554,36.38,31205576,15268101,72.19,False,False,ok,True
Assam,AS,State,North East,2018,K&A,Kidnapping & Abduction,6401,41.92,31205576,15268101,72.19,False,False,ok,True
Assam,AS,State,North East,2019,K&A,Kidnapping & Abduction,6989,45.78,31205576,15268101,72.19,False,False,ok,True
Assam,AS,State,North East,2020,K&A,Kidnapping & Abduction,5364,35.13,31205576,15268101,72.19,False,False,ok,True
Assam,AS,State,North East,2021,K&A,Kidnapping & Abduction,5739,37.59,31205576,15268101,72.19,False,False,ok,True
Bihar,BR,State,East,2001,K&A,Kidnapping & Abduction,518,1.04,104099452,49824451,61.8,False,False,ok,True
Bihar,BR,State,East,2002,K&A,Kidnapping & Abduction,744,1.49,104099452,49824451,61.8,False,False,ok,True
Bihar,BR,State,East,2003,K&A,Kidnapping & Abduction,674,1.35,104099452,49824451,61.8,False,False,ok,True
Bihar,BR,State,East,2004,K&A,Kidnapping & Abduction,997,2.0,104099452,49824451,61.8,False,False,ok,True
Bihar,BR,State,East,2005,K&A,Kidnapping & Abduction,929,1.86,104099452,49824451,61.8,False,False,ok,True
Bihar,BR,State,East,2006,K&A,Kidnapping & Abduction,1084,2.18,104099452,49824451,61.8,False,False,ok,True
Bihar,BR,State,East,2007,K&A,Kidnapping & Abduction,1260,2.53,104099452,49824451,61.8,False,False,ok,True
Bihar,BR,State,East,2008,K&A,Kidnapping & Abduction,1789,3.59,104099452,49824451,61.8,False,False,ok,True
Bihar,BR,State,East,2009,K&A,Kidnapping & Abduction,1986,3.99,104099452,49824451,61.8,False,False,ok,True
Bihar,BR,State,East,2010,K&A,Kidnapping & Abduction,2569,5.16,104099452,49824451,61.8,False,False,ok,True
Bihar,BR,State,East,2011,K&A,Kidnapping & Abduction,3050,6.12,104099452,49824451,61.8,False,False,ok,True
Bihar,BR,State,East,2012,K&A,Kidnapping & Abduction,3789,7.6,104099452,49824451,61.8,False,False,ok,True
Bihar,BR,State,East,2013,K&A,Kidnapping & Abduction,4419,8.87,104099452,49824451,61.8,False,False,ok,True
Bihar,BR,State,East,2014,K&A,Kidnapping & Abduction,4735,9.5,104099452,49824451,61.8,False,False,ok,True
Bihar,BR,State,East,2015,K&A,Kidnapping & Abduction,5158,10.35,104099452,49824451,61.8,False,False,ok,True
Bihar,BR,State,East,2016,K&A,Kidnapping & Abduction,5496,11.03,104099452,49824451,61.8,False,False,ok,True
Bihar,BR,State,East,2017,K&A,Kidnapping & Abduction,6182,12.41,104099452,49824451,61.8,False,False,ok,True
Bihar,BR,State,East,2018,K&A,Kidnapping & Abduction,7951,15.96,104099452,49824451,61.8,False,False,ok,True
Bihar,BR,State,East,2019,K&A,Kidnapping & Abduction,9025,18.11,104099452,49824451,61.8,False,False,ok,True
Bihar,BR,State,East,2020,K&A,Kidnapping & Abduction,6671,13.39,104099452,49824451,61.8,False,False,ok,True
Bihar,BR,State,East,2021,K&A,Kidnapping & Abduction,8661,17.38,104099452,49824451,61.8,False,False,ok,True
Chandigarh,CH,Union Territory,North,2001,K&A,Kidnapping & Abduction,50,10.53,1055450,474894,86.05,False,False,ok,True
Chandigarh,CH,Union Territory,North,2002,K&A,Kidnapping & Abduction,47,9.9,1055450,474894,86.05,False,False,ok,True
Chandigarh,CH,Union Territory,North,2003,K&A,Kidnapping & Abduction,28,5.9,1055450,474894,86.05,False,False,ok,True
Chandigarh,CH,Union Territory,North,2004,K&A,Kidnapping & Abduction,43,9.05,1055450,474894,86.05,False,False,ok,True
Chandigarh,CH,Union Territory,North,2005,K&A,Kidnapping & Abduction,45,9.48,1055450,474894,86.05,False,False,ok,True
Chandigarh,CH,Union Territory,North,2006,K&A,Kidnapping & Abduction,57,12.0,1055450,474894,86.05,False,False,ok,True
Chandigarh,CH,Union Territory,North,2007,K&A,Kidnapping & Abduction,46,9.69,1055450,474894,86.05,False,False,ok,True
Chandigarh,CH,Union Territory,North,2008,K&A,Kidnapping & Abduction,42,8.84,1055450,474894,86.05,False,False,ok,True
Chandigarh,CH,Union Territory,North,2009,K&A,Kidnapping & Abduction,36,7.58,1055450,474894,86.05,False,False,ok,True
Chandigarh,CH,Union Territory,North,2010,K&A,Kidnapping & Abduction,28,5.9,1055450,474894,86.05,False,False,ok,True
Chandigarh,CH,Union Territory,North,2011,K&A,Kidnapping & Abduction,46,9.69,1055450,474894,86.05,False,False,ok,True
Chandigarh,CH,Union Territory,North,2012,K&A,Kidnapping & Abduction,66,13.9,1055450,474894,86.05,False,False,ok,True
Chandigarh,CH,Union Territory,North,2013,K&A,Kidnapping & Abduction,174,36.64,1055450,474894,86.05,False,False,ok,True
Chandigarh,CH,Union Territory,North,2014,K&A,Kidnapping & Abduction,133,28.01,1055450,474894,86.05,False,False,ok,True
Chandigarh,CH,Union Territory,North,2015,K&A,Kidnapping & Abduction,165,34.74,1055450,474894,86.05,False,False,ok,True
Chandigarh,CH,Union Territory,North,2016,K&A,Kidnapping & Abduction,112,23.58,1055450,474894,86.05,False,False,ok,True
Chandigarh,CH,Union Territory,North,2017,K&A,Kidnapping & Abduction,138,29.06,1055450,474894,86.05,False,False,ok,True
Chandigarh,CH,Union Territory,North,2018,K&A,Kidnapping & Abduction,139,29.27,1055450,474894,86.05,False,False,ok,True
Chandigarh,CH,Union Territory,North,2019,K&A,Kidnapping & Abduction,129,27.16,1055450,474894,86.05,False,False,ok,True
Chandigarh,CH,Union Territory,North,2020,K&A,Kidnapping & Abduction,90,18.95,1055450,474894,86.05,False,False,ok,True
Chandigarh,CH,Union Territory,North,2021,K&A,Kidnapping & Abduction,120,25.27,1055450,474894,86.05,False,False,ok,True
Chhattisgarh,CG,State,Central,2001,K&A,Kidnapping & Abduction,171,1.34,25545198,12714862,70.28,False,False,ok,True
Chhattisgarh,CG,State,Central,2002,K&A,Kidnapping & Abduction,154,1.21,25545198,12714862,70.28,False,False,ok,True
Chhattisgarh,CG,State,Central,2003,K&A,Kidnapping & Abduction,149,1.17,25545198,12714862,70.28,False,False,ok,True
Chhattisgarh,CG,State,Central,2004,K&A,Kidnapping & Abduction,174,1.37,25545198,12714862,70.28,False,False,ok,True
Chhattisgarh,CG,State,Central,2005,K&A,Kidnapping & Abduction,184,1.45,25545198,12714862,70.28,False,False,ok,True
Chhattisgarh,CG,State,Central,2006,K&A,Kidnapping & Abduction,178,1.4,25545198,12714862,70.28,False,False,ok,True
Chhattisgarh,CG,State,Central,2007,K&A,Kidnapping & Abduction,181,1.42,25545198,12714862,70.28,False,False,ok,True
Chhattisgarh,CG,State,Central,2008,K&A,Kidnapping & Abduction,216,1.7,25545198,12714862,70.28,False,False,ok,True
Chhattisgarh,CG,State,Central,2009,K&A,Kidnapping & Abduction,229,1.8,25545198,12714862,70.28,False,False,ok,True
Chhattisgarh,CG,State,Central,2010,K&A,Kidnapping & Abduction,279,2.19,25545198,12714862,70.28,False,False,ok,True
Chhattisgarh,CG,State,Central,2011,K&A,Kidnapping & Abduction,365,2.87,25545198,12714862,70.28,False,False,ok,True
Chhattisgarh,CG,State,Central,2012,K&A,Kidnapping & Abduction,350,2.75,25545198,12714862,70.28,False,False,ok,True
Chhattisgarh,CG,State,Central,2013,K&A,Kidnapping & Abduction,1881,14.79,25545198,12714862,70.28,False,False,ok,True
Chhattisgarh,CG,State,Central,2014,K&A,Kidnapping & Abduction,1393,10.96,25545198,12714862,70.28,False,False,ok,True
Chhattisgarh,CG,State,Central,2015,K&A,Kidnapping & Abduction,1354,10.65,25545198,12714862,70.28,False,False,ok,True
Chhattisgarh,CG,State,Central,2016,K&A,Kidnapping & Abduction,1447,11.38,25545198,12714862,70.28,False,False,ok,True
Chhattisgarh,CG,State,Central,2017,K&A,Kidnapping & Abduction,1457,11.46,25545198,12714862,70.28,False,False,ok,True
Chhattisgarh,CG,State,Central,2018,K&A,Kidnapping & Abduction,1842,14.49,25545198,12714862,70.28,False,False,ok,True
Chhattisgarh,CG,State,Central,2019,K&A,Kidnapping & Abduction,2033,15.99,25545198,12714862,70.28,False,False,ok,True
Chhattisgarh,CG,State,Central,2020,K&A,Kidnapping & Abduction,1341,10.55,25545198,12714862,70.28,False,False,ok,True
Chhattisgarh,CG,State,Central,2021,K&A,Kidnapping & Abduction,1158,9.11,25545198,12714862,70.28,False,False,ok,True
D & N Haveli and Daman & Diu,DN,Union Territory,West,2001,K&A,Kidnapping & Abduction,5,2.06,586956,242902,79.55,False,False,ok,True
D & N Haveli and Daman & Diu,DN,Union Territory,West,2002,K&A,Kidnapping & Abduction,7,2.88,586956,242902,79.55,False,False,ok,True
D & N Haveli and Daman & Diu,DN,Union Territory,West,2003,K&A,Kidnapping & Abduction,5,2.06,586956,242902,79.55,False,False,ok,True
D & N Haveli and Daman & Diu,DN,Union Territory,West,2004,K&A,Kidnapping & Abduction,7,2.88,586956,242902,79.55,False,False,ok,True
D & N Haveli and Daman & Diu,DN,Union Territory,West,2005,K&A,Kidnapping & Abduction,11,4.53,586956,242902,79.55,False,False,ok,True
D & N Haveli and Daman & Diu,DN,Union Territory,West,2006,K&A,Kidnapping & Abduction,15,6.18,586956,242902,79.55,False,False,ok,True
D & N Haveli and Daman & Diu,DN,Union Territory,West,2007,K&A,Kidnapping & Abduction,7,2.88,586956,242902,79.55,False,False,ok,True
D & N Haveli and Daman & Diu,DN,Union Territory,West,2008,K&A,Kidnapping & Abduction,12,4.94,586956,242902,79.55,False,False,ok,True
D & N Haveli and Daman & Diu,DN,Union Territory,West,2009,K&A,Kidnapping & Abduction,9,3.71,586956,242902,79.55,False,False,ok,True
D & N Haveli and Daman & Diu,DN,Union Territory,West,2010,K&A,Kidnapping & Abduction,12,4.94,586956,242902,79.55,False,False,ok,True
D & N Haveli and Daman & Diu,DN,Union Territory,West,2011,K&A,Kidnapping & Abduction,10,4.12,586956,242902,79.55,False,False,ok,True
D & N Haveli and Daman & Diu,DN,Union Territory,West,2012,K&A,Kidnapping & Abduction,9,3.71,586956,242902,79.55,False,False,ok,True
D & N Haveli and Daman & Diu,DN,Union Territory,West,2013,K&A,Kidnapping & Abduction,17,7.0,586956,242902,79.55,False,False,ok,True
D & N Haveli and Daman & Diu,DN,Union Territory,West,2014,K&A,Kidnapping & Abduction,8,3.29,586956,242902,79.55,False,False,ok,True
D & N Haveli and Daman & Diu,DN,Union Territory,West,2015,K&A,Kidnapping & Abduction,22,9.06,586956,242902,79.55,False,False,ok,True
D & N Haveli and Daman & Diu,DN,Union Territory,West,2016,K&A,Kidnapping & Abduction,14,5.76,586956,242902,79.55,False,False,ok,True
D & N Haveli and Daman & Diu,DN,Union Territory,West,2017,K&A,Kidnapping & Abduction,0,0.0,586956,242902,79.55,False,False,ok,True
D & N Haveli and Daman & Diu,DN,Union Territory,West,2018,K&A,Kidnapping & Abduction,0,0.0,586956,242902,79.55,False,False,ok,True
D & N Haveli and Daman & Diu,DN,Union Territory,West,2019,K&A,Kidnapping & Abduction,3,1.24,586956,242902,79.55,False,False,ok,True
D & N Haveli and Daman & Diu,DN,Union Territory,West,2020,K&A,Kidnapping & Abduction,0,0.0,586956,242902,79.55,False,False,ok,True
D & N Haveli and Daman & Diu,DN,Union Territory,West,2021,K&A,Kidnapping & Abduction,23,9.47,586956,242902,79.55,False,False,ok,True
Delhi UT,DL,Union Territory,North,2011,K&A,Kidnapping & Abduction,2085,26.73,16787941,7800821,86.21,False,False,ok,True
Delhi UT,DL,Union Territory,North,2012,K&A,Kidnapping & Abduction,2160,27.69,16787941,7800821,86.21,False,False,ok,True
Delhi UT,DL,Union Territory,North,2013,K&A,Kidnapping & Abduction,3609,46.26,16787941,7800821,86.21,False,False,ok,True
Delhi UT,DL,Union Territory,North,2014,K&A,Kidnapping & Abduction,4034,51.71,16787941,7800821,86.21,False,False,ok,True
Delhi UT,DL,Union Territory,North,2015,K&A,Kidnapping & Abduction,4301,55.14,16787941,7800821,86.21,False,False,ok,True
Delhi UT,DL,Union Territory,North,2016,K&A,Kidnapping & Abduction,3891,49.88,16787941,7800821,86.21,False,False,ok,True
Delhi UT,DL,Union Territory,North,2017,K&A,Kidnapping & Abduction,3783,48.49,16787941,7800821,86.21,False,False,ok,True
Delhi UT,DL,Union Territory,North,2018,K&A,Kidnapping & Abduction,3715,47.62,16787941,7800821,86.21,False,False,ok,True
Delhi UT,DL,Union Territory,North,2019,K&A,Kidnapping & Abduction,3672,47.07,16787941,7800821,86.21,False,False,ok,True
Delhi UT,DL,Union Territory,North,2020,K&A,Kidnapping & Abduction,2938,37.66,16787941,7800821,86.21,False,False,ok,True
Delhi UT,DL,Union Territory,North,2021,K&A,Kidnapping & Abduction,4083,52.34,16787941,7800821,86.21,False,False,ok,True
Goa,GA,State,West,2001,K&A,Kidnapping & Abduction,6,0.83,1458545,719293,88.7,False,False,ok,True
Goa,GA,State,West,2002,K&A,Kidnapping & Abduction,5,0.7,1458545,719293,88.7,False,False,ok,True
Goa,GA,State,West,2003,K&A,Kidnapping & Abduction,13,1.81,1458545,719293,88.7,False,False,ok,True
Goa,GA,State,West,2004,K&A,Kidnapping & Abduction,10,1.39,1458545,719293,88.7,False,False,ok,True
Goa,GA,State,West,2005,K&A,Kidnapping & Abduction,12,1.67,1458545,719293,88.7,False,False,ok,True
Goa,GA,State,West,2006,K&A,Kidnapping & Abduction,10,1.39,1458545,719293,88.7,False,False,ok,True
Goa,GA,State,West,2007,K&A,Kidnapping & Abduction,7,0.97,1458545,719293,88.7,False,False,ok,True
Goa,GA,State,West,2008,K&A,Kidnapping & Abduction,28,3.89,1458545,719293,88.7,False,False,ok,True
Goa,GA,State,West,2009,K&A,Kidnapping & Abduction,22,3.06,1458545,719293,88.7,False,False,ok,True
Goa,GA,State,West,2010,K&A,Kidnapping & Abduction,18,2.5,1458545,719293,88.7,False,False,ok,True
Goa,GA,State,West,2011,K&A,Kidnapping & Abduction,17,2.36,1458545,719293,88.7,False,False,ok,True
Goa,GA,State,West,2012,K&A,Kidnapping & Abduction,16,2.22,1458545,719293,88.7,False,False,ok,True
Goa,GA,State,West,2013,K&A,Kidnapping & Abduction,70,9.73,1458545,719293,88.7,False,False,ok,True
Goa,GA,State,West,2014,K&A,Kidnapping & Abduction,86,11.96,1458545,719293,88.7,False,False,ok,True
Goa,GA,State,West,2015,K&A,Kidnapping & Abduction,70,9.73,1458545,719293,88.7,False,False,ok,True
Goa,GA,State,West,2016,K&A,Kidnapping & Abduction,69,9.59,1458545,719293,88.7,False,False,ok,True
Goa,GA,State,West,2017,K&A,Kidnapping & Abduction,61,8.48,1458545,719293,88.7,False,False,ok,True
Goa,GA,State,West,2018,K&A,Kidnapping & Abduction,78,10.84,1458545,719293,88.7,False,False,ok,True
Goa,GA,State,West,2019,K&A,Kidnapping & Abduction,52,7.23,1458545,719293,88.7,False,False,ok,True
Goa,GA,State,West,2020,K&A,Kidnapping & Abduction,31,4.31,1458545,719293,88.7,False,False,ok,True
Goa,GA,State,West,2021,K&A,Kidnapping & Abduction,39,5.42,1458545,719293,88.7,False,False,ok,True
Gujarat,GJ,State,West,2001,K&A,Kidnapping & Abduction,857,2.96,60439692,28944282,78.03,False,False,ok,True
Gujarat,GJ,State,West,2002,K&A,Kidnapping & Abduction,807,2.79,60439692,28944282,78.03,False,False,ok,True
Gujarat,GJ,State,West,2003,K&A,Kidnapping & Abduction,859,2.97,60439692,28944282,78.03,False,False,ok,True
Gujarat,GJ,State,West,2004,K&A,Kidnapping & Abduction,905,3.13,60439692,28944282,78.03,False,False,ok,True
Gujarat,GJ,State,West,2005,K&A,Kidnapping & Abduction,916,3.16,60439692,28944282,78.03,False,False,ok,True
Gujarat,GJ,State,West,2006,K&A,Kidnapping & Abduction,945,3.26,60439692,28944282,78.03,False,False,ok,True
Gujarat,GJ,State,West,2007,K&A,Kidnapping & Abduction,1089,3.76,60439692,28944282,78.03,False,False,ok,True
Gujarat,GJ,State,West,2008,K&A,Kidnapping & Abduction,1119,3.87,60439692,28944282,78.03,False,False,ok,True
Gujarat,GJ,State,West,2009,K&A,Kidnapping & Abduction,1162,4.01,60439692,28944282,78.03,False,False,ok,True
Gujarat,GJ,State,West,2010,K&A,Kidnapping & Abduction,1290,4.46,60439692,28944282,78.03,False,False,ok,True
Gujarat,GJ,State,West,2011,K&A,Kidnapping & Abduction,1442,4.98,60439692,28944282,78.03,False,False,ok,True
Gujarat,GJ,State,West,2012,K&A,Kidnapping & Abduction,1527,5.28,60439692,28944282,78.03,False,False,ok,True
Gujarat,GJ,State,West,2013,K&A,Kidnapping & Abduction,2230,7.7,60439692,28944282,78.03,False,False,ok,True
Gujarat,GJ,State,West,2014,K&A,Kidnapping & Abduction,2187,7.56,60439692,28944282,78.03,False,False,ok,True
Gujarat,GJ,State,West,2015,K&A,Kidnapping & Abduction,1569,5.42,60439692,28944282,78.03,False,False,ok,True
Gujarat,GJ,State,West,2016,K&A,Kidnapping & Abduction,2146,7.41,60439692,28944282,78.03,False,False,ok,True
Gujarat,GJ,State,West,2017,K&A,Kidnapping & Abduction,1259,4.35,60439692,28944282,78.03,False,False,ok,True
Gujarat,GJ,State,West,2018,K&A,Kidnapping & Abduction,1024,3.54,60439692,28944282,78.03,False,False,ok,True
Gujarat,GJ,State,West,2019,K&A,Kidnapping & Abduction,922,3.19,60439692,28944282,78.03,False,False,ok,True
Gujarat,GJ,State,West,2020,K&A,Kidnapping & Abduction,597,2.06,60439692,28944282,78.03,False,False,ok,True
Gujarat,GJ,State,West,2021,K&A,Kidnapping & Abduction,881,3.04,60439692,28944282,78.03,False,False,ok,True
Haryana,HR,State,North,2001,K&A,Kidnapping & Abduction,297,2.5,25351462,11859465,75.55,False,False,ok,True
Haryana,HR,State,North,2002,K&A,Kidnapping & Abduction,290,2.45,25351462,11859465,75.55,False,False,ok,True
Haryana,HR,State,North,2003,K&A,Kidnapping & Abduction,271,2.29,25351462,11859465,75.55,False,False,ok,True
Haryana,HR,State,North,2004,K&A,Kidnapping & Abduction,292,2.46,25351462,11859465,75.55,False,False,ok,True
Haryana,HR,State,North,2005,K&A,Kidnapping & Abduction,344,2.9,25351462,11859465,75.55,False,False,ok,True
Haryana,HR,State,North,2006,K&A,Kidnapping & Abduction,431,3.63,25351462,11859465,75.55,False,False,ok,True
Haryana,HR,State,North,2007,K&A,Kidnapping & Abduction,554,4.67,25351462,11859465,75.55,False,False,ok,True
Haryana,HR,State,North,2008,K&A,Kidnapping & Abduction,644,5.43,25351462,11859465,75.55,False,False,ok,True
Haryana,HR,State,North,2009,K&A,Kidnapping & Abduction,659,5.56,25351462,11859465,75.55,False,False,ok,True
Haryana,HR,State,North,2010,K&A,Kidnapping & Abduction,714,6.02,25351462,11859465,75.55,False,False,ok,True
Haryana,HR,State,North,2011,K&A,Kidnapping & Abduction,733,6.18,25351462,11859465,75.55,False,False,ok,True
Haryana,HR,State,North,2012,K&A,Kidnapping & Abduction,900,7.59,25351462,11859465,75.55,False,False,ok,True
Haryana,HR,State,North,2013,K&A,Kidnapping & Abduction,1957,16.5,25351462,11859465,75.55,False,False,ok,True
Haryana,HR,State,North,2014,K&A,Kidnapping & Abduction,1922,16.21,25351462,11859465,75.55,False,False,ok,True
Haryana,HR,State,North,2015,K&A,Kidnapping & Abduction,2336,19.7,25351462,11859465,75.55,False,False,ok,True
Haryana,HR,State,North,2016,K&A,Kidnapping & Abduction,2697,22.74,25351462,11859465,75.55,False,False,ok,True
Haryana,HR,State,North,2017,K&A,Kidnapping & Abduction,2949,24.87,25351462,11859465,75.55,False,False,ok,True
Haryana,HR,State,North,2018,K&A,Kidnapping & Abduction,3419,28.83,25351462,11859465,75.55,False,False,ok,True
Haryana,HR,State,North,2019,K&A,Kidnapping & Abduction,2803,23.64,25351462,11859465,75.55,False,False,ok,True
Haryana,HR,State,North,2020,K&A,Kidnapping & Abduction,2423,20.43,25351462,11859465,75.55,False,False,ok,True
Haryana,HR,State,North,2021,K&A,Kidnapping & Abduction,2958,24.94,25351462,11859465,75.55,False,False,ok,True
Himachal Pradesh,HP,State,North,2001,K&A,Kidnapping & Abduction,105,3.1,6864602,3383567,82.8,False,False,ok,True
Himachal Pradesh,HP,State,North,2002,K&A,Kidnapping & Abduction,116,3.43,6864602,3383567,82.8,False,False,ok,True
Himachal Pradesh,HP,State,North,2003,K&A,Kidnapping & Abduction,96,2.84,6864602,3383567,82.8,False,False,ok,True
Himachal Pradesh,HP,State,North,2004,K&A,Kidnapping & Abduction,99,2.93,6864602,3383567,82.8,False,False,ok,True
Himachal Pradesh,HP,State,North,2005,K&A,Kidnapping & Abduction,102,3.01,6864602,3383567,82.8,False,False,ok,True
Himachal Pradesh,HP,State,North,2006,K&A,Kidnapping & Abduction,109,3.22,6864602,3383567,82.8,False,False,ok,True
Himachal Pradesh,HP,State,North,2007,K&A,Kidnapping & Abduction,150,4.43,6864602,3383567,82.8,False,False,ok,True
Himachal Pradesh,HP,State,North,2008,K&A,Kidnapping & Abduction,137,4.05,6864602,3383567,82.8,False,False,ok,True
Himachal Pradesh,HP,State,North,2009,K&A,Kidnapping & Abduction,122,3.61,6864602,3383567,82.8,False,False,ok,True
Himachal Pradesh,HP,State,North,2010,K&A,Kidnapping & Abduction,162,4.79,6864602,3383567,82.8,False,False,ok,True
Himachal Pradesh,HP,State,North,2011,K&A,Kidnapping & Abduction,191,5.64,6864602,3383567,82.8,False,False,ok,True
Himachal Pradesh,HP,State,North,2012,K&A,Kidnapping & Abduction,152,4.49,6864602,3383567,82.8,False,False,ok,True
Himachal Pradesh,HP,State,North,2013,K&A,Kidnapping & Abduction,290,8.57,6864602,3383567,82.8,False,False,ok,True
Himachal Pradesh,HP,State,North,2014,K&A,Kidnapping & Abduction,227,6.71,6864602,3383567,82.8,False,False,ok,True
Himachal Pradesh,HP,State,North,2015,K&A,Kidnapping & Abduction,239,7.06,6864602,3383567,82.8,False,False,ok,True
Himachal Pradesh,HP,State,North,2016,K&A,Kidnapping & Abduction,201,5.94,6864602,3383567,82.8,False,False,ok,True
Himachal Pradesh,HP,State,North,2017,K&A,Kidnapping & Abduction,242,7.15,6864602,3383567,82.8,False,False,ok,True
Himachal Pradesh,HP,State,North,2018,K&A,Kidnapping & Abduction,341,10.08,6864602,3383567,82.8,False,False,ok,True
Himachal Pradesh,HP,State,North,2019,K&A,Kidnapping & Abduction,337,9.96,6864602,3383567,82.8,False,False,ok,True
Himachal Pradesh,HP,State,North,2020,K&A,Kidnapping & Abduction,281,8.3,6864602,3383567,82.8,False,False,ok,True
Himachal Pradesh,HP,State,North,2021,K&A,Kidnapping & Abduction,344,10.17,6864602,3383567,82.8,False,False,ok,True
Jammu & Kashmir,JK,Union Territory,North,2001,K&A,Kidnapping & Abduction,504,8.71,12267013,5783391,67.16,False,False,ok,True
Jammu & Kashmir,JK,Union Territory,North,2002,K&A,Kidnapping & Abduction,596,10.31,12267013,5783391,67.16,False,False,ok,True
Jammu & Kashmir,JK,Union Territory,North,2003,K&A,Kidnapping & Abduction,615,10.63,12267013,5783391,67.16,False,False,ok,True
Jammu & Kashmir,JK,Union Territory,North,2004,K&A,Kidnapping & Abduction,632,10.93,12267013,5783391,67.16,False,False,ok,True
Jammu & Kashmir,JK,Union Territory,North,2005,K&A,Kidnapping & Abduction,658,11.38,12267013,5783391,67.16,False,False,ok,True
Jammu & Kashmir,JK,Union Territory,North,2006,K&A,Kidnapping & Abduction,723,12.5,12267013,5783391,67.16,False,False,ok,True
Jammu & Kashmir,JK,Union Territory,North,2007,K&A,Kidnapping & Abduction,707,12.22,12267013,5783391,67.16,False,False,ok,True
Jammu & Kashmir,JK,Union Territory,North,2008,K&A,Kidnapping & Abduction,656,11.34,12267013,5783391,67.16,False,False,ok,True
Jammu & Kashmir,JK,Union Territory,North,2009,K&A,Kidnapping & Abduction,825,14.26,12267013,5783391,67.16,False,False,ok,True
Jammu & Kashmir,JK,Union Territory,North,2010,K&A,Kidnapping & Abduction,840,14.52,12267013,5783391,67.16,False,False,ok,True
Jammu & Kashmir,JK,Union Territory,North,2011,K&A,Kidnapping & Abduction,1023,17.69,12267013,5783391,67.16,False,False,ok,True
Jammu & Kashmir,JK,Union Territory,North,2012,K&A,Kidnapping & Abduction,1041,18.0,12267013,5783391,67.16,False,False,ok,True
Jammu & Kashmir,JK,Union Territory,North,2013,K&A,Kidnapping & Abduction,949,16.41,12267013,5783391,67.16,False,False,ok,True
Jammu & Kashmir,JK,Union Territory,North,2014,K&A,Kidnapping & Abduction,813,14.06,12267013,5783391,67.16,False,False,ok,True
Jammu & Kashmir,JK,Union Territory,North,2015,K&A,Kidnapping & Abduction,1071,18.52,12267013,5783391,67.16,False,False,ok,True
Jammu & Kashmir,JK,Union Territory,North,2016,K&A,Kidnapping & Abduction,774,13.38,12267013,5783391,67.16,False,False,ok,True
Jammu & Kashmir,JK,Union Territory,North,2017,K&A,Kidnapping & Abduction,931,16.1,12267013,5783391,67.16,False,False,ok,True
Jammu & Kashmir,JK,Union Territory,North,2018,K&A,Kidnapping & Abduction,1061,18.35,12267013,5783391,67.16,False,False,ok,True
Jammu & Kashmir,JK,Union Territory,North,2019,K&A,Kidnapping & Abduction,893,15.44,12267013,5783391,67.16,False,False,ok,True
Jammu & Kashmir,JK,Union Territory,North,2020,K&A,Kidnapping & Abduction,775,13.4,12267013,5783391,67.16,False,False,ok,True
Jammu & Kashmir,JK,Union Territory,North,2021,K&A,Kidnapping & Abduction,904,15.63,12267013,5783391,67.16,False,False,ok,True
Jharkhand,JH,State,East,2001,K&A,Kidnapping & Abduction,279,1.74,32988134,16053774,66.41,False,False,ok,True
Jharkhand,JH,State,East,2002,K&A,Kidnapping & Abduction,178,1.11,32988134,16053774,66.41,False,False,ok,True
Jharkhand,JH,State,East,2003,K&A,Kidnapping & Abduction,262,1.63,32988134,16053774,66.41,False,False,ok,True
Jharkhand,JH,State,East,2004,K&A,Kidnapping & Abduction,178,1.11,32988134,16053774,66.41,False,False,ok,True
Jharkhand,JH,State,East,2005,K&A,Kidnapping & Abduction,283,1.76,32988134,16053774,66.41,False,False,ok,True
Jharkhand,JH,State,East,2006,K&A,Kidnapping & Abduction,410,2.55,32988134,16053774,66.41,False,False,ok,True
Jharkhand,JH,State,East,2007,K&A,Kidnapping & Abduction,534,3.33,32988134,16053774,66.41,False,False,ok,True
Jharkhand,JH,State,East,2008,K&A,Kidnapping & Abduction,499,3.11,32988134,16053774,66.41,False,False,ok,True
Jharkhand,JH,State,East,2009,K&A,Kidnapping & Abduction,517,3.22,32988134,16053774,66.41,False,False,ok,True
Jharkhand,JH,State,East,2010,K&A,Kidnapping & Abduction,696,4.34,32988134,16053774,66.41,False,False,ok,True
Jharkhand,JH,State,East,2011,K&A,Kidnapping & Abduction,660,4.11,32988134,16053774,66.41,False,False,ok,True
Jharkhand,JH,State,East,2012,K&A,Kidnapping & Abduction,786,4.9,32988134,16053774,66.41,False,False,ok,True
Jharkhand,JH,State,East,2013,K&A,Kidnapping & Abduction,926,5.77,32988134,16053774,66.41,False,False,ok,True
Jharkhand,JH,State,East,2014,K&A,Kidnapping & Abduction,885,5.51,32988134,16053774,66.41,False,False,ok,True
Jharkhand,JH,State,East,2015,K&A,Kidnapping & Abduction,930,5.79,32988134,16053774,66.41,False,False,ok,True
Jharkhand,JH,State,East,2016,K&A,Kidnapping & Abduction,693,4.32,32988134,16053774,66.41,False,False,ok,True
Jharkhand,JH,State,East,2017,K&A,Kidnapping & Abduction,1033,6.43,32988134,16053774,66.41,False,False,ok,True
Jharkhand,JH,State,East,2018,K&A,Kidnapping & Abduction,1018,6.34,32988134,16053774,66.41,False,False,ok,True
Jharkhand,JH,State,East,2019,K&A,Kidnapping & Abduction,1008,6.28,32988134,16053774,66.41,False,False,ok,True
Jharkhand,JH,State,East,2020,K&A,Kidnapping & Abduction,993,6.19,32988134,16053774,66.41,False,False,ok,True
Jharkhand,JH,State,East,2021,K&A,Kidnapping & Abduction,1159,7.22,32988134,16053774,66.41,False,False,ok,True
Karnataka,KA,State,South,2001,K&A,Kidnapping & Abduction,271,0.9,61095297,30129612,75.36,False,False,ok,True
Karnataka,KA,State,South,2002,K&A,Kidnapping & Abduction,300,1.0,61095297,30129612,75.36,False,False,ok,True
Karnataka,KA,State,South,2003,K&A,Kidnapping & Abduction,244,0.81,61095297,30129612,75.36,False,False,ok,True
Karnataka,KA,State,South,2004,K&A,Kidnapping & Abduction,286,0.95,61095297,30129612,75.36,False,False,ok,True
Karnataka,KA,State,South,2005,K&A,Kidnapping & Abduction,312,1.04,61095297,30129612,75.36,False,False,ok,True
Karnataka,KA,State,South,2006,K&A,Kidnapping & Abduction,328,1.09,61095297,30129612,75.36,False,False,ok,True
Karnataka,KA,State,South,2007,K&A,Kidnapping & Abduction,390,1.29,61095297,30129612,75.36,False,False,ok,True
Karnataka,KA,State,South,2008,K&A,Kidnapping & Abduction,405,1.34,61095297,30129612,75.36,False,False,ok,True
Karnataka,KA,State,South,2009,K&A,Kidnapping & Abduction,408,1.35,61095297,30129612,75.36,False,False,ok,True
Karnataka,KA,State,South,2010,K&A,Kidnapping & Abduction,586,1.94,61095297,30129612,75.36,False,False,ok,True
Karnataka,KA,State,South,2011,K&A,Kidnapping & Abduction,715,2.37,61095297,30129612,75.36,False,False,ok,True
Karnataka,KA,State,South,2012,K&A,Kidnapping & Abduction,1070,3.55,61095297,30129612,75.36,False,False,ok,True
Karnataka,KA,State,South,2013,K&A,Kidnapping & Abduction,1359,4.51,61095297,30129612,75.36,False,False,ok,True
Karnataka,KA,State,South,2014,K&A,Kidnapping & Abduction,1457,4.84,61095297,30129612,75.36,False,False,ok,True
Karnataka,KA,State,South,2015,K&A,Kidnapping & Abduction,1611,5.35,61095297,30129612,75.36,False,False,ok,True
Karnataka,KA,State,South,2016,K&A,Kidnapping & Abduction,1923,6.38,61095297,30129612,75.36,False,False,ok,True
Karnataka,KA,State,South,2017,K&A,Kidnapping & Abduction,967,3.21,61095297,30129612,75.36,False,False,ok,True
Karnataka,KA,State,South,2018,K&A,Kidnapping & Abduction,1240,4.12,61095297,30129612,75.36,False,False,ok,True
Karnataka,KA,State,South,2019,K&A,Kidnapping & Abduction,1056,3.5,61095297,30129612,75.36,False,False,ok,True
Karnataka,KA,State,South,2020,K&A,Kidnapping & Abduction,923,3.06,61095297,30129612,75.36,False,False,ok,True
Karnataka,KA,State,South,2021,K&A,Kidnapping & Abduction,906,3.01,61095297,30129612,75.36,False,False,ok,True
Kerala,KL,State,South,2001,K&A,Kidnapping & Abduction,97,0.56,33406061,17376281,94.0,False,False,ok,True
Kerala,KL,State,South,2002,K&A,Kidnapping & Abduction,91,0.52,33406061,17376281,94.0,False,False,ok,True
Kerala,KL,State,South,2003,K&A,Kidnapping & Abduction,102,0.59,33406061,17376281,94.0,False,False,ok,True
Kerala,KL,State,South,2004,K&A,Kidnapping & Abduction,142,0.82,33406061,17376281,94.0,False,False,ok,True
Kerala,KL,State,South,2005,K&A,Kidnapping & Abduction,129,0.74,33406061,17376281,94.0,False,False,ok,True
Kerala,KL,State,South,2006,K&A,Kidnapping & Abduction,202,1.16,33406061,17376281,94.0,False,False,ok,True
Kerala,KL,State,South,2007,K&A,Kidnapping & Abduction,177,1.02,33406061,17376281,94.0,False,False,ok,True
Kerala,KL,State,South,2008,K&A,Kidnapping & Abduction,166,0.96,33406061,17376281,94.0,False,False,ok,True
Kerala,KL,State,South,2009,K&A,Kidnapping & Abduction,173,1.0,33406061,17376281,94.0,False,False,ok,True
Kerala,KL,State,South,2010,K&A,Kidnapping & Abduction,184,1.06,33406061,17376281,94.0,False,False,ok,True
Kerala,KL,State,South,2011,K&A,Kidnapping & Abduction,221,1.27,33406061,17376281,94.0,False,False,ok,True
Kerala,KL,State,South,2012,K&A,Kidnapping & Abduction,214,1.23,33406061,17376281,94.0,False,False,ok,True
Kerala,KL,State,South,2013,K&A,Kidnapping & Abduction,185,1.06,33406061,17376281,94.0,False,False,ok,True
Kerala,KL,State,South,2014,K&A,Kidnapping & Abduction,143,0.82,33406061,17376281,94.0,False,False,ok,True
Kerala,KL,State,South,2015,K&A,Kidnapping & Abduction,192,1.1,33406061,17376281,94.0,False,False,ok,True
Kerala,KL,State,South,2016,K&A,Kidnapping & Abduction,166,0.96,33406061,17376281,94.0,False,False,ok,True
Kerala,KL,State,South,2017,K&A,Kidnapping & Abduction,184,1.06,33406061,17376281,94.0,False,False,ok,True
Kerala,KL,State,South,2018,K&A,Kidnapping & Abduction,173,1.0,33406061,17376281,94.0,False,False,ok,True
Kerala,KL,State,South,2019,K&A,Kidnapping & Abduction,227,1.31,33406061,17376281,94.0,False,False,ok,True
Kerala,KL,State,South,2020,K&A,Kidnapping & Abduction,151,0.87,33406061,17376281,94.0,False,False,ok,True
Kerala,KL,State,South,2021,K&A,Kidnapping & Abduction,179,1.03,33406061,17376281,94.0,False,False,ok,True
Ladakh,LA,Union Territory,North,2020,K&A,Kidnapping & Abduction,0,0.0,274289,117552,77.2,False,False,ok,True
Ladakh,LA,Union Territory,North,2021,K&A,Kidnapping & Abduction,1,0.85,274289,117552,77.2,False,False,ok,True
Lakshadweep,LD,Union Territory,Islands,2001,K&A,Kidnapping & Abduction,0,0.0,64473,31342,91.85,False,False,ok,True
Lakshadweep,LD,Union Territory,Islands,2002,K&A,Kidnapping & Abduction,0,0.0,64473,31342,91.85,False,False,ok,True
Lakshadweep,LD,Union Territory,Islands,2003,K&A,Kidnapping & Abduction,0,0.0,64473,31342,91.85,False,False,ok,True
Lakshadweep,LD,Union Territory,Islands,2004,K&A,Kidnapping & Abduction,0,0.0,64473,31342,91.85,False,False,ok,True
Lakshadweep,LD,Union Territory,Islands,2005,K&A,Kidnapping & Abduction,0,0.0,64473,31342,91.85,False,False,ok,True
Lakshadweep,LD,Union Territory,Islands,2006,K&A,Kidnapping & Abduction,0,0.0,64473,31342,91.85,False,False,ok,True
Lakshadweep,LD,Union Territory,Islands,2007,K&A,Kidnapping & Abduction,0,0.0,64473,31342,91.85,False,False,ok,True
Lakshadweep,LD,Union Territory,Islands,2008,K&A,Kidnapping & Abduction,1,3.19,64473,31342,91.85,False,False,ok,True
Lakshadweep,LD,Union Territory,Islands,2009,K&A,Kidnapping & Abduction,0,0.0,64473,31342,91.85,False,False,ok,True
Lakshadweep,LD,Union Territory,Islands,2010,K&A,Kidnapping & Abduction,0,0.0,64473,31342,91.85,False,False,ok,True
Lakshadweep,LD,Union Territory,Islands,2011,K&A,Kidnapping & Abduction,0,0.0,64473,31342,91.85,False,False,ok,True
Lakshadweep,LD,Union Territory,Islands,2012,K&A,Kidnapping & Abduction,0,0.0,64473,31342,91.85,False,False,ok,True
Lakshadweep,LD,Union Territory,Islands,2013,K&A,Kidnapping & Abduction,0,0.0,64473,31342,91.85,False,False,ok,True
Lakshadweep,LD,Union Territory,Islands,2014,K&A,Kidnapping & Abduction,0,0.0,64473,31342,91.85,False,False,ok,True
Lakshadweep,LD,Union Territory,Islands,2015,K&A,Kidnapping & Abduction,0,0.0,64473,31342,91.85,False,False,ok,True
Lakshadweep,LD,Union Territory,Islands,2016,K&A,Kidnapping & Abduction,0,0.0,64473,31342,91.85,False,False,ok,True
Lakshadweep,LD,Union Territory,Islands,2017,K&A,Kidnapping & Abduction,0,0.0,64473,31342,91.85,False,False,ok,True
Lakshadweep,LD,Union Territory,Islands,2018,K&A,Kidnapping & Abduction,0,0.0,64473,31342,91.85,False,False,ok,True
Lakshadweep,LD,Union Territory,Islands,2019,K&A,Kidnapping & Abduction,0,0.0,64473,31342,91.85,False,False,ok,True
Lakshadweep,LD,Union Territory,Islands,2020,K&A,Kidnapping & Abduction,0,0.0,64473,31342,91.85,False,False,ok,True
Lakshadweep,LD,Union Territory,Islands,2021,K&A,Kidnapping & Abduction,0,0.0,64473,31342,91.85,False,False,ok,True
Madhya Pradesh,MP,State,Central,2001,K&A,Kidnapping & Abduction,668,1.91,72626809,35015826,69.32,False,False,ok,True
Madhya Pradesh,MP,State,Central,2002,K&A,Kidnapping & Abduction,639,1.82,72626809,35015826,69.32,False,False,ok,True
Madhya Pradesh,MP,State,Central,2003,K&A,Kidnapping & Abduction,608,1.74,72626809,35015826,69.32,False,False,ok,True
Madhya Pradesh,MP,State,Central,2004,K&A,Kidnapping & Abduction,584,1.67,72626809,35015826,69.32,False,False,ok,True
Madhya Pradesh,MP,State,Central,2005,K&A,Kidnapping & Abduction,604,1.72,72626809,35015826,69.32,False,False,ok,True
Madhya Pradesh,MP,State,Central,2006,K&A,Kidnapping & Abduction,617,1.76,72626809,35015826,69.32,False,False,ok,True
Madhya Pradesh,MP,State,Central,2007,K&A,Kidnapping & Abduction,701,2.0,72626809,35015826,69.32,False,False,ok,True
Madhya Pradesh,MP,State,Central,2008,K&A,Kidnapping & Abduction,736,2.1,72626809,35015826,69.32,False,False,ok,True
Madhya Pradesh,MP,State,Central,2009,K&A,Kidnapping & Abduction,841,2.4,72626809,35015826,69.32,False,False,ok,True
Madhya Pradesh,MP,State,Central,2010,K&A,Kidnapping & Abduction,1030,2.94,72626809,35015826,69.32,False,False,ok,True
Madhya Pradesh,MP,State,Central,2011,K&A,Kidnapping & Abduction,1088,3.11,72626809,35015826,69.32,False,False,ok,True
Madhya Pradesh,MP,State,Central,2012,K&A,Kidnapping & Abduction,1127,3.22,72626809,35015826,69.32,False,False,ok,True
Madhya Pradesh,MP,State,Central,2013,K&A,Kidnapping & Abduction,2873,8.2,72626809,35015826,69.32,False,False,ok,True
Madhya Pradesh,MP,State,Central,2014,K&A,Kidnapping & Abduction,5688,16.24,72626809,35015826,69.32,False,False,ok,True
Madhya Pradesh,MP,State,Central,2015,K&A,Kidnapping & Abduction,4547,12.99,72626809,35015826,69.32,False,False,ok,True
Madhya Pradesh,MP,State,Central,2016,K&A,Kidnapping & Abduction,4904,14.01,72626809,35015826,69.32,False,False,ok,True
Madhya Pradesh,MP,State,Central,2017,K&A,Kidnapping & Abduction,5200,14.85,72626809,35015826,69.32,False,False,ok,True
Madhya Pradesh,MP,State,Central,2018,K&A,Kidnapping & Abduction,6126,17.49,72626809,35015826,69.32,False,False,ok,True
Madhya Pradesh,MP,State,Central,2019,K&A,Kidnapping & Abduction,6091,17.39,72626809,35015826,69.32,False,False,ok,True
Madhya Pradesh,MP,State,Central,2020,K&A,Kidnapping & Abduction,4782,13.66,72626809,35015826,69.32,False,False,ok,True
Madhya Pradesh,MP,State,Central,2021,K&A,Kidnapping & Abduction,6106,17.44,72626809,35015826,69.32,False,False,ok,True
Maharashtra,MH,State,West,2001,K&A,Kidnapping & Abduction,611,1.13,112374333,54119106,82.34,False,False,ok,True
Maharashtra,MH,State,West,2002,K&A,Kidnapping & Abduction,650,1.2,112374333,54119106,82.34,False,False,ok,True
Maharashtra,MH,State,West,2003,K&A,Kidnapping & Abduction,626,1.16,112374333,54119106,82.34,False,False,ok,True
Maharashtra,MH,State,West,2004,K&A,Kidnapping & Abduction,787,1.45,112374333,54119106,82.34,False,False,ok,True
Maharashtra,MH,State,West,2005,K&A,Kidnapping & Abduction,851,1.57,112374333,54119106,82.34,False,False,ok,True
Maharashtra,MH,State,West,2006,K&A,Kidnapping & Abduction,921,1.7,112374333,54119106,82.34,False,False,ok,True
Maharashtra,MH,State,West,2007,K&A,Kidnapping & Abduction,967,1.79,112374333,54119106,82.34,False,False,ok,True
Maharashtra,MH,State,West,2008,K&A,Kidnapping & Abduction,998,1.84,112374333,54119106,82.34,False,False,ok,True
Maharashtra,MH,State,West,2009,K&A,Kidnapping & Abduction,926,1.71,112374333,54119106,82.34,False,False,ok,True
Maharashtra,MH,State,West,2010,K&A,Kidnapping & Abduction,1124,2.08,112374333,54119106,82.34,False,False,ok,True
Maharashtra,MH,State,West,2011,K&A,Kidnapping & Abduction,1252,2.31,112374333,54119106,82.34,False,False,ok,True
Maharashtra,MH,State,West,2012,K&A,Kidnapping & Abduction,1140,2.11,112374333,54119106,82.34,False,False,ok,True
Maharashtra,MH,State,West,2013,K&A,Kidnapping & Abduction,1874,3.46,112374333,54119106,82.34,False,False,ok,True
Maharashtra,MH,State,West,2014,K&A,Kidnapping & Abduction,2457,4.54,112374333,54119106,82.34,False,False,ok,True
Maharashtra,MH,State,West,2015,K&A,Kidnapping & Abduction,5096,9.42,112374333,54119106,82.34,False,False,ok,True
Maharashtra,MH,State,West,2016,K&A,Kidnapping & Abduction,6170,11.4,112374333,54119106,82.34,False,False,ok,True
Maharashtra,MH,State,West,2017,K&A,Kidnapping & Abduction,6248,11.54,112374333,54119106,82.34,False,False,ok,True
Maharashtra,MH,State,West,2018,K&A,Kidnapping & Abduction,6825,12.61,112374333,54119106,82.34,False,False,ok,True
Maharashtra,MH,State,West,2019,K&A,Kidnapping & Abduction,6906,12.76,112374333,54119106,82.34,False,False,ok,True
Maharashtra,MH,State,West,2020,K&A,Kidnapping & Abduction,5254,9.71,112374333,54119106,82.34,False,False,ok,True
Maharashtra,MH,State,West,2021,K&A,Kidnapping & Abduction,7559,13.97,112374333,54119106,82.34,False,False,ok,True
Manipur,MN,State,North East,2001,K&A,Kidnapping & Abduction,62,4.38,2855794,1417107,76.94,False,False,ok,True
Manipur,MN,State,North East,2002,K&A,Kidnapping & Abduction,82,5.79,2855794,1417107,76.94,False,False,ok,True
Manipur,MN,State,North East,2003,K&A,Kidnapping & Abduction,71,5.01,2855794,1417107,76.94,False,False,ok,True
Manipur,MN,State,North East,2004,K&A,Kidnapping & Abduction,71,5.01,2855794,1417107,76.94,False,False,ok,True
Manipur,MN,State,North East,2005,K&A,Kidnapping & Abduction,69,4.87,2855794,1417107,76.94,False,False,ok,True
Manipur,MN,State,North East,2006,K&A,Kidnapping & Abduction,79,5.57,2855794,1417107,76.94,False,False,ok,True
Manipur,MN,State,North East,2007,K&A,Kidnapping & Abduction,83,5.86,2855794,1417107,76.94,False,False,ok,True
Manipur,MN,State,North East,2008,K&A,Kidnapping & Abduction,87,6.14,2855794,1417107,76.94,False,False,ok,True
Manipur,MN,State,North East,2009,K&A,Kidnapping & Abduction,97,6.84,2855794,1417107,76.94,False,False,ok,True
Manipur,MN,State,North East,2010,K&A,Kidnapping & Abduction,107,7.55,2855794,1417107,76.94,False,False,ok,True
Manipur,MN,State,North East,2011,K&A,Kidnapping & Abduction,116,8.19,2855794,1417107,76.94,False,False,ok,True
Manipur,MN,State,North East,2012,K&A,Kidnapping & Abduction,133,9.39,2855794,1417107,76.94,False,False,ok,True
Manipur,MN,State,North East,2013,K&A,Kidnapping & Abduction,125,8.82,2855794,1417107,76.94,False,False,ok,True
Manipur,MN,State,North East,2014,K&A,Kidnapping & Abduction,121,8.54,2855794,1417107,76.94,False,False,ok,True
Manipur,MN,State,North East,2015,K&A,Kidnapping & Abduction,94,6.63,2855794,1417107,76.94,False,False,ok,True
Manipur,MN,State,North East,2016,K&A,Kidnapping & Abduction,95,6.7,2855794,1417107,76.94,False,False,ok,True
Manipur,MN,State,North East,2017,K&A,Kidnapping & Abduction,70,4.94,2855794,1417107,76.94,False,False,ok,True
Manipur,MN,State,North East,2018,K&A,Kidnapping & Abduction,85,6.0,2855794,1417107,76.94,False,False,ok,True
Manipur,MN,State,North East,2019,K&A,Kidnapping & Abduction,84,5.93,2855794,1417107,76.94,False,False,ok,True
Manipur,MN,State,North East,2020,K&A,Kidnapping & Abduction,49,3.46,2855794,1417107,76.94,False,False,ok,True
Manipur,MN,State,North East,2021,K&A,Kidnapping & Abduction,44,3.1,2855794,1417107,76.94,False,False,ok,True
Meghalaya,ML,State,North East,2001,K&A,Kidnapping & Abduction,11,0.75,2966889,1475240,74.43,False,False,ok,True
Meghalaya,ML,State,North East,2002,K&A,Kidnapping & Abduction,10,0.68,2966889,1475240,74.43,False,False,ok,True
Meghalaya,ML,State,North East,2003,K&A,Kidnapping & Abduction,10,0.68,2966889,1475240,74.43,False,False,ok,True
Meghalaya,ML,State,North East,2004,K&A,Kidnapping & Abduction,18,1.22,2966889,1475240,74.43,False,False,ok,True
Meghalaya,ML,State,North East,2005,K&A,Kidnapping & Abduction,19,1.29,2966889,1475240,74.43,False,False,ok,True
Meghalaya,ML,State,North East,2006,K&A,Kidnapping & Abduction,25,1.69,2966889,1475240,74.43,False,False,ok,True
Meghalaya,ML,State,North East,2007,K&A,Kidnapping & Abduction,22,1.49,2966889,1475240,74.43,False,False,ok,True
Meghalaya,ML,State,North East,2008,K&A,Kidnapping & Abduction,25,1.69,2966889,1475240,74.43,False,False,ok,True
Meghalaya,ML,State,North East,2009,K&A,Kidnapping & Abduction,26,1.76,2966889,1475240,74.43,False,False,ok,True
Meghalaya,ML,State,North East,2010,K&A,Kidnapping & Abduction,37,2.51,2966889,1475240,74.43,False,False,ok,True
Meghalaya,ML,State,North East,2011,K&A,Kidnapping & Abduction,37,2.51,2966889,1475240,74.43,False,False,ok,True
Meghalaya,ML,State,North East,2012,K&A,Kidnapping & Abduction,24,1.63,2966889,1475240,74.43,False,False,ok,True
Meghalaya,ML,State,North East,2013,K&A,Kidnapping & Abduction,33,2.24,2966889,1475240,74.43,False,False,ok,True
Meghalaya,ML,State,North East,2014,K&A,Kidnapping & Abduction,38,2.58,2966889,1475240,74.43,False,False,ok,True
Meghalaya,ML,State,North East,2015,K&A,Kidnapping & Abduction,58,3.93,2966889,1475240,74.43,False,False,ok,True
Meghalaya,ML,State,North East,2016,K&A,Kidnapping & Abduction,51,3.46,2966889,1475240,74.43,False,False,ok,True
Meghalaya,ML,State,North East,2017,K&A,Kidnapping & Abduction,54,3.66,2966889,1475240,74.43,False,False,ok,True
Meghalaya,ML,State,North East,2018,K&A,Kidnapping & Abduction,58,3.93,2966889,1475240,74.43,False,False,ok,True
Meghalaya,ML,State,North East,2019,K&A,Kidnapping & Abduction,71,4.81,2966889,1475240,74.43,False,False,ok,True
Meghalaya,ML,State,North East,2020,K&A,Kidnapping & Abduction,29,1.97,2966889,1475240,74.43,False,False,ok,True
Meghalaya,ML,State,North East,2021,K&A,Kidnapping & Abduction,42,2.85,2966889,1475240,74.43,False,False,ok,True
Mizoram,MZ,State,North East,2001,K&A,Kidnapping & Abduction,1,0.18,1097206,541940,91.33,False,False,ok,True
Mizoram,MZ,State,North East,2002,K&A,Kidnapping & Abduction,2,0.37,1097206,541940,91.33,False,False,ok,True
Mizoram,MZ,State,North East,2003,K&A,Kidnapping & Abduction,2,0.37,1097206,541940,91.33,False,False,ok,True
Mizoram,MZ,State,North East,2004,K&A,Kidnapping & Abduction,0,0.0,1097206,541940,91.33,False,False,ok,True
Mizoram,MZ,State,North East,2005,K&A,Kidnapping & Abduction,0,0.0,1097206,541940,91.33,False,False,ok,True
Mizoram,MZ,State,North East,2006,K&A,Kidnapping & Abduction,1,0.18,1097206,541940,91.33,False,False,ok,True
Mizoram,MZ,State,North East,2007,K&A,Kidnapping & Abduction,0,0.0,1097206,541940,91.33,False,False,ok,True
Mizoram,MZ,State,North East,2008,K&A,Kidnapping & Abduction,1,0.18,1097206,541940,91.33,False,False,ok,True
Mizoram,MZ,State,North East,2009,K&A,Kidnapping & Abduction,0,0.0,1097206,541940,91.33,False,False,ok,True
Mizoram,MZ,State,North East,2010,K&A,Kidnapping & Abduction,0,0.0,1097206,541940,91.33,False,False,ok,True
Mizoram,MZ,State,North East,2011,K&A,Kidnapping & Abduction,0,0.0,1097206,541940,91.33,False,False,ok,True
Mizoram,MZ,State,North East,2012,K&A,Kidnapping & Abduction,3,0.55,1097206,541940,91.33,False,False,ok,True
Mizoram,MZ,State,North East,2013,K&A,Kidnapping & Abduction,2,0.37,1097206,541940,91.33,False,False,ok,True
Mizoram,MZ,State,North East,2014,K&A,Kidnapping & Abduction,3,0.55,1097206,541940,91.33,False,False,ok,True
Mizoram,MZ,State,North East,2015,K&A,Kidnapping & Abduction,8,1.48,1097206,541940,91.33,False,False,ok,True
Mizoram,MZ,State,North East,2016,K&A,Kidnapping & Abduction,3,0.55,1097206,541940,91.33,False,False,ok,True
Mizoram,MZ,State,North East,2017,K&A,Kidnapping & Abduction,0,0.0,1097206,541940,91.33,False,False,ok,True
Mizoram,MZ,State,North East,2018,K&A,Kidnapping & Abduction,1,0.18,1097206,541940,91.33,False,False,ok,True
Mizoram,MZ,State,North East,2019,K&A,Kidnapping & Abduction,2,0.37,1097206,541940,91.33,False,False,ok,True
Mizoram,MZ,State,North East,2020,K&A,Kidnapping & Abduction,1,0.18,1097206,541940,91.33,False,False,ok,True
Mizoram,MZ,State,North East,2021,K&A,Kidnapping & Abduction,0,0.0,1097206,541940,91.33,False,False,ok,True
Nagaland,NL,State,North East,2001,K&A,Kidnapping & Abduction,6,0.63,1978502,953902,79.55,False,False,ok,True
Nagaland,NL,State,North East,2002,K&A,Kidnapping & Abduction,4,0.42,1978502,953902,79.55,False,False,ok,True
Nagaland,NL,State,North East,2003,K&A,Kidnapping & Abduction,3,0.31,1978502,953902,79.55,False,False,ok,True
Nagaland,NL,State,North East,2004,K&A,Kidnapping & Abduction,4,0.42,1978502,953902,79.55,False,False,ok,True
Nagaland,NL,State,North East,2005,K&A,Kidnapping & Abduction,9,0.94,1978502,953902,79.55,False,False,ok,True
Nagaland,NL,State,North East,2006,K&A,Kidnapping & Abduction,3,0.31,1978502,953902,79.55,False,False,ok,True
Nagaland,NL,State,North East,2007,K&A,Kidnapping & Abduction,6,0.63,1978502,953902,79.55,False,False,ok,True
Nagaland,NL,State,North East,2008,K&A,Kidnapping & Abduction,7,0.73,1978502,953902,79.55,False,False,ok,True
Nagaland,NL,State,North East,2009,K&A,Kidnapping & Abduction,10,1.05,1978502,953902,79.55,False,False,ok,True
Nagaland,NL,State,North East,2010,K&A,Kidnapping & Abduction,6,0.63,1978502,953902,79.55,False,False,ok,True
Nagaland,NL,State,North East,2011,K&A,Kidnapping & Abduction,3,0.31,1978502,953902,79.55,False,False,ok,True
Nagaland,NL,State,North East,2012,K&A,Kidnapping & Abduction,10,1.05,1978502,953902,79.55,False,False,ok,True
Nagaland,NL,State,North East,2013,K&A,Kidnapping & Abduction,11,1.15,1978502,953902,79.55,False,False,ok,True
Nagaland,NL,State,North East,2014,K&A,Kidnapping & Abduction,13,1.36,1978502,953902,79.55,False,False,ok,True
Nagaland,NL,State,North East,2015,K&A,Kidnapping & Abduction,30,3.14,1978502,953902,79.55,False,False,ok,True
Nagaland,NL,State,North East,2016,K&A,Kidnapping & Abduction,50,5.24,1978502,953902,79.55,False,False,ok,True
Nagaland,NL,State,North East,2017,K&A,Kidnapping & Abduction,7,0.73,1978502,953902,79.55,False,False,ok,True
Nagaland,NL,State,North East,2018,K&A,Kidnapping & Abduction,35,3.67,1978502,953902,79.55,False,False,ok,True
Nagaland,NL,State,North East,2019,K&A,Kidnapping & Abduction,13,1.36,1978502,953902,79.55,False,False,ok,True
Nagaland,NL,State,North East,2020,K&A,Kidnapping & Abduction,6,0.63,1978502,953902,79.55,False,False,ok,True
Nagaland,NL,State,North East,2021,K&A,Kidnapping & Abduction,5,0.52,1978502,953902,79.55,False,False,ok,True
Odisha,OD,State,East,2001,K&A,Kidnapping & Abduction,434,2.09,41974218,20764406,72.87,False,False,ok,True
Odisha,OD,State,East,2002,K&A,Kidnapping & Abduction,432,2.08,41974218,20764406,72.87,False,False,ok,True
Odisha,OD,State,East,2003,K&A,Kidnapping & Abduction,373,1.8,41974218,20764406,72.87,False,False,ok,True
Odisha,OD,State,East,2004,K&A,Kidnapping & Abduction,423,2.04,41974218,20764406,72.87,False,False,ok,True
Odisha,OD,State,East,2005,K&A,Kidnapping & Abduction,547,2.63,41974218,20764406,72.87,False,False,ok,True
Odisha,OD,State,East,2006,K&A,Kidnapping & Abduction,577,2.78,41974218,20764406,72.87,False,False,ok,True
Odisha,OD,State,East,2007,K&A,Kidnapping & Abduction,660,3.18,41974218,20764406,72.87,False,False,ok,True
Odisha,OD,State,East,2008,K&A,Kidnapping & Abduction,762,3.67,41974218,20764406,72.87,False,False,ok,True
Odisha,OD,State,East,2009,K&A,Kidnapping & Abduction,799,3.85,41974218,20764406,72.87,False,False,ok,True
Odisha,OD,State,East,2010,K&A,Kidnapping & Abduction,912,4.39,41974218,20764406,72.87,False,False,ok,True
Odisha,OD,State,East,2011,K&A,Kidnapping & Abduction,1008,4.85,41974218,20764406,72.87,False,False,ok,True
Odisha,OD,State,East,2012,K&A,Kidnapping & Abduction,1364,6.57,41974218,20764406,72.87,False,False,ok,True
Odisha,OD,State,East,2013,K&A,Kidnapping & Abduction,2067,9.95,41974218,20764406,72.87,False,False,ok,True
Odisha,OD,State,East,2014,K&A,Kidnapping & Abduction,2436,11.73,41974218,20764406,72.87,False,False,ok,True
Odisha,OD,State,East,2015,K&A,Kidnapping & Abduction,2587,12.46,41974218,20764406,72.87,False,False,ok,True
Odisha,OD,State,East,2016,K&A,Kidnapping & Abduction,2291,11.03,41974218,20764406,72.87,False,False,ok,True
Odisha,OD,State,East,2017,K&A,Kidnapping & Abduction,2773,13.35,41974218,20764406,72.87,False,False,ok,True
Odisha,OD,State,East,2018,K&A,Kidnapping & Abduction,2611,12.57,41974218,20764406,72.87,False,False,ok,True
Odisha,OD,State,East,2019,K&A,Kidnapping & Abduction,3934,18.95,41974218,20764406,72.87,False,False,ok,True
Odisha,OD,State,East,2020,K&A,Kidnapping & Abduction,3775,18.18,41974218,20764406,72.87,False,False,ok,True
Odisha,OD,State,East,2021,K&A,Kidnapping & Abduction,5175,24.92,41974218,20764406,72.87,False,False,ok,True
Puducherry,PY,Union Territory,South,2001,K&A,Kidnapping & Abduction,3,0.47,1247953,635310,85.85,False,False,ok,True
Puducherry,PY,Union Territory,South,2002,K&A,Kidnapping & Abduction,6,0.94,1247953,635310,85.85,False,False,ok,True
Puducherry,PY,Union Territory,South,2003,K&A,Kidnapping & Abduction,13,2.05,1247953,635310,85.85,False,False,ok,True
Puducherry,PY,Union Territory,South,2004,K&A,Kidnapping & Abduction,8,1.26,1247953,635310,85.85,False,False,ok,True
Puducherry,PY,Union Territory,South,2005,K&A,Kidnapping & Abduction,3,0.47,1247953,635310,85.85,False,False,ok,True
Puducherry,PY,Union Territory,South,2006,K&A,Kidnapping & Abduction,13,2.05,1247953,635310,85.85,False,False,ok,True
Puducherry,PY,Union Territory,South,2007,K&A,Kidnapping & Abduction,14,2.2,1247953,635310,85.85,False,False,ok,True
Puducherry,PY,Union Territory,South,2008,K&A,Kidnapping & Abduction,9,1.42,1247953,635310,85.85,False,False,ok,True
Puducherry,PY,Union Territory,South,2009,K&A,Kidnapping & Abduction,13,2.05,1247953,635310,85.85,False,False,ok,True
Puducherry,PY,Union Territory,South,2010,K&A,Kidnapping & Abduction,14,2.2,1247953,635310,85.85,False,False,ok,True
Puducherry,PY,Union Territory,South,2011,K&A,Kidnapping & Abduction,9,1.42,1247953,635310,85.85,False,False,ok,True
Puducherry,PY,Union Territory,South,2012,K&A,Kidnapping & Abduction,16,2.52,1247953,635310,85.85,False,False,ok,True
Puducherry,PY,Union Territory,South,2013,K&A,Kidnapping & Abduction,25,3.94,1247953,635310,85.85,False,False,ok,True
Puducherry,PY,Union Territory,South,2014,K&A,Kidnapping & Abduction,7,1.1,1247953,635310,85.85,False,False,ok,True
Puducherry,PY,Union Territory,South,2015,K&A,Kidnapping & Abduction,14,2.2,1247953,635310,85.85,False,False,ok,True
Puducherry,PY,Union Territory,South,2016,K&A,Kidnapping & Abduction,11,1.73,1247953,635310,85.85,False,False,ok,True
Puducherry,PY,Union Territory,South,2017,K&A,Kidnapping & Abduction,9,1.42,1247953,635310,85.85,False,False,ok,True
Puducherry,PY,Union Territory,South,2018,K&A,Kidnapping & Abduction,14,2.2,1247953,635310,85.85,False,False,ok,True
Puducherry,PY,Union Territory,South,2019,K&A,Kidnapping & Abduction,0,0.0,1247953,635310,85.85,False,False,ok,True
Puducherry,PY,Union Territory,South,2020,K&A,Kidnapping & Abduction,0,0.0,1247953,635310,85.85,False,False,ok,True
Puducherry,PY,Union Territory,South,2021,K&A,Kidnapping & Abduction,0,0.0,1247953,635310,85.85,False,False,ok,True
Punjab,PB,State,North,2001,K&A,Kidnapping & Abduction,324,2.47,27743338,13103054,75.84,False,False,ok,True
Punjab,PB,State,North,2002,K&A,Kidnapping & Abduction,354,2.7,27743338,13103054,75.84,False,False,ok,True
Punjab,PB,State,North,2003,K&A,Kidnapping & Abduction,295,2.25,27743338,13103054,75.84,False,False,ok,True
Punjab,PB,State,North,2004,K&A,Kidnapping & Abduction,311,2.37,27743338,13103054,75.84,False,False,ok,True
Punjab,PB,State,North,2005,K&A,Kidnapping & Abduction,329,2.51,27743338,13103054,75.84,False,False,ok,True
Punjab,PB,State,North,2006,K&A,Kidnapping & Abduction,418,3.19,27743338,13103054,75.84,False,False,ok,True
Punjab,PB,State,North,2007,K&A,Kidnapping & Abduction,545,4.16,27743338,13103054,75.84,False,False,ok,True
Punjab,PB,State,North,2008,K&A,Kidnapping & Abduction,514,3.92,27743338,13103054,75.84,False,False,ok,True
Punjab,PB,State,North,2009,K&A,Kidnapping & Abduction,513,3.92,27743338,13103054,75.84,False,False,ok,True
Punjab,PB,State,North,2010,K&A,Kidnapping & Abduction,576,4.4,27743338,13103054,75.84,False,False,ok,True
Punjab,PB,State,North,2011,K&A,Kidnapping & Abduction,517,3.95,27743338,13103054,75.84,False,False,ok,True
Punjab,PB,State,North,2012,K&A,Kidnapping & Abduction,689,5.26,27743338,13103054,75.84,False,False,ok,True
Punjab,PB,State,North,2013,K&A,Kidnapping & Abduction,987,7.53,27743338,13103054,75.84,False,False,ok,True
Punjab,PB,State,North,2014,K&A,Kidnapping & Abduction,1176,8.98,27743338,13103054,75.84,False,False,ok,True
Punjab,PB,State,North,2015,K&A,Kidnapping & Abduction,1253,9.56,27743338,13103054,75.84,False,False,ok,True
Punjab,PB,State,North,2016,K&A,Kidnapping & Abduction,1208,9.22,27743338,13103054,75.84,False,False,ok,True
Punjab,PB,State,North,2017,K&A,Kidnapping & Abduction,1099,8.39,27743338,13103054,75.84,False,False,ok,True
Punjab,PB,State,North,2018,K&A,Kidnapping & Abduction,1266,9.66,27743338,13103054,75.84,False,False,ok,True
Punjab,PB,State,North,2019,K&A,Kidnapping & Abduction,1534,11.71,27743338,13103054,75.84,False,False,ok,True
Punjab,PB,State,North,2020,K&A,Kidnapping & Abduction,1241,9.47,27743338,13103054,75.84,False,False,ok,True
Punjab,PB,State,North,2021,K&A,Kidnapping & Abduction,1616,12.33,27743338,13103054,75.84,False,False,ok,True
Rajasthan,RJ,State,North,2001,K&A,Kidnapping & Abduction,2165,6.56,68548437,32994268,66.11,False,False,ok,True
Rajasthan,RJ,State,North,2002,K&A,Kidnapping & Abduction,2019,6.12,68548437,32994268,66.11,False,False,ok,True
Rajasthan,RJ,State,North,2003,K&A,Kidnapping & Abduction,1750,5.3,68548437,32994268,66.11,False,False,ok,True
Rajasthan,RJ,State,North,2004,K&A,Kidnapping & Abduction,1881,5.7,68548437,32994268,66.11,False,False,ok,True
Rajasthan,RJ,State,North,2005,K&A,Kidnapping & Abduction,1549,4.69,68548437,32994268,66.11,False,False,ok,True
Rajasthan,RJ,State,North,2006,K&A,Kidnapping & Abduction,1553,4.71,68548437,32994268,66.11,False,False,ok,True
Rajasthan,RJ,State,North,2007,K&A,Kidnapping & Abduction,1694,5.13,68548437,32994268,66.11,False,False,ok,True
Rajasthan,RJ,State,North,2008,K&A,Kidnapping & Abduction,1863,5.65,68548437,32994268,66.11,False,False,ok,True
Rajasthan,RJ,State,North,2009,K&A,Kidnapping & Abduction,2310,7.0,68548437,32994268,66.11,False,False,ok,True
Rajasthan,RJ,State,North,2010,K&A,Kidnapping & Abduction,2477,7.51,68548437,32994268,66.11,False,False,ok,True
Rajasthan,RJ,State,North,2011,K&A,Kidnapping & Abduction,2713,8.22,68548437,32994268,66.11,False,False,ok,True
Rajasthan,RJ,State,North,2012,K&A,Kidnapping & Abduction,2697,8.17,68548437,32994268,66.11,False,False,ok,True
Rajasthan,RJ,State,North,2013,K&A,Kidnapping & Abduction,4047,12.27,68548437,32994268,66.11,False,False,ok,True
Rajasthan,RJ,State,North,2014,K&A,Kidnapping & Abduction,4421,13.4,68548437,32994268,66.11,False,False,ok,True
Rajasthan,RJ,State,North,2015,K&A,Kidnapping & Abduction,4167,12.63,68548437,32994268,66.11,False,False,ok,True
Rajasthan,RJ,State,North,2016,K&A,Kidnapping & Abduction,4010,12.15,68548437,32994268,66.11,False,False,ok,True
Rajasthan,RJ,State,North,2017,K&A,Kidnapping & Abduction,3838,11.63,68548437,32994268,66.11,False,False,ok,True
Rajasthan,RJ,State,North,2018,K&A,Kidnapping & Abduction,4247,12.87,68548437,32994268,66.11,False,False,ok,True
Rajasthan,RJ,State,North,2019,K&A,Kidnapping & Abduction,5907,17.9,68548437,32994268,66.11,False,False,ok,True
Rajasthan,RJ,State,North,2020,K&A,Kidnapping & Abduction,4739,14.36,68548437,32994268,66.11,False,False,ok,True
Rajasthan,RJ,State,North,2021,K&A,Kidnapping & Abduction,5964,18.08,68548437,32994268,66.11,False,False,ok,True
Sikkim,SK,State,North East,2001,K&A,Kidnapping & Abduction,2,0.7,610577,287520,81.42,False,False,ok,True
Sikkim,SK,State,North East,2002,K&A,Kidnapping & Abduction,2,0.7,610577,287520,81.42,False,False,ok,True
Sikkim,SK,State,North East,2003,K&A,Kidnapping & Abduction,0,0.0,610577,287520,81.42,False,False,ok,True
Sikkim,SK,State,North East,2004,K&A,Kidnapping & Abduction,4,1.39,610577,287520,81.42,False,False,ok,True
Sikkim,SK,State,North East,2005,K&A,Kidnapping & Abduction,2,0.7,610577,287520,81.42,False,False,ok,True
Sikkim,SK,State,North East,2006,K&A,Kidnapping & Abduction,7,2.43,610577,287520,81.42,False,False,ok,True
Sikkim,SK,State,North East,2007,K&A,Kidnapping & Abduction,9,3.13,610577,287520,81.42,False,False,ok,True
Sikkim,SK,State,North East,2008,K&A,Kidnapping & Abduction,4,1.39,610577,287520,81.42,False,False,ok,True
Sikkim,SK,State,North East,2009,K&A,Kidnapping & Abduction,6,2.09,610577,287520,81.42,False,False,ok,True
Sikkim,SK,State,North East,2010,K&A,Kidnapping & Abduction,6,2.09,610577,287520,81.42,False,False,ok,True
Sikkim,SK,State,North East,2011,K&A,Kidnapping & Abduction,10,3.48,610577,287520,81.42,False,False,ok,True
Sikkim,SK,State,North East,2012,K&A,Kidnapping & Abduction,10,3.48,610577,287520,81.42,False,False,ok,True
Sikkim,SK,State,North East,2013,K&A,Kidnapping & Abduction,16,5.56,610577,287520,81.42,False,False,ok,True
Sikkim,SK,State,North East,2014,K&A,Kidnapping & Abduction,12,4.17,610577,287520,81.42,False,False,ok,True
Sikkim,SK,State,North East,2015,K&A,Kidnapping & Abduction,21,7.3,610577,287520,81.42,False,False,ok,True
Sikkim,SK,State,North East,2016,K&A,Kidnapping & Abduction,12,4.17,610577,287520,81.42,False,False,ok,True
Sikkim,SK,State,North East,2017,K&A,Kidnapping & Abduction,27,9.39,610577,287520,81.42,False,False,ok,True
Sikkim,SK,State,North East,2018,K&A,Kidnapping & Abduction,7,2.43,610577,287520,81.42,False,False,ok,True
Sikkim,SK,State,North East,2019,K&A,Kidnapping & Abduction,0,0.0,610577,287520,81.42,False,False,ok,True
Sikkim,SK,State,North East,2020,K&A,Kidnapping & Abduction,11,3.83,610577,287520,81.42,False,False,ok,True
Sikkim,SK,State,North East,2021,K&A,Kidnapping & Abduction,1,0.35,610577,287520,81.42,False,False,ok,True
Tamil Nadu,TN,State,South,2001,K&A,Kidnapping & Abduction,607,1.69,72147030,36001223,80.09,False,False,ok,True
Tamil Nadu,TN,State,South,2002,K&A,Kidnapping & Abduction,714,1.98,72147030,36001223,80.09,False,False,ok,True
Tamil Nadu,TN,State,South,2003,K&A,Kidnapping & Abduction,632,1.76,72147030,36001223,80.09,False,False,ok,True
Tamil Nadu,TN,State,South,2004,K&A,Kidnapping & Abduction,692,1.92,72147030,36001223,80.09,False,False,ok,True
Tamil Nadu,TN,State,South,2005,K&A,Kidnapping & Abduction,783,2.17,72147030,36001223,80.09,False,False,ok,True
Tamil Nadu,TN,State,South,2006,K&A,Kidnapping & Abduction,718,1.99,72147030,36001223,80.09,False,False,ok,True
Tamil Nadu,TN,State,South,2007,K&A,Kidnapping & Abduction,1097,3.05,72147030,36001223,80.09,False,False,ok,True
Tamil Nadu,TN,State,South,2008,K&A,Kidnapping & Abduction,1160,3.22,72147030,36001223,80.09,False,False,ok,True
Tamil Nadu,TN,State,South,2009,K&A,Kidnapping & Abduction,1133,3.15,72147030,36001223,80.09,False,False,ok,True
Tamil Nadu,TN,State,South,2010,K&A,Kidnapping & Abduction,1464,4.07,72147030,36001223,80.09,False,False,ok,True
Tamil Nadu,TN,State,South,2011,K&A,Kidnapping & Abduction,1743,4.84,72147030,36001223,80.09,False,False,ok,True
Tamil Nadu,TN,State,South,2012,K&A,Kidnapping & Abduction,1693,4.7,72147030,36001223,80.09,False,False,ok,True
Tamil Nadu,TN,State,South,2013,K&A,Kidnapping & Abduction,1516,4.21,72147030,36001223,80.09,False,False,ok,True
Tamil Nadu,TN,State,South,2014,K&A,Kidnapping & Abduction,1502,4.17,72147030,36001223,80.09,False,False,ok,True
Tamil Nadu,TN,State,South,2015,K&A,Kidnapping & Abduction,1335,3.71,72147030,36001223,80.09,False,False,ok,True
Tamil Nadu,TN,State,South,2016,K&A,Kidnapping & Abduction,1043,2.9,72147030,36001223,80.09,False,False,ok,True
Tamil Nadu,TN,State,South,2017,K&A,Kidnapping & Abduction,859,2.39,72147030,36001223,80.09,False,False,ok,True
Tamil Nadu,TN,State,South,2018,K&A,Kidnapping & Abduction,896,2.49,72147030,36001223,80.09,False,False,ok,True
Tamil Nadu,TN,State,South,2019,K&A,Kidnapping & Abduction,699,1.94,72147030,36001223,80.09,False,False,ok,True
Tamil Nadu,TN,State,South,2020,K&A,Kidnapping & Abduction,633,1.76,72147030,36001223,80.09,False,False,ok,True
Tamil Nadu,TN,State,South,2021,K&A,Kidnapping & Abduction,638,1.77,72147030,36001223,80.09,False,False,ok,True
Telangana,TG,State,South,2011,K&A,Kidnapping & Abduction,0,0.0,35193978,17490770,66.54,True,False,entity_not_formed,False
Telangana,TG,State,South,2012,K&A,Kidnapping & Abduction,0,0.0,35193978,17490770,66.54,True,False,entity_not_formed,False
Telangana,TG,State,South,2013,K&A,Kidnapping & Abduction,0,0.0,35193978,17490770,66.54,True,False,entity_not_formed,False
Telangana,TG,State,South,2014,K&A,Kidnapping & Abduction,711,4.07,35193978,17490770,66.54,False,False,ok,True
Telangana,TG,State,South,2015,K&A,Kidnapping & Abduction,648,3.7,35193978,17490770,66.54,False,False,ok,True
Telangana,TG,State,South,2016,K&A,Kidnapping & Abduction,987,5.64,35193978,17490770,66.54,False,False,ok,True
Telangana,TG,State,South,2017,K&A,Kidnapping & Abduction,934,5.34,35193978,17490770,66.54,False,False,ok,True
Telangana,TG,State,South,2018,K&A,Kidnapping & Abduction,1121,6.41,35193978,17490770,66.54,False,False,ok,True
Telangana,TG,State,South,2019,K&A,Kidnapping & Abduction,1322,7.56,35193978,17490770,66.54,False,False,ok,True
Telangana,TG,State,South,2020,K&A,Kidnapping & Abduction,1314,7.51,35193978,17490770,66.54,False,False,ok,True
Telangana,TG,State,South,2021,K&A,Kidnapping & Abduction,1934,11.06,35193978,17490770,66.54,False,False,ok,True
Tripura,TR,State,North East,2001,K&A,Kidnapping & Abduction,35,1.95,3673917,1799470,87.22,False,False,ok,True
Tripura,TR,State,North East,2002,K&A,Kidnapping & Abduction,48,2.67,3673917,1799470,87.22,False,False,ok,True
Tripura,TR,State,North East,2003,K&A,Kidnapping & Abduction,29,1.61,3673917,1799470,87.22,False,False,ok,True
Tripura,TR,State,North East,2004,K&A,Kidnapping & Abduction,54,3.0,3673917,1799470,87.22,False,False,ok,True
Tripura,TR,State,North East,2005,K&A,Kidnapping & Abduction,43,2.39,3673917,1799470,87.22,False,False,ok,True
Tripura,TR,State,North East,2006,K&A,Kidnapping & Abduction,62,3.45,3673917,1799470,87.22,False,False,ok,True
Tripura,TR,State,North East,2007,K&A,Kidnapping & Abduction,81,4.5,3673917,1799470,87.22,False,False,ok,True
Tripura,TR,State,North East,2008,K&A,Kidnapping & Abduction,110,6.11,3673917,1799470,87.22,False,False,ok,True
Tripura,TR,State,North East,2009,K&A,Kidnapping & Abduction,92,5.11,3673917,1799470,87.22,False,False,ok,True
Tripura,TR,State,North East,2010,K&A,Kidnapping & Abduction,91,5.06,3673917,1799470,87.22,False,False,ok,True
Tripura,TR,State,North East,2011,K&A,Kidnapping & Abduction,116,6.45,3673917,1799470,87.22,False,False,ok,True
Tripura,TR,State,North East,2012,K&A,Kidnapping & Abduction,114,6.34,3673917,1799470,87.22,False,False,ok,True
Tripura,TR,State,North East,2013,K&A,Kidnapping & Abduction,124,6.89,3673917,1799470,87.22,False,False,ok,True
Tripura,TR,State,North East,2014,K&A,Kidnapping & Abduction,102,5.67,3673917,1799470,87.22,False,False,ok,True
Tripura,TR,State,North East,2015,K&A,Kidnapping & Abduction,120,6.67,3673917,1799470,87.22,False,False,ok,True
Tripura,TR,State,North East,2016,K&A,Kidnapping & Abduction,119,6.61,3673917,1799470,87.22,False,False,ok,True
Tripura,TR,State,North East,2017,K&A,Kidnapping & Abduction,90,5.0,3673917,1799470,87.22,False,False,ok,True
Tripura,TR,State,North East,2018,K&A,Kidnapping & Abduction,139,7.72,3673917,1799470,87.22,False,False,ok,True
Tripura,TR,State,North East,2019,K&A,Kidnapping & Abduction,138,7.67,3673917,1799470,87.22,False,False,ok,True
Tripura,TR,State,North East,2020,K&A,Kidnapping & Abduction,110,6.11,3673917,1799470,87.22,False,False,ok,True
Tripura,TR,State,North East,2021,K&A,Kidnapping & Abduction,115,6.39,3673917,1799470,87.22,False,False,ok,True
Uttar Pradesh,UP,State,Central,2001,K&A,Kidnapping & Abduction,2879,3.02,199812341,95307979,67.68,False,False,ok,True
Uttar Pradesh,UP,State,Central,2002,K&A,Kidnapping & Abduction,2298,2.41,199812341,95307979,67.68,False,False,ok,True
Uttar Pradesh,UP,State,Central,2003,K&A,Kidnapping & Abduction,1499,1.57,199812341,95307979,67.68,False,False,ok,True
Uttar Pradesh,UP,State,Central,2004,K&A,Kidnapping & Abduction,2324,2.44,199812341,95307979,67.68,False,False,ok,True
Uttar Pradesh,UP,State,Central,2005,K&A,Kidnapping & Abduction,2256,2.37,199812341,95307979,67.68,False,False,ok,True
Uttar Pradesh,UP,State,Central,2006,K&A,Kidnapping & Abduction,2551,2.68,199812341,95307979,67.68,False,False,ok,True
Uttar Pradesh,UP,State,Central,2007,K&A,Kidnapping & Abduction,3363,3.53,199812341,95307979,67.68,False,False,ok,True
Uttar Pradesh,UP,State,Central,2008,K&A,Kidnapping & Abduction,4439,4.66,199812341,95307979,67.68,False,False,ok,True
Uttar Pradesh,UP,State,Central,2009,K&A,Kidnapping & Abduction,5078,5.33,199812341,95307979,67.68,False,False,ok,True
Uttar Pradesh,UP,State,Central,2010,K&A,Kidnapping & Abduction,5468,5.74,199812341,95307979,67.68,False,False,ok,True
Uttar Pradesh,UP,State,Central,2011,K&A,Kidnapping & Abduction,7525,7.9,199812341,95307979,67.68,False,False,ok,True
Uttar Pradesh,UP,State,Central,2012,K&A,Kidnapping & Abduction,7910,8.3,199812341,95307979,67.68,False,False,ok,True
Uttar Pradesh,UP,State,Central,2013,K&A,Kidnapping & Abduction,9737,10.22,199812341,95307979,67.68,False,False,ok,True
Uttar Pradesh,UP,State,Central,2014,K&A,Kidnapping & Abduction,10626,11.15,199812341,95307979,67.68,False,False,ok,True
Uttar Pradesh,UP,State,Central,2015,K&A,Kidnapping & Abduction,10135,10.63,199812341,95307979,67.68,False,False,ok,True
Uttar Pradesh,UP,State,Central,2016,K&A,Kidnapping & Abduction,12994,13.63,199812341,95307979,67.68,False,False,ok,True
Uttar Pradesh,UP,State,Central,2017,K&A,Kidnapping & Abduction,14993,15.73,199812341,95307979,67.68,False,False,ok,True
Uttar Pradesh,UP,State,Central,2018,K&A,Kidnapping & Abduction,15381,16.14,199812341,95307979,67.68,False,False,ok,True
Uttar Pradesh,UP,State,Central,2019,K&A,Kidnapping & Abduction,11649,12.22,199812341,95307979,67.68,False,False,ok,True
Uttar Pradesh,UP,State,Central,2020,K&A,Kidnapping & Abduction,9109,9.56,199812341,95307979,67.68,False,False,ok,True
Uttar Pradesh,UP,State,Central,2021,K&A,Kidnapping & Abduction,10574,11.09,199812341,95307979,67.68,False,False,ok,True
Uttarakhand,UK,State,North,2001,K&A,Kidnapping & Abduction,126,2.55,10086292,4948089,78.82,False,False,ok,True
Uttarakhand,UK,State,North,2002,K&A,Kidnapping & Abduction,155,3.13,10086292,4948089,78.82,False,False,ok,True
Uttarakhand,UK,State,North,2003,K&A,Kidnapping & Abduction,134,2.71,10086292,4948089,78.82,False,False,ok,True
Uttarakhand,UK,State,North,2004,K&A,Kidnapping & Abduction,127,2.57,10086292,4948089,78.82,False,False,ok,True
Uttarakhand,UK,State,North,2005,K&A,Kidnapping & Abduction,125,2.53,10086292,4948089,78.82,False,False,ok,True
Uttarakhand,UK,State,North,2006,K&A,Kidnapping & Abduction,183,3.7,10086292,4948089,78.82,False,False,ok,True
Uttarakhand,UK,State,North,2007,K&A,Kidnapping & Abduction,227,4.59,10086292,4948089,78.82,False,False,ok,True
Uttarakhand,UK,State,North,2008,K&A,Kidnapping & Abduction,222,4.49,10086292,4948089,78.82,False,False,ok,True
Uttarakhand,UK,State,North,2009,K&A,Kidnapping & Abduction,247,4.99,10086292,4948089,78.82,False,False,ok,True
Uttarakhand,UK,State,North,2010,K&A,Kidnapping & Abduction,249,5.03,10086292,4948089,78.82,False,False,ok,True
Uttarakhand,UK,State,North,2011,K&A,Kidnapping & Abduction,283,5.72,10086292,4948089,78.82,False,False,ok,True
Uttarakhand,UK,State,North,2012,K&A,Kidnapping & Abduction,256,5.17,10086292,4948089,78.82,False,False,ok,True
Uttarakhand,UK,State,North,2013,K&A,Kidnapping & Abduction,633,12.79,10086292,4948089,78.82,False,False,ok,True
Uttarakhand,UK,State,North,2014,K&A,Kidnapping & Abduction,275,5.56,10086292,4948089,78.82,False,False,ok,True
Uttarakhand,UK,State,North,2015,K&A,Kidnapping & Abduction,336,6.79,10086292,4948089,78.82,False,False,ok,True
Uttarakhand,UK,State,North,2016,K&A,Kidnapping & Abduction,377,7.62,10086292,4948089,78.82,False,False,ok,True
Uttarakhand,UK,State,North,2017,K&A,Kidnapping & Abduction,371,7.5,10086292,4948089,78.82,False,False,ok,True
Uttarakhand,UK,State,North,2018,K&A,Kidnapping & Abduction,502,10.15,10086292,4948089,78.82,False,False,ok,True
Uttarakhand,UK,State,North,2019,K&A,Kidnapping & Abduction,375,7.58,10086292,4948089,78.82,False,False,ok,True
Uttarakhand,UK,State,North,2020,K&A,Kidnapping & Abduction,349,7.05,10086292,4948089,78.82,False,False,ok,True
Uttarakhand,UK,State,North,2021,K&A,Kidnapping & Abduction,402,8.12,10086292,4948089,78.82,False,False,ok,True
West Bengal,WB,State,East,2001,K&A,Kidnapping & Abduction,695,1.56,91276115,44467851,76.26,False,False,ok,True
West Bengal,WB,State,East,2002,K&A,Kidnapping & Abduction,694,1.56,91276115,44467851,76.26,False,False,ok,True
West Bengal,WB,State,East,2003,K&A,Kidnapping & Abduction,801,1.8,91276115,44467851,76.26,False,False,ok,True
West Bengal,WB,State,East,2004,K&A,Kidnapping & Abduction,1018,2.29,91276115,44467851,76.26,False,False,ok,True
West Bengal,WB,State,East,2005,K&A,Kidnapping & Abduction,1039,2.34,91276115,44467851,76.26,False,False,ok,True
West Bengal,WB,State,East,2006,K&A,Kidnapping & Abduction,1199,2.7,91276115,44467851,76.26,False,False,ok,True
West Bengal,WB,State,East,2007,K&A,Kidnapping & Abduction,1590,3.58,91276115,44467851,76.26,False,False,ok,True
West Bengal,WB,State,East,2008,K&A,Kidnapping & Abduction,1907,4.29,91276115,44467851,76.26,False,False,ok,True
West Bengal,WB,State,East,2009,K&A,Kidnapping & Abduction,2187,4.92,91276115,44467851,76.26,False,False,ok,True
West Bengal,WB,State,East,2010,K&A,Kidnapping & Abduction,2764,6.22,91276115,44467851,76.26,False,False,ok,True
West Bengal,WB,State,East,2011,K&A,Kidnapping & Abduction,3711,8.35,91276115,44467851,76.26,False,False,ok,True
West Bengal,WB,State,East,2012,K&A,Kidnapping & Abduction,4168,9.37,91276115,44467851,76.26,False,False,ok,True
West Bengal,WB,State,East,2013,K&A,Kidnapping & Abduction,3830,8.61,91276115,44467851,76.26,False,False,ok,True
West Bengal,WB,State,East,2014,K&A,Kidnapping & Abduction,4976,11.19,91276115,44467851,76.26,False,False,ok,True
West Bengal,WB,State,East,2015,K&A,Kidnapping & Abduction,3938,8.86,91276115,44467851,76.26,False,False,ok,True
West Bengal,WB,State,East,2016,K&A,Kidnapping & Abduction,4494,10.11,91276115,44467851,76.26,False,False,ok,True
West Bengal,WB,State,East,2017,K&A,Kidnapping & Abduction,4232,9.52,91276115,44467851,76.26,False,False,ok,True
West Bengal,WB,State,East,2018,K&A,Kidnapping & Abduction,4249,9.56,91276115,44467851,76.26,False,False,ok,True
West Bengal,WB,State,East,2019,K&A,Kidnapping & Abduction,4249,9.56,91276115,44467851,76.26,False,False,ok,True
West Bengal,WB,State,East,2020,K&A,Kidnapping & Abduction,7740,17.41,91276115,44467851,76.26,False,False,ok,True
West Bengal,WB,State,East,2021,K&A,Kidnapping & Abduction,7376,16.59,91276115,44467851,76.26,False,False,ok,True
A & N Islands,AN,Union Territory,Islands,2001,Rape,Rape,3,1.69,380581,177713,86.63,False,False,ok,True
A & N Islands,AN,Union Territory,Islands,2002,Rape,Rape,2,1.13,380581,177713,86.63,False,False,ok,True
A & N Islands,AN,Union Territory,Islands,2003,Rape,Rape,2,1.13,380581,177713,86.63,False,False,ok,True
A & N Islands,AN,Union Territory,Islands,2004,Rape,Rape,10,5.63,380581,177713,86.63,False,False,ok,True
A & N Islands,AN,Union Territory,Islands,2005,Rape,Rape,4,2.25,380581,177713,86.63,False,False,ok,True
A & N Islands,AN,Union Territory,Islands,2006,Rape,Rape,6,3.38,380581,177713,86.63,False,False,ok,True
A & N Islands,AN,Union Territory,Islands,2007,Rape,Rape,3,1.69,380581,177713,86.63,False,False,ok,True
A & N Islands,AN,Union Territory,Islands,2008,Rape,Rape,12,6.75,380581,177713,86.63,False,False,ok,True
A & N Islands,AN,Union Territory,Islands,2009,Rape,Rape,18,10.13,380581,177713,86.63,False,False,ok,True
A & N Islands,AN,Union Territory,Islands,2010,Rape,Rape,24,13.5,380581,177713,86.63,False,False,ok,True
A & N Islands,AN,Union Territory,Islands,2011,Rape,Rape,13,7.32,380581,177713,86.63,False,False,ok,True
A & N Islands,AN,Union Territory,Islands,2012,Rape,Rape,12,6.75,380581,177713,86.63,False,False,ok,True
A & N Islands,AN,Union Territory,Islands,2013,Rape,Rape,27,15.19,380581,177713,86.63,False,False,ok,True
A & N Islands,AN,Union Territory,Islands,2014,Rape,Rape,32,18.01,380581,177713,86.63,False,False,ok,True
A & N Islands,AN,Union Territory,Islands,2015,Rape,Rape,36,20.26,380581,177713,86.63,False,False,ok,True
A & N Islands,AN,Union Territory,Islands,2016,Rape,Rape,30,16.88,380581,177713,86.63,False,False,ok,True
A & N Islands,AN,Union Territory,Islands,2017,Rape,Rape,13,7.32,380581,177713,86.63,False,False,ok,True
A & N Islands,AN,Union Territory,Islands,2018,Rape,Rape,30,16.88,380581,177713,86.63,False,False,ok,True
A & N Islands,AN,Union Territory,Islands,2019,Rape,Rape,13,7.32,380581,177713,86.63,False,False,ok,True
A & N Islands,AN,Union Territory,Islands,2020,Rape,Rape,2,1.13,380581,177713,86.63,False,False,ok,True
A & N Islands,AN,Union Territory,Islands,2021,Rape,Rape,15,8.44,380581,177713,86.63,False,False,ok,True
Andhra Pradesh,AP,State,South,2001,Rape,Rape,871,3.54,49386799,24606669,67.02,False,False,ok,True
Andhra Pradesh,AP,State,South,2002,Rape,Rape,1002,4.07,49386799,24606669,67.02,False,False,ok,True
Andhra Pradesh,AP,State,South,2003,Rape,Rape,946,3.84,49386799,24606669,67.02,False,False,ok,True
Andhra Pradesh,AP,State,South,2004,Rape,Rape,1016,4.13,49386799,24606669,67.02,False,False,ok,True
Andhra Pradesh,AP,State,South,2005,Rape,Rape,935,3.8,49386799,24606669,67.02,False,False,ok,True
Andhra Pradesh,AP,State,South,2006,Rape,Rape,1049,4.26,49386799,24606669,67.02,False,False,ok,True
Andhra Pradesh,AP,State,South,2007,Rape,Rape,1070,4.35,49386799,24606669,67.02,False,False,ok,True
Andhra Pradesh,AP,State,South,2008,Rape,Rape,1257,5.11,49386799,24606669,67.02,False,False,ok,True
Andhra Pradesh,AP,State,South,2009,Rape,Rape,1188,4.83,49386799,24606669,67.02,False,False,ok,True
Andhra Pradesh,AP,State,South,2010,Rape,Rape,1362,5.54,49386799,24606669,67.02,False,False,ok,True
Andhra Pradesh,AP,State,South,2011,Rape,Rape,1442,5.86,49386799,24606669,67.02,False,False,ok,True
Andhra Pradesh,AP,State,South,2012,Rape,Rape,1341,5.45,49386799,24606669,67.02,False,False,ok,True
Andhra Pradesh,AP,State,South,2013,Rape,Rape,1635,6.64,49386799,24606669,67.02,False,False,ok,True
Andhra Pradesh,AP,State,South,2014,Rape,Rape,961,3.91,49386799,24606669,67.02,False,False,ok,True
Andhra Pradesh,AP,State,South,2015,Rape,Rape,1027,4.17,49386799,24606669,67.02,False,False,ok,True
Andhra Pradesh,AP,State,South,2016,Rape,Rape,994,4.04,49386799,24606669,67.02,False,False,ok,True
Andhra Pradesh,AP,State,South,2017,Rape,Rape,988,4.02,49386799,24606669,67.02,False,False,ok,True
Andhra Pradesh,AP,State,South,2018,Rape,Rape,971,3.95,49386799,24606669,67.02,False,False,ok,True
Andhra Pradesh,AP,State,South,2019,Rape,Rape,1086,4.41,49386799,24606669,67.02,False,False,ok,True
Andhra Pradesh,AP,State,South,2020,Rape,Rape,1095,4.45,49386799,24606669,67.02,False,False,ok,True
Andhra Pradesh,AP,State,South,2021,Rape,Rape,1188,4.83,49386799,24606669,67.02,False,False,ok,True
Arunachal Pradesh,AR,State,North East,2001,Rape,Rape,33,4.93,1383727,669730,65.38,False,False,ok,True
Arunachal Pradesh,AR,State,North East,2002,Rape,Rape,38,5.67,1383727,669730,65.38,False,False,ok,True
Arunachal Pradesh,AR,State,North East,2003,Rape,Rape,31,4.63,1383727,669730,65.38,False,False,ok,True
Arunachal Pradesh,AR,State,North East,2004,Rape,Rape,42,6.27,1383727,669730,65.38,False,False,ok,True
Arunachal Pradesh,AR,State,North East,2005,Rape,Rape,35,5.23,1383727,669730,65.38,False,False,ok,True
Arunachal Pradesh,AR,State,North East,2006,Rape,Rape,37,5.52,1383727,669730,65.38,False,False,ok,True
Arunachal Pradesh,AR,State,North East,2007,Rape,Rape,48,7.17,1383727,669730,65.38,False,False,ok,True
Arunachal Pradesh,AR,State,North East,2008,Rape,Rape,42,6.27,1383727,669730,65.38,False,False,ok,True
Arunachal Pradesh,AR,State,North East,2009,Rape,Rape,59,8.81,1383727,669730,65.38,False,False,ok,True
Arunachal Pradesh,AR,State,North East,2010,Rape,Rape,47,7.02,1383727,669730,65.38,False,False,ok,True
Arunachal Pradesh,AR,State,North East,2011,Rape,Rape,42,6.27,1383727,669730,65.38,False,False,ok,True
Arunachal Pradesh,AR,State,North East,2012,Rape,Rape,46,6.87,1383727,669730,65.38,False,False,ok,True
Arunachal Pradesh,AR,State,North East,2013,Rape,Rape,75,11.2,1383727,669730,65.38,False,False,ok,True
Arunachal Pradesh,AR,State,North East,2014,Rape,Rape,83,12.39,1383727,669730,65.38,False,False,ok,True
Arunachal Pradesh,AR,State,North East,2015,Rape,Rape,71,10.6,1383727,669730,65.38,False,False,ok,True
Arunachal Pradesh,AR,State,North East,2016,Rape,Rape,92,13.74,1383727,669730,65.38,False,False,ok,True
Arunachal Pradesh,AR,State,North East,2017,Rape,Rape,59,8.81,1383727,669730,65.38,False,False,ok,True
Arunachal Pradesh,AR,State,North East,2018,Rape,Rape,67,10.0,1383727,669730,65.38,False,False,ok,True
Arunachal Pradesh,AR,State,North East,2019,Rape,Rape,63,9.41,1383727,669730,65.38,False,False,ok,True
Arunachal Pradesh,AR,State,North East,2020,Rape,Rape,60,8.96,1383727,669730,65.38,False,False,ok,True
Arunachal Pradesh,AR,State,North East,2021,Rape,Rape,83,12.39,1383727,669730,65.38,False,False,ok,True
Assam,AS,State,North East,2001,Rape,Rape,817,5.35,31205576,15268101,72.19,False,False,ok,True
Assam,AS,State,North East,2002,Rape,Rape,970,6.35,31205576,15268101,72.19,False,False,ok,True
Assam,AS,State,North East,2003,Rape,Rape,1095,7.17,31205576,15268101,72.19,False,False,ok,True
Assam,AS,State,North East,2004,Rape,Rape,1171,7.67,31205576,15268101,72.19,False,False,ok,True
Assam,AS,State,North East,2005,Rape,Rape,1238,8.11,31205576,15268101,72.19,False,False,ok,True
Assam,AS,State,North East,2006,Rape,Rape,1244,8.15,31205576,15268101,72.19,False,False,ok,True
Assam,AS,State,North East,2007,Rape,Rape,1437,9.41,31205576,15268101,72.19,False,False,ok,True
Assam,AS,State,North East,2008,Rape,Rape,1438,9.42,31205576,15268101,72.19,False,False,ok,True
Assam,AS,State,North East,2009,Rape,Rape,1631,10.68,31205576,15268101,72.19,False,False,ok,True
Assam,AS,State,North East,2010,Rape,Rape,1721,11.27,31205576,15268101,72.19,False,False,ok,True
Assam,AS,State,North East,2011,Rape,Rape,1700,11.13,31205576,15268101,72.19,False,False,ok,True
Assam,AS,State,North East,2012,Rape,Rape,1716,11.24,31205576,15268101,72.19,False,False,ok,True
Assam,AS,State,North East,2013,Rape,Rape,1937,12.69,31205576,15268101,72.19,False,False,ok,True
Assam,AS,State,North East,2014,Rape,Rape,1980,12.97,31205576,15268101,72.19,False,False,ok,True
Assam,AS,State,North East,2015,Rape,Rape,1733,11.35,31205576,15268101,72.19,False,False,ok,True
Assam,AS,State,North East,2016,Rape,Rape,1779,11.65,31205576,15268101,72.19,False,False,ok,True
Assam,AS,State,North East,2017,Rape,Rape,1772,11.61,31205576,15268101,72.19,False,False,ok,True
Assam,AS,State,North East,2018,Rape,Rape,1648,10.79,31205576,15268101,72.19,False,False,ok,True
Assam,AS,State,North East,2019,Rape,Rape,1773,11.61,31205576,15268101,72.19,False,False,ok,True
Assam,AS,State,North East,2020,Rape,Rape,1657,10.85,31205576,15268101,72.19,False,False,ok,True
Assam,AS,State,North East,2021,Rape,Rape,1733,11.35,31205576,15268101,72.19,False,False,ok,True
Bihar,BR,State,East,2001,Rape,Rape,888,1.78,104099452,49824451,61.8,False,False,ok,True
Bihar,BR,State,East,2002,Rape,Rape,1040,2.09,104099452,49824451,61.8,False,False,ok,True
Bihar,BR,State,East,2003,Rape,Rape,985,1.98,104099452,49824451,61.8,False,False,ok,True
Bihar,BR,State,East,2004,Rape,Rape,1390,2.79,104099452,49824451,61.8,False,False,ok,True
Bihar,BR,State,East,2005,Rape,Rape,1147,2.3,104099452,49824451,61.8,False,False,ok,True
Bihar,BR,State,East,2006,Rape,Rape,1232,2.47,104099452,49824451,61.8,False,False,ok,True
Bihar,BR,State,East,2007,Rape,Rape,1555,3.12,104099452,49824451,61.8,False,False,ok,True
Bihar,BR,State,East,2008,Rape,Rape,1302,2.61,104099452,49824451,61.8,False,False,ok,True
Bihar,BR,State,East,2009,Rape,Rape,929,1.86,104099452,49824451,61.8,False,False,ok,True
Bihar,BR,State,East,2010,Rape,Rape,795,1.6,104099452,49824451,61.8,False,False,ok,True
Bihar,BR,State,East,2011,Rape,Rape,934,1.87,104099452,49824451,61.8,False,False,ok,True
Bihar,BR,State,East,2012,Rape,Rape,927,1.86,104099452,49824451,61.8,False,False,ok,True
Bihar,BR,State,East,2013,Rape,Rape,1128,2.26,104099452,49824451,61.8,False,False,ok,True
Bihar,BR,State,East,2014,Rape,Rape,1127,2.26,104099452,49824451,61.8,False,False,ok,True
Bihar,BR,State,East,2015,Rape,Rape,1041,2.09,104099452,49824451,61.8,False,False,ok,True
Bihar,BR,State,East,2016,Rape,Rape,1008,2.02,104099452,49824451,61.8,False,False,ok,True
Bihar,BR,State,East,2017,Rape,Rape,605,1.21,104099452,49824451,61.8,False,False,ok,True
Bihar,BR,State,East,2018,Rape,Rape,651,1.31,104099452,49824451,61.8,False,False,ok,True
Bihar,BR,State,East,2019,Rape,Rape,730,1.47,104099452,49824451,61.8,False,False,ok,True
Bihar,BR,State,East,2020,Rape,Rape,806,1.62,104099452,49824451,61.8,False,False,ok,True
Bihar,BR,State,East,2021,Rape,Rape,786,1.58,104099452,49824451,61.8,False,False,ok,True
Chandigarh,CH,Union Territory,North,2001,Rape,Rape,18,3.79,1055450,474894,86.05,False,False,ok,True
Chandigarh,CH,Union Territory,North,2002,Rape,Rape,18,3.79,1055450,474894,86.05,False,False,ok,True
Chandigarh,CH,Union Territory,North,2003,Rape,Rape,18,3.79,1055450,474894,86.05,False,False,ok,True
Chandigarh,CH,Union Territory,North,2004,Rape,Rape,19,4.0,1055450,474894,86.05,False,False,ok,True
Chandigarh,CH,Union Territory,North,2005,Rape,Rape,33,6.95,1055450,474894,86.05,False,False,ok,True
Chandigarh,CH,Union Territory,North,2006,Rape,Rape,19,4.0,1055450,474894,86.05,False,False,ok,True
Chandigarh,CH,Union Territory,North,2007,Rape,Rape,22,4.63,1055450,474894,86.05,False,False,ok,True
Chandigarh,CH,Union Territory,North,2008,Rape,Rape,20,4.21,1055450,474894,86.05,False,False,ok,True
Chandigarh,CH,Union Territory,North,2009,Rape,Rape,29,6.11,1055450,474894,86.05,False,False,ok,True
Chandigarh,CH,Union Territory,North,2010,Rape,Rape,31,6.53,1055450,474894,86.05,False,False,ok,True
Chandigarh,CH,Union Territory,North,2011,Rape,Rape,27,5.69,1055450,474894,86.05,False,False,ok,True
Chandigarh,CH,Union Territory,North,2012,Rape,Rape,27,5.69,1055450,474894,86.05,False,False,ok,True
Chandigarh,CH,Union Territory,North,2013,Rape,Rape,45,9.48,1055450,474894,86.05,False,False,ok,True
Chandigarh,CH,Union Territory,North,2014,Rape,Rape,59,12.42,1055450,474894,86.05,False,False,ok,True
Chandigarh,CH,Union Territory,North,2015,Rape,Rape,72,15.16,1055450,474894,86.05,False,False,ok,True
Chandigarh,CH,Union Territory,North,2016,Rape,Rape,68,14.32,1055450,474894,86.05,False,False,ok,True
Chandigarh,CH,Union Territory,North,2017,Rape,Rape,65,13.69,1055450,474894,86.05,False,False,ok,True
Chandigarh,CH,Union Territory,North,2018,Rape,Rape,86,18.11,1055450,474894,86.05,False,False,ok,True
Chandigarh,CH,Union Territory,North,2019,Rape,Rape,112,23.58,1055450,474894,86.05,False,False,ok,True
Chandigarh,CH,Union Territory,North,2020,Rape,Rape,60,12.63,1055450,474894,86.05,False,False,ok,True
Chandigarh,CH,Union Territory,North,2021,Rape,Rape,74,15.58,1055450,474894,86.05,False,False,ok,True
Chhattisgarh,CG,State,Central,2001,Rape,Rape,959,7.54,25545198,12714862,70.28,False,False,ok,True
Chhattisgarh,CG,State,Central,2002,Rape,Rape,992,7.8,25545198,12714862,70.28,False,False,ok,True
Chhattisgarh,CG,State,Central,2003,Rape,Rape,898,7.06,25545198,12714862,70.28,False,False,ok,True
Chhattisgarh,CG,State,Central,2004,Rape,Rape,969,7.62,25545198,12714862,70.28,False,False,ok,True
Chhattisgarh,CG,State,Central,2005,Rape,Rape,990,7.79,25545198,12714862,70.28,False,False,ok,True
Chhattisgarh,CG,State,Central,2006,Rape,Rape,995,7.83,25545198,12714862,70.28,False,False,ok,True
Chhattisgarh,CG,State,Central,2007,Rape,Rape,982,7.72,25545198,12714862,70.28,False,False,ok,True
Chhattisgarh,CG,State,Central,2008,Rape,Rape,978,7.69,25545198,12714862,70.28,False,False,ok,True
Chhattisgarh,CG,State,Central,2009,Rape,Rape,976,7.68,25545198,12714862,70.28,False,False,ok,True
Chhattisgarh,CG,State,Central,2010,Rape,Rape,1012,7.96,25545198,12714862,70.28,False,False,ok,True
Chhattisgarh,CG,State,Central,2011,Rape,Rape,1053,8.28,25545198,12714862,70.28,False,False,ok,True
Chhattisgarh,CG,State,Central,2012,Rape,Rape,1034,8.13,25545198,12714862,70.28,False,False,ok,True
Chhattisgarh,CG,State,Central,2013,Rape,Rape,1380,10.85,25545198,12714862,70.28,False,False,ok,True
Chhattisgarh,CG,State,Central,2014,Rape,Rape,1436,11.29,25545198,12714862,70.28,False,False,ok,True
Chhattisgarh,CG,State,Central,2015,Rape,Rape,1560,12.27,25545198,12714862,70.28,False,False,ok,True
Chhattisgarh,CG,State,Central,2016,Rape,Rape,1626,12.79,25545198,12714862,70.28,False,False,ok,True
Chhattisgarh,CG,State,Central,2017,Rape,Rape,1908,15.01,25545198,12714862,70.28,False,False,ok,True
Chhattisgarh,CG,State,Central,2018,Rape,Rape,2091,16.45,25545198,12714862,70.28,False,False,ok,True
Chhattisgarh,CG,State,Central,2019,Rape,Rape,1036,8.15,25545198,12714862,70.28,False,False,ok,True
Chhattisgarh,CG,State,Central,2020,Rape,Rape,1210,9.52,25545198,12714862,70.28,False,False,ok,True
Chhattisgarh,CG,State,Central,2021,Rape,Rape,1093,8.6,25545198,12714862,70.28,False,False,ok,True
D & N Haveli and Daman & Diu,DN,Union Territory,West,2001,Rape,Rape,6,2.47,586956,242902,79.55,False,False,ok,True
D & N Haveli and Daman & Diu,DN,Union Territory,West,2002,Rape,Rape,4,1.65,586956,242902,79.55,False,False,ok,True
D & N Haveli and Daman & Diu,DN,Union Territory,West,2003,Rape,Rape,6,2.47,586956,242902,79.55,False,False,ok,True
D & N Haveli and Daman & Diu,DN,Union Territory,West,2004,Rape,Rape,8,3.29,586956,242902,79.55,False,False,ok,True
D & N Haveli and Daman & Diu,DN,Union Territory,West,2005,Rape,Rape,7,2.88,586956,242902,79.55,False,False,ok,True
D & N Haveli and Daman & Diu,DN,Union Territory,West,2006,Rape,Rape,9,3.71,586956,242902,79.55,False,False,ok,True
D & N Haveli and Daman & Diu,DN,Union Territory,West,2007,Rape,Rape,8,3.29,586956,242902,79.55,False,False,ok,True
D & N Haveli and Daman & Diu,DN,Union Territory,West,2008,Rape,Rape,6,2.47,586956,242902,79.55,False,False,ok,True
D & N Haveli and Daman & Diu,DN,Union Territory,West,2009,Rape,Rape,5,2.06,586956,242902,79.55,False,False,ok,True
D & N Haveli and Daman & Diu,DN,Union Territory,West,2010,Rape,Rape,4,1.65,586956,242902,79.55,False,False,ok,True
D & N Haveli and Daman & Diu,DN,Union Territory,West,2011,Rape,Rape,5,2.06,586956,242902,79.55,False,False,ok,True
D & N Haveli and Daman & Diu,DN,Union Territory,West,2012,Rape,Rape,8,3.29,586956,242902,79.55,False,False,ok,True
D & N Haveli and Daman & Diu,DN,Union Territory,West,2013,Rape,Rape,13,5.35,586956,242902,79.55,False,False,ok,True
D & N Haveli and Daman & Diu,DN,Union Territory,West,2014,Rape,Rape,7,2.88,586956,242902,79.55,False,False,ok,True
D & N Haveli and Daman & Diu,DN,Union Territory,West,2015,Rape,Rape,13,5.35,586956,242902,79.55,False,False,ok,True
D & N Haveli and Daman & Diu,DN,Union Territory,West,2016,Rape,Rape,26,10.7,586956,242902,79.55,False,False,ok,True
D & N Haveli and Daman & Diu,DN,Union Territory,West,2017,Rape,Rape,8,3.29,586956,242902,79.55,False,False,ok,True
D & N Haveli and Daman & Diu,DN,Union Territory,West,2018,Rape,Rape,10,4.12,586956,242902,79.55,False,False,ok,True
D & N Haveli and Daman & Diu,DN,Union Territory,West,2019,Rape,Rape,4,1.65,586956,242902,79.55,False,False,ok,True
D & N Haveli and Daman & Diu,DN,Union Territory,West,2020,Rape,Rape,4,1.65,586956,242902,79.55,False,False,ok,True
D & N Haveli and Daman & Diu,DN,Union Territory,West,2021,Rape,Rape,3,1.24,586956,242902,79.55,False,False,ok,True
Delhi UT,DL,Union Territory,North,2011,Rape,Rape,572,7.33,16787941,7800821,86.21,False,False,ok,True
Delhi UT,DL,Union Territory,North,2012,Rape,Rape,706,9.05,16787941,7800821,86.21,False,False,ok,True
Delhi UT,DL,Union Territory,North,2013,Rape,Rape,1636,20.97,16787941,7800821,86.21,False,False,ok,True
Delhi UT,DL,Union Territory,North,2014,Rape,Rape,2096,26.87,16787941,7800821,86.21,False,False,ok,True
Delhi UT,DL,Union Territory,North,2015,Rape,Rape,2199,28.19,16787941,7800821,86.21,False,False,ok,True
Delhi UT,DL,Union Territory,North,2016,Rape,Rape,2155,27.63,16787941,7800821,86.21,False,False,ok,True
Delhi UT,DL,Union Territory,North,2017,Rape,Rape,1229,15.75,16787941,7800821,86.21,False,False,ok,True
Delhi UT,DL,Union Territory,North,2018,Rape,Rape,1215,15.58,16787941,7800821,86.21,False,False,ok,True
Delhi UT,DL,Union Territory,North,2019,Rape,Rape,1253,16.06,16787941,7800821,86.21,False,False,ok,True
Delhi UT,DL,Union Territory,North,2020,Rape,Rape,997,12.78,16787941,7800821,86.21,False,False,ok,True
Delhi UT,DL,Union Territory,North,2021,Rape,Rape,1250,16.02,16787941,7800821,86.21,False,False,ok,True
Goa,GA,State,West,2001,Rape,Rape,12,1.67,1458545,719293,88.7,False,False,ok,True
Goa,GA,State,West,2002,Rape,Rape,12,1.67,1458545,719293,88.7,False,False,ok,True
Goa,GA,State,West,2003,Rape,Rape,31,4.31,1458545,719293,88.7,False,False,ok,True
Goa,GA,State,West,2004,Rape,Rape,37,5.14,1458545,719293,88.7,False,False,ok,True
Goa,GA,State,West,2005,Rape,Rape,20,2.78,1458545,719293,88.7,False,False,ok,True
Goa,GA,State,West,2006,Rape,Rape,21,2.92,1458545,719293,88.7,False,False,ok,True
Goa,GA,State,West,2007,Rape,Rape,20,2.78,1458545,719293,88.7,False,False,ok,True
Goa,GA,State,West,2008,Rape,Rape,30,4.17,1458545,719293,88.7,False,False,ok,True
Goa,GA,State,West,2009,Rape,Rape,47,6.53,1458545,719293,88.7,False,False,ok,True
Goa,GA,State,West,2010,Rape,Rape,36,5.0,1458545,719293,88.7,False,False,ok,True
Goa,GA,State,West,2011,Rape,Rape,29,4.03,1458545,719293,88.7,False,False,ok,True
Goa,GA,State,West,2012,Rape,Rape,55,7.65,1458545,719293,88.7,False,False,ok,True
Goa,GA,State,West,2013,Rape,Rape,86,11.96,1458545,719293,88.7,False,False,ok,True
Goa,GA,State,West,2014,Rape,Rape,95,13.21,1458545,719293,88.7,False,False,ok,True
Goa,GA,State,West,2015,Rape,Rape,86,11.96,1458545,719293,88.7,False,False,ok,True
Goa,GA,State,West,2016,Rape,Rape,61,8.48,1458545,719293,88.7,False,False,ok,True
Goa,GA,State,West,2017,Rape,Rape,76,10.57,1458545,719293,88.7,False,False,ok,True
Goa,GA,State,West,2018,Rape,Rape,61,8.48,1458545,719293,88.7,False,False,ok,True
Goa,GA,State,West,2019,Rape,Rape,72,10.01,1458545,719293,88.7,False,False,ok,True
Goa,GA,State,West,2020,Rape,Rape,60,8.34,1458545,719293,88.7,False,False,ok,True
Goa,GA,State,West,2021,Rape,Rape,72,10.01,1458545,719293,88.7,False,False,ok,True
Gujarat,GJ,State,West,2001,Rape,Rape,286,0.99,60439692,28944282,78.03,False,False,ok,True
Gujarat,GJ,State,West,2002,Rape,Rape,267,0.92,60439692,28944282,78.03,False,False,ok,True
Gujarat,GJ,State,West,2003,Rape,Rape,236,0.82,60439692,28944282,78.03,False,False,ok,True
Gujarat,GJ,State,West,2004,Rape,Rape,339,1.17,60439692,28944282,78.03,False,False,ok,True
Gujarat,GJ,State,West,2005,Rape,Rape,324,1.12,60439692,28944282,78.03,False,False,ok,True
Gujarat,GJ,State,West,2006,Rape,Rape,354,1.22,60439692,28944282,78.03,False,False,ok,True
Gujarat,GJ,State,West,2007,Rape,Rape,316,1.09,60439692,28944282,78.03,False,False,ok,True
Gujarat,GJ,State,West,2008,Rape,Rape,374,1.29,60439692,28944282,78.03,False,False,ok,True
Gujarat,GJ,State,West,2009,Rape,Rape,433,1.5,60439692,28944282,78.03,False,False,ok,True
Gujarat,GJ,State,West,2010,Rape,Rape,408,1.41,60439692,28944282,78.03,False,False,ok,True
Gujarat,GJ,State,West,2011,Rape,Rape,439,1.52,60439692,28944282,78.03,False,False,ok,True
Gujarat,GJ,State,West,2012,Rape,Rape,473,1.63,60439692,28944282,78.03,False,False,ok,True
Gujarat,GJ,State,West,2013,Rape,Rape,732,2.53,60439692,28944282,78.03,False,False,ok,True
Gujarat,GJ,State,West,2014,Rape,Rape,841,2.91,60439692,28944282,78.03,False,False,ok,True
Gujarat,GJ,State,West,2015,Rape,Rape,503,1.74,60439692,28944282,78.03,False,False,ok,True
Gujarat,GJ,State,West,2016,Rape,Rape,982,3.39,60439692,28944282,78.03,False,False,ok,True
Gujarat,GJ,State,West,2017,Rape,Rape,477,1.65,60439692,28944282,78.03,False,False,ok,True
Gujarat,GJ,State,West,2018,Rape,Rape,553,1.91,60439692,28944282,78.03,False,False,ok,True
Gujarat,GJ,State,West,2019,Rape,Rape,528,1.82,60439692,28944282,78.03,False,False,ok,True
Gujarat,GJ,State,West,2020,Rape,Rape,486,1.68,60439692,28944282,78.03,False,False,ok,True
Gujarat,GJ,State,West,2021,Rape,Rape,589,2.03,60439692,28944282,78.03,False,False,ok,True
Haryana,HR,State,North,2001,Rape,Rape,398,3.36,25351462,11859465,75.55,False,False,ok,True
Haryana,HR,State,North,2002,Rape,Rape,361,3.04,25351462,11859465,75.55,False,False,ok,True
Haryana,HR,State,North,2003,Rape,Rape,353,2.98,25351462,11859465,75.55,False,False,ok,True
Haryana,HR,State,North,2004,Rape,Rape,386,3.25,25351462,11859465,75.55,False,False,ok,True
Haryana,HR,State,North,2005,Rape,Rape,461,3.89,25351462,11859465,75.55,False,False,ok,True
Haryana,HR,State,North,2006,Rape,Rape,608,5.13,25351462,11859465,75.55,False,False,ok,True
Haryana,HR,State,North,2007,Rape,Rape,488,4.11,25351462,11859465,75.55,False,False,ok,True
Haryana,HR,State,North,2008,Rape,Rape,631,5.32,25351462,11859465,75.55,False,False,ok,True
Haryana,HR,State,North,2009,Rape,Rape,603,5.08,25351462,11859465,75.55,False,False,ok,True
Haryana,HR,State,North,2010,Rape,Rape,720,6.07,25351462,11859465,75.55,False,False,ok,True
Haryana,HR,State,North,2011,Rape,Rape,733,6.18,25351462,11859465,75.55,False,False,ok,True
Haryana,HR,State,North,2012,Rape,Rape,668,5.63,25351462,11859465,75.55,False,False,ok,True
Haryana,HR,State,North,2013,Rape,Rape,971,8.19,25351462,11859465,75.55,False,False,ok,True
Haryana,HR,State,North,2014,Rape,Rape,1174,9.9,25351462,11859465,75.55,False,False,ok,True
Haryana,HR,State,North,2015,Rape,Rape,1070,9.02,25351462,11859465,75.55,False,False,ok,True
Haryana,HR,State,North,2016,Rape,Rape,1187,10.01,25351462,11859465,75.55,False,False,ok,True
Haryana,HR,State,North,2017,Rape,Rape,1099,9.27,25351462,11859465,75.55,False,False,ok,True
Haryana,HR,State,North,2018,Rape,Rape,1296,10.93,25351462,11859465,75.55,False,False,ok,True
Haryana,HR,State,North,2019,Rape,Rape,1480,12.48,25351462,11859465,75.55,False,False,ok,True
Haryana,HR,State,North,2020,Rape,Rape,1373,11.58,25351462,11859465,75.55,False,False,ok,True
Haryana,HR,State,North,2021,Rape,Rape,1716,14.47,25351462,11859465,75.55,False,False,ok,True
Himachal Pradesh,HP,State,North,2001,Rape,Rape,124,3.66,6864602,3383567,82.8,False,False,ok,True
Himachal Pradesh,HP,State,North,2002,Rape,Rape,137,4.05,6864602,3383567,82.8,False,False,ok,True
Himachal Pradesh,HP,State,North,2003,Rape,Rape,126,3.72,6864602,3383567,82.8,False,False,ok,True
Himachal Pradesh,HP,State,North,2004,Rape,Rape,153,4.52,6864602,3383567,82.8,False,False,ok,True
Himachal Pradesh,HP,State,North,2005,Rape,Rape,141,4.17,6864602,3383567,82.8,False,False,ok,True
Himachal Pradesh,HP,State,North,2006,Rape,Rape,113,3.34,6864602,3383567,82.8,False,False,ok,True
Himachal Pradesh,HP,State,North,2007,Rape,Rape,159,4.7,6864602,3383567,82.8,False,False,ok,True
Himachal Pradesh,HP,State,North,2008,Rape,Rape,157,4.64,6864602,3383567,82.8,False,False,ok,True
Himachal Pradesh,HP,State,North,2009,Rape,Rape,183,5.41,6864602,3383567,82.8,False,False,ok,True
Himachal Pradesh,HP,State,North,2010,Rape,Rape,160,4.73,6864602,3383567,82.8,False,False,ok,True
Himachal Pradesh,HP,State,North,2011,Rape,Rape,168,4.97,6864602,3383567,82.8,False,False,ok,True
Himachal Pradesh,HP,State,North,2012,Rape,Rape,183,5.41,6864602,3383567,82.8,False,False,ok,True
Himachal Pradesh,HP,State,North,2013,Rape,Rape,250,7.39,6864602,3383567,82.8,False,False,ok,True
Himachal Pradesh,HP,State,North,2014,Rape,Rape,283,8.36,6864602,3383567,82.8,False,False,ok,True
Himachal Pradesh,HP,State,North,2015,Rape,Rape,244,7.21,6864602,3383567,82.8,False,False,ok,True
Himachal Pradesh,HP,State,North,2016,Rape,Rape,252,7.45,6864602,3383567,82.8,False,False,ok,True
Himachal Pradesh,HP,State,North,2017,Rape,Rape,249,7.36,6864602,3383567,82.8,False,False,ok,True
Himachal Pradesh,HP,State,North,2018,Rape,Rape,344,10.17,6864602,3383567,82.8,False,False,ok,True
Himachal Pradesh,HP,State,North,2019,Rape,Rape,359,10.61,6864602,3383567,82.8,False,False,ok,True
Himachal Pradesh,HP,State,North,2020,Rape,Rape,331,9.78,6864602,3383567,82.8,False,False,ok,True
Himachal Pradesh,HP,State,North,2021,Rape,Rape,358,10.58,6864602,3383567,82.8,False,False,ok,True
Jammu & Kashmir,JK,Union Territory,North,2001,Rape,Rape,169,2.92,12267013,5783391,67.16,False,False,ok,True
Jammu & Kashmir,JK,Union Territory,North,2002,Rape,Rape,192,3.32,12267013,5783391,67.16,False,False,ok,True
Jammu & Kashmir,JK,Union Territory,North,2003,Rape,Rape,211,3.65,12267013,5783391,67.16,False,False,ok,True
Jammu & Kashmir,JK,Union Territory,North,2004,Rape,Rape,218,3.77,12267013,5783391,67.16,False,False,ok,True
Jammu & Kashmir,JK,Union Territory,North,2005,Rape,Rape,201,3.48,12267013,5783391,67.16,False,False,ok,True
Jammu & Kashmir,JK,Union Territory,North,2006,Rape,Rape,250,4.32,12267013,5783391,67.16,False,False,ok,True
Jammu & Kashmir,JK,Union Territory,North,2007,Rape,Rape,288,4.98,12267013,5783391,67.16,False,False,ok,True
Jammu & Kashmir,JK,Union Territory,North,2008,Rape,Rape,219,3.79,12267013,5783391,67.16,False,False,ok,True
Jammu & Kashmir,JK,Union Territory,North,2009,Rape,Rape,237,4.1,12267013,5783391,67.16,False,False,ok,True
Jammu & Kashmir,JK,Union Territory,North,2010,Rape,Rape,245,4.24,12267013,5783391,67.16,False,False,ok,True
Jammu & Kashmir,JK,Union Territory,North,2011,Rape,Rape,277,4.79,12267013,5783391,67.16,False,False,ok,True
Jammu & Kashmir,JK,Union Territory,North,2012,Rape,Rape,303,5.24,12267013,5783391,67.16,False,False,ok,True
Jammu & Kashmir,JK,Union Territory,North,2013,Rape,Rape,378,6.54,12267013,5783391,67.16,False,False,ok,True
Jammu & Kashmir,JK,Union Territory,North,2014,Rape,Rape,331,5.72,12267013,5783391,67.16,False,False,ok,True
Jammu & Kashmir,JK,Union Territory,North,2015,Rape,Rape,296,5.12,12267013,5783391,67.16,False,False,ok,True
Jammu & Kashmir,JK,Union Territory,North,2016,Rape,Rape,256,4.43,12267013,5783391,67.16,False,False,ok,True
Jammu & Kashmir,JK,Union Territory,North,2017,Rape,Rape,296,5.12,12267013,5783391,67.16,False,False,ok,True
Jammu & Kashmir,JK,Union Territory,North,2018,Rape,Rape,320,5.53,12267013,5783391,67.16,False,False,ok,True
Jammu & Kashmir,JK,Union Territory,North,2019,Rape,Rape,223,3.86,12267013,5783391,67.16,False,False,ok,True
Jammu & Kashmir,JK,Union Territory,North,2020,Rape,Rape,243,4.2,12267013,5783391,67.16,False,False,ok,True
Jammu & Kashmir,JK,Union Territory,North,2021,Rape,Rape,315,5.45,12267013,5783391,67.16,False,False,ok,True
Jharkhand,JH,State,East,2001,Rape,Rape,567,3.53,32988134,16053774,66.41,False,False,ok,True
Jharkhand,JH,State,East,2002,Rape,Rape,797,4.96,32988134,16053774,66.41,False,False,ok,True
Jharkhand,JH,State,East,2003,Rape,Rape,712,4.44,32988134,16053774,66.41,False,False,ok,True
Jharkhand,JH,State,East,2004,Rape,Rape,797,4.96,32988134,16053774,66.41,False,False,ok,True
Jharkhand,JH,State,East,2005,Rape,Rape,753,4.69,32988134,16053774,66.41,False,False,ok,True
Jharkhand,JH,State,East,2006,Rape,Rape,799,4.98,32988134,16053774,66.41,False,False,ok,True
Jharkhand,JH,State,East,2007,Rape,Rape,855,5.33,32988134,16053774,66.41,False,False,ok,True
Jharkhand,JH,State,East,2008,Rape,Rape,791,4.93,32988134,16053774,66.41,False,False,ok,True
Jharkhand,JH,State,East,2009,Rape,Rape,719,4.48,32988134,16053774,66.41,False,False,ok,True
Jharkhand,JH,State,East,2010,Rape,Rape,773,4.82,32988134,16053774,66.41,False,False,ok,True
Jharkhand,JH,State,East,2011,Rape,Rape,784,4.88,32988134,16053774,66.41,False,False,ok,True
Jharkhand,JH,State,East,2012,Rape,Rape,812,5.06,32988134,16053774,66.41,False,False,ok,True
Jharkhand,JH,State,East,2013,Rape,Rape,1204,7.5,32988134,16053774,66.41,False,False,ok,True
Jharkhand,JH,State,East,2014,Rape,Rape,1050,6.54,32988134,16053774,66.41,False,False,ok,True
Jharkhand,JH,State,East,2015,Rape,Rape,1053,6.56,32988134,16053774,66.41,False,False,ok,True
Jharkhand,JH,State,East,2016,Rape,Rape,1109,6.91,32988134,16053774,66.41,False,False,ok,True
Jharkhand,JH,State,East,2017,Rape,Rape,914,5.69,32988134,16053774,66.41,False,False,ok,True
Jharkhand,JH,State,East,2018,Rape,Rape,1090,6.79,32988134,16053774,66.41,False,False,ok,True
Jharkhand,JH,State,East,2019,Rape,Rape,1416,8.82,32988134,16053774,66.41,False,False,ok,True
Jharkhand,JH,State,East,2020,Rape,Rape,1321,8.23,32988134,16053774,66.41,False,False,ok,True
Jharkhand,JH,State,East,2021,Rape,Rape,1425,8.88,32988134,16053774,66.41,False,False,ok,True
Karnataka,KA,State,South,2001,Rape,Rape,293,0.97,61095297,30129612,75.36,False,False,ok,True
Karnataka,KA,State,South,2002,Rape,Rape,292,0.97,61095297,30129612,75.36,False,False,ok,True
Karnataka,KA,State,South,2003,Rape,Rape,321,1.07,61095297,30129612,75.36,False,False,ok,True
Karnataka,KA,State,South,2004,Rape,Rape,291,0.97,61095297,30129612,75.36,False,False,ok,True
Karnataka,KA,State,South,2005,Rape,Rape,343,1.14,61095297,30129612,75.36,False,False,ok,True
Karnataka,KA,State,South,2006,Rape,Rape,400,1.33,61095297,30129612,75.36,False,False,ok,True
Karnataka,KA,State,South,2007,Rape,Rape,436,1.45,61095297,30129612,75.36,False,False,ok,True
Karnataka,KA,State,South,2008,Rape,Rape,446,1.48,61095297,30129612,75.36,False,False,ok,True
Karnataka,KA,State,South,2009,Rape,Rape,509,1.69,61095297,30129612,75.36,False,False,ok,True
Karnataka,KA,State,South,2010,Rape,Rape,586,1.94,61095297,30129612,75.36,False,False,ok,True
Karnataka,KA,State,South,2011,Rape,Rape,636,2.11,61095297,30129612,75.36,False,False,ok,True
Karnataka,KA,State,South,2012,Rape,Rape,621,2.06,61095297,30129612,75.36,False,False,ok,True
Karnataka,KA,State,South,2013,Rape,Rape,1030,3.42,61095297,30129612,75.36,False,False,ok,True
Karnataka,KA,State,South,2014,Rape,Rape,1324,4.39,61095297,30129612,75.36,False,False,ok,True
Karnataka,KA,State,South,2015,Rape,Rape,589,1.95,61095297,30129612,75.36,False,False,ok,True
Karnataka,KA,State,South,2016,Rape,Rape,1655,5.49,61095297,30129612,75.36,False,False,ok,True
Karnataka,KA,State,South,2017,Rape,Rape,546,1.81,61095297,30129612,75.36,False,False,ok,True
Karnataka,KA,State,South,2018,Rape,Rape,492,1.63,61095297,30129612,75.36,False,False,ok,True
Karnataka,KA,State,South,2019,Rape,Rape,505,1.68,61095297,30129612,75.36,False,False,ok,True
Karnataka,KA,State,South,2020,Rape,Rape,504,1.67,61095297,30129612,75.36,False,False,ok,True
Karnataka,KA,State,South,2021,Rape,Rape,555,1.84,61095297,30129612,75.36,False,False,ok,True
Kerala,KL,State,South,2001,Rape,Rape,562,3.23,33406061,17376281,94.0,False,False,ok,True
Kerala,KL,State,South,2002,Rape,Rape,499,2.87,33406061,17376281,94.0,False,False,ok,True
Kerala,KL,State,South,2003,Rape,Rape,394,2.27,33406061,17376281,94.0,False,False,ok,True
Kerala,KL,State,South,2004,Rape,Rape,480,2.76,33406061,17376281,94.0,False,False,ok,True
Kerala,KL,State,South,2005,Rape,Rape,478,2.75,33406061,17376281,94.0,False,False,ok,True
Kerala,KL,State,South,2006,Rape,Rape,601,3.46,33406061,17376281,94.0,False,False,ok,True
Kerala,KL,State,South,2007,Rape,Rape,512,2.95,33406061,17376281,94.0,False,False,ok,True
Kerala,KL,State,South,2008,Rape,Rape,568,3.27,33406061,17376281,94.0,False,False,ok,True
Kerala,KL,State,South,2009,Rape,Rape,568,3.27,33406061,17376281,94.0,False,False,ok,True
Kerala,KL,State,South,2010,Rape,Rape,634,3.65,33406061,17376281,94.0,False,False,ok,True
Kerala,KL,State,South,2011,Rape,Rape,1132,6.51,33406061,17376281,94.0,False,False,ok,True
Kerala,KL,State,South,2012,Rape,Rape,1019,5.86,33406061,17376281,94.0,False,False,ok,True
Kerala,KL,State,South,2013,Rape,Rape,1221,7.03,33406061,17376281,94.0,False,False,ok,True
Kerala,KL,State,South,2014,Rape,Rape,1347,7.75,33406061,17376281,94.0,False,False,ok,True
Kerala,KL,State,South,2015,Rape,Rape,1256,7.23,33406061,17376281,94.0,False,False,ok,True
Kerala,KL,State,South,2016,Rape,Rape,1656,9.53,33406061,17376281,94.0,False,False,ok,True
Kerala,KL,State,South,2017,Rape,Rape,2003,11.53,33406061,17376281,94.0,False,False,ok,True
Kerala,KL,State,South,2018,Rape,Rape,1945,11.19,33406061,17376281,94.0,False,False,ok,True
Kerala,KL,State,South,2019,Rape,Rape,2023,11.64,33406061,17376281,94.0,False,False,ok,True
Kerala,KL,State,South,2020,Rape,Rape,637,3.67,33406061,17376281,94.0,False,False,ok,True
Kerala,KL,State,South,2021,Rape,Rape,771,4.44,33406061,17376281,94.0,False,False,ok,True
Ladakh,LA,Union Territory,North,2020,Rape,Rape,2,1.7,274289,117552,77.2,False,False,ok,True
Ladakh,LA,Union Territory,North,2021,Rape,Rape,2,1.7,274289,117552,77.2,False,False,ok,True
Lakshadweep,LD,Union Territory,Islands,2001,Rape,Rape,0,0.0,64473,31342,91.85,False,False,ok,True
Lakshadweep,LD,Union Territory,Islands,2002,Rape,Rape,1,3.19,64473,31342,91.85,False,False,ok,True
Lakshadweep,LD,Union Territory,Islands,2003,Rape,Rape,2,6.38,64473,31342,91.85,False,False,ok,True
Lakshadweep,LD,Union Territory,Islands,2004,Rape,Rape,0,0.0,64473,31342,91.85,False,False,ok,True
Lakshadweep,LD,Union Territory,Islands,2005,Rape,Rape,0,0.0,64473,31342,91.85,False,False,ok,True
Lakshadweep,LD,Union Territory,Islands,2006,Rape,Rape,0,0.0,64473,31342,91.85,False,False,ok,True
Lakshadweep,LD,Union Territory,Islands,2007,Rape,Rape,1,3.19,64473,31342,91.85,False,False,ok,True
Lakshadweep,LD,Union Territory,Islands,2008,Rape,Rape,2,6.38,64473,31342,91.85,False,False,ok,True
Lakshadweep,LD,Union Territory,Islands,2009,Rape,Rape,1,3.19,64473,31342,91.85,False,False,ok,True
Lakshadweep,LD,Union Territory,Islands,2010,Rape,Rape,0,0.0,64473,31342,91.85,False,False,ok,True
Lakshadweep,LD,Union Territory,Islands,2011,Rape,Rape,0,0.0,64473,31342,91.85,False,False,ok,True
Lakshadweep,LD,Union Territory,Islands,2012,Rape,Rape,0,0.0,64473,31342,91.85,False,False,ok,True
Lakshadweep,LD,Union Territory,Islands,2013,Rape,Rape,2,6.38,64473,31342,91.85,False,False,ok,True
Lakshadweep,LD,Union Territory,Islands,2014,Rape,Rape,1,3.19,64473,31342,91.85,False,False,ok,True
Lakshadweep,LD,Union Territory,Islands,2015,Rape,Rape,0,0.0,64473,31342,91.85,False,False,ok,True
Lakshadweep,LD,Union Territory,Islands,2016,Rape,Rape,5,15.95,64473,31342,91.85,False,False,ok,True
Lakshadweep,LD,Union Territory,Islands,2017,Rape,Rape,0,0.0,64473,31342,91.85,False,False,ok,True
Lakshadweep,LD,Union Territory,Islands,2018,Rape,Rape,2,6.38,64473,31342,91.85,False,False,ok,True
Lakshadweep,LD,Union Territory,Islands,2019,Rape,Rape,0,0.0,64473,31342,91.85,False,False,ok,True
Lakshadweep,LD,Union Territory,Islands,2020,Rape,Rape,3,9.57,64473,31342,91.85,False,False,ok,True
Lakshadweep,LD,Union Territory,Islands,2021,Rape,Rape,0,0.0,64473,31342,91.85,False,False,ok,True
Madhya Pradesh,MP,State,Central,2001,Rape,Rape,2851,8.14,72626809,35015826,69.32,False,False,ok,True
Madhya Pradesh,MP,State,Central,2002,Rape,Rape,2891,8.26,72626809,35015826,69.32,False,False,ok,True
Madhya Pradesh,MP,State,Central,2003,Rape,Rape,2738,7.82,72626809,35015826,69.32,False,False,ok,True
Madhya Pradesh,MP,State,Central,2004,Rape,Rape,2875,8.21,72626809,35015826,69.32,False,False,ok,True
Madhya Pradesh,MP,State,Central,2005,Rape,Rape,2921,8.34,72626809,35015826,69.32,False,False,ok,True
Madhya Pradesh,MP,State,Central,2006,Rape,Rape,2900,8.28,72626809,35015826,69.32,False,False,ok,True
Madhya Pradesh,MP,State,Central,2007,Rape,Rape,3010,8.6,72626809,35015826,69.32,False,False,ok,True
Madhya Pradesh,MP,State,Central,2008,Rape,Rape,2937,8.39,72626809,35015826,69.32,False,False,ok,True
Madhya Pradesh,MP,State,Central,2009,Rape,Rape,2998,8.56,72626809,35015826,69.32,False,False,ok,True
Madhya Pradesh,MP,State,Central,2010,Rape,Rape,3135,8.95,72626809,35015826,69.32,False,False,ok,True
Madhya Pradesh,MP,State,Central,2011,Rape,Rape,3406,9.73,72626809,35015826,69.32,False,False,ok,True
Madhya Pradesh,MP,State,Central,2012,Rape,Rape,3425,9.78,72626809,35015826,69.32,False,False,ok,True
Madhya Pradesh,MP,State,Central,2013,Rape,Rape,4335,12.38,72626809,35015826,69.32,False,False,ok,True
Madhya Pradesh,MP,State,Central,2014,Rape,Rape,5076,14.5,72626809,35015826,69.32,False,False,ok,True
Madhya Pradesh,MP,State,Central,2015,Rape,Rape,4391,12.54,72626809,35015826,69.32,False,False,ok,True
Madhya Pradesh,MP,State,Central,2016,Rape,Rape,4882,13.94,72626809,35015826,69.32,False,False,ok,True
Madhya Pradesh,MP,State,Central,2017,Rape,Rape,5562,15.88,72626809,35015826,69.32,False,False,ok,True
Madhya Pradesh,MP,State,Central,2018,Rape,Rape,5433,15.52,72626809,35015826,69.32,False,False,ok,True
Madhya Pradesh,MP,State,Central,2019,Rape,Rape,2485,7.1,72626809,35015826,69.32,False,False,ok,True
Madhya Pradesh,MP,State,Central,2020,Rape,Rape,2339,6.68,72626809,35015826,69.32,False,False,ok,True
Madhya Pradesh,MP,State,Central,2021,Rape,Rape,2947,8.42,72626809,35015826,69.32,False,False,ok,True
Maharashtra,MH,State,West,2001,Rape,Rape,1302,2.41,112374333,54119106,82.34,False,False,ok,True
Maharashtra,MH,State,West,2002,Rape,Rape,1352,2.5,112374333,54119106,82.34,False,False,ok,True
Maharashtra,MH,State,West,2003,Rape,Rape,1268,2.34,112374333,54119106,82.34,False,False,ok,True
Maharashtra,MH,State,West,2004,Rape,Rape,1388,2.56,112374333,54119106,82.34,False,False,ok,True
Maharashtra,MH,State,West,2005,Rape,Rape,1545,2.85,112374333,54119106,82.34,False,False,ok,True
Maharashtra,MH,State,West,2006,Rape,Rape,1500,2.77,112374333,54119106,82.34,False,False,ok,True
Maharashtra,MH,State,West,2007,Rape,Rape,1451,2.68,112374333,54119106,82.34,False,False,ok,True
Maharashtra,MH,State,West,2008,Rape,Rape,1558,2.88,112374333,54119106,82.34,False,False,ok,True
Maharashtra,MH,State,West,2009,Rape,Rape,1483,2.74,112374333,54119106,82.34,False,False,ok,True
Maharashtra,MH,State,West,2010,Rape,Rape,1599,2.95,112374333,54119106,82.34,False,False,ok,True
Maharashtra,MH,State,West,2011,Rape,Rape,1701,3.14,112374333,54119106,82.34,False,False,ok,True
Maharashtra,MH,State,West,2012,Rape,Rape,1839,3.4,112374333,54119106,82.34,False,False,ok,True
Maharashtra,MH,State,West,2013,Rape,Rape,3063,5.66,112374333,54119106,82.34,False,False,ok,True
Maharashtra,MH,State,West,2014,Rape,Rape,3438,6.35,112374333,54119106,82.34,False,False,ok,True
Maharashtra,MH,State,West,2015,Rape,Rape,4144,7.66,112374333,54119106,82.34,False,False,ok,True
Maharashtra,MH,State,West,2016,Rape,Rape,4189,7.74,112374333,54119106,82.34,False,False,ok,True
Maharashtra,MH,State,West,2017,Rape,Rape,1933,3.57,112374333,54119106,82.34,False,False,ok,True
Maharashtra,MH,State,West,2018,Rape,Rape,2142,3.96,112374333,54119106,82.34,False,False,ok,True
Maharashtra,MH,State,West,2019,Rape,Rape,2299,4.25,112374333,54119106,82.34,False,False,ok,True
Maharashtra,MH,State,West,2020,Rape,Rape,2061,3.81,112374333,54119106,82.34,False,False,ok,True
Maharashtra,MH,State,West,2021,Rape,Rape,2496,4.61,112374333,54119106,82.34,False,False,ok,True
Manipur,MN,State,North East,2001,Rape,Rape,20,1.41,2855794,1417107,76.94,False,False,ok,True
Manipur,MN,State,North East,2002,Rape,Rape,14,0.99,2855794,1417107,76.94,False,False,ok,True
Manipur,MN,State,North East,2003,Rape,Rape,18,1.27,2855794,1417107,76.94,False,False,ok,True
Manipur,MN,State,North East,2004,Rape,Rape,31,2.19,2855794,1417107,76.94,False,False,ok,True
Manipur,MN,State,North East,2005,Rape,Rape,25,1.76,2855794,1417107,76.94,False,False,ok,True
Manipur,MN,State,North East,2006,Rape,Rape,40,2.82,2855794,1417107,76.94,False,False,ok,True
Manipur,MN,State,North East,2007,Rape,Rape,20,1.41,2855794,1417107,76.94,False,False,ok,True
Manipur,MN,State,North East,2008,Rape,Rape,38,2.68,2855794,1417107,76.94,False,False,ok,True
Manipur,MN,State,North East,2009,Rape,Rape,31,2.19,2855794,1417107,76.94,False,False,ok,True
Manipur,MN,State,North East,2010,Rape,Rape,34,2.4,2855794,1417107,76.94,False,False,ok,True
Manipur,MN,State,North East,2011,Rape,Rape,53,3.74,2855794,1417107,76.94,False,False,ok,True
Manipur,MN,State,North East,2012,Rape,Rape,63,4.45,2855794,1417107,76.94,False,False,ok,True
Manipur,MN,State,North East,2013,Rape,Rape,72,5.08,2855794,1417107,76.94,False,False,ok,True
Manipur,MN,State,North East,2014,Rape,Rape,75,5.29,2855794,1417107,76.94,False,False,ok,True
Manipur,MN,State,North East,2015,Rape,Rape,46,3.25,2855794,1417107,76.94,False,False,ok,True
Manipur,MN,State,North East,2016,Rape,Rape,55,3.88,2855794,1417107,76.94,False,False,ok,True
Manipur,MN,State,North East,2017,Rape,Rape,40,2.82,2855794,1417107,76.94,False,False,ok,True
Manipur,MN,State,North East,2018,Rape,Rape,52,3.67,2855794,1417107,76.94,False,False,ok,True
Manipur,MN,State,North East,2019,Rape,Rape,36,2.54,2855794,1417107,76.94,False,False,ok,True
Manipur,MN,State,North East,2020,Rape,Rape,32,2.26,2855794,1417107,76.94,False,False,ok,True
Manipur,MN,State,North East,2021,Rape,Rape,26,1.83,2855794,1417107,76.94,False,False,ok,True
Meghalaya,ML,State,North East,2001,Rape,Rape,26,1.76,2966889,1475240,74.43,False,False,ok,True
Meghalaya,ML,State,North East,2002,Rape,Rape,38,2.58,2966889,1475240,74.43,False,False,ok,True
Meghalaya,ML,State,North East,2003,Rape,Rape,40,2.71,2966889,1475240,74.43,False,False,ok,True
Meghalaya,ML,State,North East,2004,Rape,Rape,54,3.66,2966889,1475240,74.43,False,False,ok,True
Meghalaya,ML,State,North East,2005,Rape,Rape,63,4.27,2966889,1475240,74.43,False,False,ok,True
Meghalaya,ML,State,North East,2006,Rape,Rape,74,5.02,2966889,1475240,74.43,False,False,ok,True
Meghalaya,ML,State,North East,2007,Rape,Rape,82,5.56,2966889,1475240,74.43,False,False,ok,True
Meghalaya,ML,State,North East,2008,Rape,Rape,88,5.97,2966889,1475240,74.43,False,False,ok,True
Meghalaya,ML,State,North East,2009,Rape,Rape,112,7.59,2966889,1475240,74.43,False,False,ok,True
Meghalaya,ML,State,North East,2010,Rape,Rape,149,10.1,2966889,1475240,74.43,False,False,ok,True
Meghalaya,ML,State,North East,2011,Rape,Rape,130,8.81,2966889,1475240,74.43,False,False,ok,True
Meghalaya,ML,State,North East,2012,Rape,Rape,164,11.12,2966889,1475240,74.43,False,False,ok,True
Meghalaya,ML,State,North East,2013,Rape,Rape,183,12.4,2966889,1475240,74.43,False,False,ok,True
Meghalaya,ML,State,North East,2014,Rape,Rape,118,8.0,2966889,1475240,74.43,False,False,ok,True
Meghalaya,ML,State,North East,2015,Rape,Rape,93,6.3,2966889,1475240,74.43,False,False,ok,True
Meghalaya,ML,State,North East,2016,Rape,Rape,190,12.88,2966889,1475240,74.43,False,False,ok,True
Meghalaya,ML,State,North East,2017,Rape,Rape,119,8.07,2966889,1475240,74.43,False,False,ok,True
Meghalaya,ML,State,North East,2018,Rape,Rape,87,5.9,2966889,1475240,74.43,False,False,ok,True
Meghalaya,ML,State,North East,2019,Rape,Rape,102,6.91,2966889,1475240,74.43,False,False,ok,True
Meghalaya,ML,State,North East,2020,Rape,Rape,67,4.54,2966889,1475240,74.43,False,False,ok,True
Meghalaya,ML,State,North East,2021,Rape,Rape,75,5.08,2966889,1475240,74.43,False,False,ok,True
Mizoram,MZ,State,North East,2001,Rape,Rape,52,9.6,1097206,541940,91.33,False,False,ok,True
Mizoram,MZ,State,North East,2002,Rape,Rape,76,14.02,1097206,541940,91.33,False,False,ok,True
Mizoram,MZ,State,North East,2003,Rape,Rape,54,9.96,1097206,541940,91.33,False,False,ok,True
Mizoram,MZ,State,North East,2004,Rape,Rape,20,3.69,1097206,541940,91.33,False,False,ok,True
Mizoram,MZ,State,North East,2005,Rape,Rape,37,6.83,1097206,541940,91.33,False,False,ok,True
Mizoram,MZ,State,North East,2006,Rape,Rape,72,13.29,1097206,541940,91.33,False,False,ok,True
Mizoram,MZ,State,North East,2007,Rape,Rape,83,15.32,1097206,541940,91.33,False,False,ok,True
Mizoram,MZ,State,North East,2008,Rape,Rape,77,14.21,1097206,541940,91.33,False,False,ok,True
Mizoram,MZ,State,North East,2009,Rape,Rape,83,15.32,1097206,541940,91.33,False,False,ok,True
Mizoram,MZ,State,North East,2010,Rape,Rape,92,16.98,1097206,541940,91.33,False,False,ok,True
Mizoram,MZ,State,North East,2011,Rape,Rape,77,14.21,1097206,541940,91.33,False,False,ok,True
Mizoram,MZ,State,North East,2012,Rape,Rape,103,19.01,1097206,541940,91.33,False,False,ok,True
Mizoram,MZ,State,North East,2013,Rape,Rape,89,16.42,1097206,541940,91.33,False,False,ok,True
Mizoram,MZ,State,North East,2014,Rape,Rape,120,22.14,1097206,541940,91.33,False,False,ok,True
Mizoram,MZ,State,North East,2015,Rape,Rape,58,10.7,1097206,541940,91.33,False,False,ok,True
Mizoram,MZ,State,North East,2016,Rape,Rape,23,4.24,1097206,541940,91.33,False,False,ok,True
Mizoram,MZ,State,North East,2017,Rape,Rape,25,4.61,1097206,541940,91.33,False,False,ok,True
Mizoram,MZ,State,North East,2018,Rape,Rape,50,9.23,1097206,541940,91.33,False,False,ok,True
Mizoram,MZ,State,North East,2019,Rape,Rape,42,7.75,1097206,541940,91.33,False,False,ok,True
Mizoram,MZ,State,North East,2020,Rape,Rape,33,6.09,1097206,541940,91.33,False,False,ok,True
Mizoram,MZ,State,North East,2021,Rape,Rape,26,4.8,1097206,541940,91.33,False,False,ok,True
Nagaland,NL,State,North East,2001,Rape,Rape,17,1.78,1978502,953902,79.55,False,False,ok,True
Nagaland,NL,State,North East,2002,Rape,Rape,17,1.78,1978502,953902,79.55,False,False,ok,True
Nagaland,NL,State,North East,2003,Rape,Rape,14,1.47,1978502,953902,79.55,False,False,ok,True
Nagaland,NL,State,North East,2004,Rape,Rape,18,1.89,1978502,953902,79.55,False,False,ok,True
Nagaland,NL,State,North East,2005,Rape,Rape,17,1.78,1978502,953902,79.55,False,False,ok,True
Nagaland,NL,State,North East,2006,Rape,Rape,23,2.41,1978502,953902,79.55,False,False,ok,True
Nagaland,NL,State,North East,2007,Rape,Rape,13,1.36,1978502,953902,79.55,False,False,ok,True
Nagaland,NL,State,North East,2008,Rape,Rape,19,1.99,1978502,953902,79.55,False,False,ok,True
Nagaland,NL,State,North East,2009,Rape,Rape,22,2.31,1978502,953902,79.55,False,False,ok,True
Nagaland,NL,State,North East,2010,Rape,Rape,16,1.68,1978502,953902,79.55,False,False,ok,True
Nagaland,NL,State,North East,2011,Rape,Rape,23,2.41,1978502,953902,79.55,False,False,ok,True
Nagaland,NL,State,North East,2012,Rape,Rape,21,2.2,1978502,953902,79.55,False,False,ok,True
Nagaland,NL,State,North East,2013,Rape,Rape,31,3.25,1978502,953902,79.55,False,False,ok,True
Nagaland,NL,State,North East,2014,Rape,Rape,30,3.14,1978502,953902,79.55,False,False,ok,True
Nagaland,NL,State,North East,2015,Rape,Rape,35,3.67,1978502,953902,79.55,False,False,ok,True
Nagaland,NL,State,North East,2016,Rape,Rape,26,2.73,1978502,953902,79.55,False,False,ok,True
Nagaland,NL,State,North East,2017,Rape,Rape,10,1.05,1978502,953902,79.55,False,False,ok,True
Nagaland,NL,State,North East,2018,Rape,Rape,10,1.05,1978502,953902,79.55,False,False,ok,True
Nagaland,NL,State,North East,2019,Rape,Rape,8,0.84,1978502,953902,79.55,False,False,ok,True
Nagaland,NL,State,North East,2020,Rape,Rape,4,0.42,1978502,953902,79.55,False,False,ok,True
Nagaland,NL,State,North East,2021,Rape,Rape,4,0.42,1978502,953902,79.55,False,False,ok,True
Odisha,OD,State,East,2001,Rape,Rape,790,3.8,41974218,20764406,72.87,False,False,ok,True
Odisha,OD,State,East,2002,Rape,Rape,691,3.33,41974218,20764406,72.87,False,False,ok,True
Odisha,OD,State,East,2003,Rape,Rape,725,3.49,41974218,20764406,72.87,False,False,ok,True
Odisha,OD,State,East,2004,Rape,Rape,770,3.71,41974218,20764406,72.87,False,False,ok,True
Odisha,OD,State,East,2005,Rape,Rape,799,3.85,41974218,20764406,72.87,False,False,ok,True
Odisha,OD,State,East,2006,Rape,Rape,985,4.74,41974218,20764406,72.87,False,False,ok,True
Odisha,OD,State,East,2007,Rape,Rape,939,4.52,41974218,20764406,72.87,False,False,ok,True
Odisha,OD,State,East,2008,Rape,Rape,1113,5.36,41974218,20764406,72.87,False,False,ok,True
Odisha,OD,State,East,2009,Rape,Rape,1023,4.93,41974218,20764406,72.87,False,False,ok,True
Odisha,OD,State,East,2010,Rape,Rape,1025,4.94,41974218,20764406,72.87,False,False,ok,True
Odisha,OD,State,East,2011,Rape,Rape,1112,5.36,41974218,20764406,72.87,False,False,ok,True
Odisha,OD,State,East,2012,Rape,Rape,1458,7.02,41974218,20764406,72.87,False,False,ok,True
Odisha,OD,State,East,2013,Rape,Rape,1832,8.82,41974218,20764406,72.87,False,False,ok,True
Odisha,OD,State,East,2014,Rape,Rape,1978,9.53,41974218,20764406,72.87,False,False,ok,True
Odisha,OD,State,East,2015,Rape,Rape,2251,10.84,41974218,20764406,72.87,False,False,ok,True
Odisha,OD,State,East,2016,Rape,Rape,1983,9.55,41974218,20764406,72.87,False,False,ok,True
Odisha,OD,State,East,2017,Rape,Rape,2070,9.97,41974218,20764406,72.87,False,False,ok,True
Odisha,OD,State,East,2018,Rape,Rape,918,4.42,41974218,20764406,72.87,False,False,ok,True
Odisha,OD,State,East,2019,Rape,Rape,1382,6.66,41974218,20764406,72.87,False,False,ok,True
Odisha,OD,State,East,2020,Rape,Rape,1211,5.83,41974218,20764406,72.87,False,False,ok,True
Odisha,OD,State,East,2021,Rape,Rape,1456,7.01,41974218,20764406,72.87,False,False,ok,True
Puducherry,PY,Union Territory,South,2001,Rape,Rape,9,1.42,1247953,635310,85.85,False,False,ok,True
Puducherry,PY,Union Territory,South,2002,Rape,Rape,6,0.94,1247953,635310,85.85,False,False,ok,True
Puducherry,PY,Union Territory,South,2003,Rape,Rape,2,0.31,1247953,635310,85.85,False,False,ok,True
Puducherry,PY,Union Territory,South,2004,Rape,Rape,4,0.63,1247953,635310,85.85,False,False,ok,True
Puducherry,PY,Union Territory,South,2005,Rape,Rape,6,0.94,1247953,635310,85.85,False,False,ok,True
Puducherry,PY,Union Territory,South,2006,Rape,Rape,9,1.42,1247953,635310,85.85,False,False,ok,True
Puducherry,PY,Union Territory,South,2007,Rape,Rape,9,1.42,1247953,635310,85.85,False,False,ok,True
Puducherry,PY,Union Territory,South,2008,Rape,Rape,8,1.26,1247953,635310,85.85,False,False,ok,True
Puducherry,PY,Union Territory,South,2009,Rape,Rape,1,0.16,1247953,635310,85.85,False,False,ok,True
Puducherry,PY,Union Territory,South,2010,Rape,Rape,3,0.47,1247953,635310,85.85,False,False,ok,True
Puducherry,PY,Union Territory,South,2011,Rape,Rape,7,1.1,1247953,635310,85.85,False,False,ok,True
Puducherry,PY,Union Territory,South,2012,Rape,Rape,13,2.05,1247953,635310,85.85,False,False,ok,True
Puducherry,PY,Union Territory,South,2013,Rape,Rape,17,2.68,1247953,635310,85.85,False,False,ok,True
Puducherry,PY,Union Territory,South,2014,Rape,Rape,10,1.57,1247953,635310,85.85,False,False,ok,True
Puducherry,PY,Union Territory,South,2015,Rape,Rape,3,0.47,1247953,635310,85.85,False,False,ok,True
Puducherry,PY,Union Territory,South,2016,Rape,Rape,6,0.94,1247953,635310,85.85,False,False,ok,True
Puducherry,PY,Union Territory,South,2017,Rape,Rape,7,1.1,1247953,635310,85.85,False,False,ok,True
Puducherry,PY,Union Territory,South,2018,Rape,Rape,0,0.0,1247953,635310,85.85,False,False,ok,True
Puducherry,PY,Union Territory,South,2019,Rape,Rape,10,1.57,1247953,635310,85.85,False,False,ok,True
Puducherry,PY,Union Territory,South,2020,Rape,Rape,8,1.26,1247953,635310,85.85,False,False,ok,True
Puducherry,PY,Union Territory,South,2021,Rape,Rape,2,0.31,1247953,635310,85.85,False,False,ok,True
Punjab,PB,State,North,2001,Rape,Rape,298,2.27,27743338,13103054,75.84,False,False,ok,True
Punjab,PB,State,North,2002,Rape,Rape,299,2.28,27743338,13103054,75.84,False,False,ok,True
Punjab,PB,State,North,2003,Rape,Rape,380,2.9,27743338,13103054,75.84,False,False,ok,True
Punjab,PB,State,North,2004,Rape,Rape,390,2.98,27743338,13103054,75.84,False,False,ok,True
Punjab,PB,State,North,2005,Rape,Rape,398,3.04,27743338,13103054,75.84,False,False,ok,True
Punjab,PB,State,North,2006,Rape,Rape,442,3.37,27743338,13103054,75.84,False,False,ok,True
Punjab,PB,State,North,2007,Rape,Rape,519,3.96,27743338,13103054,75.84,False,False,ok,True
Punjab,PB,State,North,2008,Rape,Rape,517,3.95,27743338,13103054,75.84,False,False,ok,True
Punjab,PB,State,North,2009,Rape,Rape,511,3.9,27743338,13103054,75.84,False,False,ok,True
Punjab,PB,State,North,2010,Rape,Rape,546,4.17,27743338,13103054,75.84,False,False,ok,True
Punjab,PB,State,North,2011,Rape,Rape,479,3.66,27743338,13103054,75.84,False,False,ok,True
Punjab,PB,State,North,2012,Rape,Rape,680,5.19,27743338,13103054,75.84,False,False,ok,True
Punjab,PB,State,North,2013,Rape,Rape,888,6.78,27743338,13103054,75.84,False,False,ok,True
Punjab,PB,State,North,2014,Rape,Rape,981,7.49,27743338,13103054,75.84,False,False,ok,True
Punjab,PB,State,North,2015,Rape,Rape,886,6.76,27743338,13103054,75.84,False,False,ok,True
Punjab,PB,State,North,2016,Rape,Rape,838,6.4,27743338,13103054,75.84,False,False,ok,True
Punjab,PB,State,North,2017,Rape,Rape,530,4.04,27743338,13103054,75.84,False,False,ok,True
Punjab,PB,State,North,2018,Rape,Rape,831,6.34,27743338,13103054,75.84,False,False,ok,True
Punjab,PB,State,North,2019,Rape,Rape,1002,7.65,27743338,13103054,75.84,False,False,ok,True
Punjab,PB,State,North,2020,Rape,Rape,502,3.83,27743338,13103054,75.84,False,False,ok,True
Punjab,PB,State,North,2021,Rape,Rape,464,3.54,27743338,13103054,75.84,False,False,ok,True
Rajasthan,RJ,State,North,2001,Rape,Rape,1049,3.18,68548437,32994268,66.11,False,False,ok,True
Rajasthan,RJ,State,North,2002,Rape,Rape,1051,3.19,68548437,32994268,66.11,False,False,ok,True
Rajasthan,RJ,State,North,2003,Rape,Rape,1050,3.18,68548437,32994268,66.11,False,False,ok,True
Rajasthan,RJ,State,North,2004,Rape,Rape,1038,3.15,68548437,32994268,66.11,False,False,ok,True
Rajasthan,RJ,State,North,2005,Rape,Rape,993,3.01,68548437,32994268,66.11,False,False,ok,True
Rajasthan,RJ,State,North,2006,Rape,Rape,1085,3.29,68548437,32994268,66.11,False,False,ok,True
Rajasthan,RJ,State,North,2007,Rape,Rape,1238,3.75,68548437,32994268,66.11,False,False,ok,True
Rajasthan,RJ,State,North,2008,Rape,Rape,1355,4.11,68548437,32994268,66.11,False,False,ok,True
Rajasthan,RJ,State,North,2009,Rape,Rape,1519,4.6,68548437,32994268,66.11,False,False,ok,True
Rajasthan,RJ,State,North,2010,Rape,Rape,1571,4.76,68548437,32994268,66.11,False,False,ok,True
Rajasthan,RJ,State,North,2011,Rape,Rape,1800,5.46,68548437,32994268,66.11,False,False,ok,True
Rajasthan,RJ,State,North,2012,Rape,Rape,2049,6.21,68548437,32994268,66.11,False,False,ok,True
Rajasthan,RJ,State,North,2013,Rape,Rape,3285,9.96,68548437,32994268,66.11,False,False,ok,True
Rajasthan,RJ,State,North,2014,Rape,Rape,3759,11.39,68548437,32994268,66.11,False,False,ok,True
Rajasthan,RJ,State,North,2015,Rape,Rape,3644,11.04,68548437,32994268,66.11,False,False,ok,True
Rajasthan,RJ,State,North,2016,Rape,Rape,3656,11.08,68548437,32994268,66.11,False,False,ok,True
Rajasthan,RJ,State,North,2017,Rape,Rape,3305,10.02,68548437,32994268,66.11,False,False,ok,True
Rajasthan,RJ,State,North,2018,Rape,Rape,4335,13.14,68548437,32994268,66.11,False,False,ok,True
Rajasthan,RJ,State,North,2019,Rape,Rape,5997,18.18,68548437,32994268,66.11,False,False,ok,True
Rajasthan,RJ,State,North,2020,Rape,Rape,5310,16.09,68548437,32994268,66.11,False,False,ok,True
Rajasthan,RJ,State,North,2021,Rape,Rape,6337,19.21,68548437,32994268,66.11,False,False,ok,True
Sikkim,SK,State,North East,2001,Rape,Rape,8,2.78,610577,287520,81.42,False,False,ok,True
Sikkim,SK,State,North East,2002,Rape,Rape,6,2.09,610577,287520,81.42,False,False,ok,True
Sikkim,SK,State,North East,2003,Rape,Rape,10,3.48,610577,287520,81.42,False,False,ok,True
Sikkim,SK,State,North East,2004,Rape,Rape,3,1.04,610577,287520,81.42,False,False,ok,True
Sikkim,SK,State,North East,2005,Rape,Rape,18,6.26,610577,287520,81.42,False,False,ok,True
Sikkim,SK,State,North East,2006,Rape,Rape,20,6.96,610577,287520,81.42,False,False,ok,True
Sikkim,SK,State,North East,2007,Rape,Rape,24,8.35,610577,287520,81.42,False,False,ok,True
Sikkim,SK,State,North East,2008,Rape,Rape,20,6.96,610577,287520,81.42,False,False,ok,True
Sikkim,SK,State,North East,2009,Rape,Rape,18,6.26,610577,287520,81.42,False,False,ok,True
Sikkim,SK,State,North East,2010,Rape,Rape,18,6.26,610577,287520,81.42,False,False,ok,True
Sikkim,SK,State,North East,2011,Rape,Rape,16,5.56,610577,287520,81.42,False,False,ok,True
Sikkim,SK,State,North East,2012,Rape,Rape,34,11.83,610577,287520,81.42,False,False,ok,True
Sikkim,SK,State,North East,2013,Rape,Rape,43,14.96,610577,287520,81.42,False,False,ok,True
Sikkim,SK,State,North East,2014,Rape,Rape,47,16.35,610577,287520,81.42,False,False,ok,True
Sikkim,SK,State,North East,2015,Rape,Rape,5,1.74,610577,287520,81.42,False,False,ok,True
Sikkim,SK,State,North East,2016,Rape,Rape,92,32.0,610577,287520,81.42,False,False,ok,True
Sikkim,SK,State,North East,2017,Rape,Rape,17,5.91,610577,287520,81.42,False,False,ok,True
Sikkim,SK,State,North East,2018,Rape,Rape,16,5.56,610577,287520,81.42,False,False,ok,True
Sikkim,SK,State,North East,2019,Rape,Rape,11,3.83,610577,287520,81.42,False,False,ok,True
Sikkim,SK,State,North East,2020,Rape,Rape,12,4.17,610577,287520,81.42,False,False,ok,True
Sikkim,SK,State,North East,2021,Rape,Rape,8,2.78,610577,287520,81.42,False,False,ok,True
Tamil Nadu,TN,State,South,2001,Rape,Rape,423,1.17,72147030,36001223,80.09,False,False,ok,True
Tamil Nadu,TN,State,South,2002,Rape,Rape,534,1.48,72147030,36001223,80.09,False,False,ok,True
Tamil Nadu,TN,State,South,2003,Rape,Rape,557,1.55,72147030,36001223,80.09,False,False,ok,True
Tamil Nadu,TN,State,South,2004,Rape,Rape,618,1.72,72147030,36001223,80.09,False,False,ok,True
Tamil Nadu,TN,State,South,2005,Rape,Rape,571,1.59,72147030,36001223,80.09,False,False,ok,True
Tamil Nadu,TN,State,South,2006,Rape,Rape,457,1.27,72147030,36001223,80.09,False,False,ok,True
Tamil Nadu,TN,State,South,2007,Rape,Rape,523,1.45,72147030,36001223,80.09,False,False,ok,True
Tamil Nadu,TN,State,South,2008,Rape,Rape,573,1.59,72147030,36001223,80.09,False,False,ok,True
Tamil Nadu,TN,State,South,2009,Rape,Rape,596,1.66,72147030,36001223,80.09,False,False,ok,True
Tamil Nadu,TN,State,South,2010,Rape,Rape,686,1.91,72147030,36001223,80.09,False,False,ok,True
Tamil Nadu,TN,State,South,2011,Rape,Rape,677,1.88,72147030,36001223,80.09,False,False,ok,True
Tamil Nadu,TN,State,South,2012,Rape,Rape,737,2.05,72147030,36001223,80.09,False,False,ok,True
Tamil Nadu,TN,State,South,2013,Rape,Rape,923,2.56,72147030,36001223,80.09,False,False,ok,True
Tamil Nadu,TN,State,South,2014,Rape,Rape,455,1.26,72147030,36001223,80.09,False,False,ok,True
Tamil Nadu,TN,State,South,2015,Rape,Rape,421,1.17,72147030,36001223,80.09,False,False,ok,True
Tamil Nadu,TN,State,South,2016,Rape,Rape,319,0.89,72147030,36001223,80.09,False,False,ok,True
Tamil Nadu,TN,State,South,2017,Rape,Rape,283,0.79,72147030,36001223,80.09,False,False,ok,True
Tamil Nadu,TN,State,South,2018,Rape,Rape,331,0.92,72147030,36001223,80.09,False,False,ok,True
Tamil Nadu,TN,State,South,2019,Rape,Rape,362,1.01,72147030,36001223,80.09,False,False,ok,True
Tamil Nadu,TN,State,South,2020,Rape,Rape,389,1.08,72147030,36001223,80.09,False,False,ok,True
Tamil Nadu,TN,State,South,2021,Rape,Rape,422,1.17,72147030,36001223,80.09,False,False,ok,True
Telangana,TG,State,South,2011,Rape,Rape,0,0.0,35193978,17490770,66.54,True,False,entity_not_formed,False
Telangana,TG,State,South,2012,Rape,Rape,0,0.0,35193978,17490770,66.54,True,False,entity_not_formed,False
Telangana,TG,State,South,2013,Rape,Rape,0,0.0,35193978,17490770,66.54,True,False,entity_not_formed,False
Telangana,TG,State,South,2014,Rape,Rape,979,5.6,35193978,17490770,66.54,False,False,ok,True
Telangana,TG,State,South,2015,Rape,Rape,1105,6.32,35193978,17490770,66.54,False,False,ok,True
Telangana,TG,State,South,2016,Rape,Rape,1278,7.31,35193978,17490770,66.54,False,False,ok,True
Telangana,TG,State,South,2017,Rape,Rape,552,3.16,35193978,17490770,66.54,False,False,ok,True
Telangana,TG,State,South,2018,Rape,Rape,606,3.46,35193978,17490770,66.54,False,False,ok,True
Telangana,TG,State,South,2019,Rape,Rape,873,4.99,35193978,17490770,66.54,False,False,ok,True
Telangana,TG,State,South,2020,Rape,Rape,764,4.37,35193978,17490770,66.54,False,False,ok,True
Telangana,TG,State,South,2021,Rape,Rape,823,4.71,35193978,17490770,66.54,False,False,ok,True
Tripura,TR,State,North East,2001,Rape,Rape,102,5.67,3673917,1799470,87.22,False,False,ok,True
Tripura,TR,State,North East,2002,Rape,Rape,108,6.0,3673917,1799470,87.22,False,False,ok,True
Tripura,TR,State,North East,2003,Rape,Rape,114,6.34,3673917,1799470,87.22,False,False,ok,True
Tripura,TR,State,North East,2004,Rape,Rape,160,8.89,3673917,1799470,87.22,False,False,ok,True
Tripura,TR,State,North East,2005,Rape,Rape,162,9.0,3673917,1799470,87.22,False,False,ok,True
Tripura,TR,State,North East,2006,Rape,Rape,189,10.5,3673917,1799470,87.22,False,False,ok,True
Tripura,TR,State,North East,2007,Rape,Rape,157,8.72,3673917,1799470,87.22,False,False,ok,True
Tripura,TR,State,North East,2008,Rape,Rape,204,11.34,3673917,1799470,87.22,False,False,ok,True
Tripura,TR,State,North East,2009,Rape,Rape,190,10.56,3673917,1799470,87.22,False,False,ok,True
Tripura,TR,State,North East,2010,Rape,Rape,238,13.23,3673917,1799470,87.22,False,False,ok,True
Tripura,TR,State,North East,2011,Rape,Rape,205,11.39,3673917,1799470,87.22,False,False,ok,True
Tripura,TR,State,North East,2012,Rape,Rape,229,12.73,3673917,1799470,87.22,False,False,ok,True
Tripura,TR,State,North East,2013,Rape,Rape,233,12.95,3673917,1799470,87.22,False,False,ok,True
Tripura,TR,State,North East,2014,Rape,Rape,239,13.28,3673917,1799470,87.22,False,False,ok,True
Tripura,TR,State,North East,2015,Rape,Rape,213,11.84,3673917,1799470,87.22,False,False,ok,True
Tripura,TR,State,North East,2016,Rape,Rape,207,11.5,3673917,1799470,87.22,False,False,ok,True
Tripura,TR,State,North East,2017,Rape,Rape,95,5.28,3673917,1799470,87.22,False,False,ok,True
Tripura,TR,State,North East,2018,Rape,Rape,97,5.39,3673917,1799470,87.22,False,False,ok,True
Tripura,TR,State,North East,2019,Rape,Rape,88,4.89,3673917,1799470,87.22,False,False,ok,True
Tripura,TR,State,North East,2020,Rape,Rape,79,4.39,3673917,1799470,87.22,False,False,ok,True
Tripura,TR,State,North East,2021,Rape,Rape,61,3.39,3673917,1799470,87.22,False,False,ok,True
Uttar Pradesh,UP,State,Central,2001,Rape,Rape,1958,2.05,199812341,95307979,67.68,False,False,ok,True
Uttar Pradesh,UP,State,Central,2002,Rape,Rape,1415,1.48,199812341,95307979,67.68,False,False,ok,True
Uttar Pradesh,UP,State,Central,2003,Rape,Rape,911,0.96,199812341,95307979,67.68,False,False,ok,True
Uttar Pradesh,UP,State,Central,2004,Rape,Rape,1397,1.47,199812341,95307979,67.68,False,False,ok,True
Uttar Pradesh,UP,State,Central,2005,Rape,Rape,1217,1.28,199812341,95307979,67.68,False,False,ok,True
Uttar Pradesh,UP,State,Central,2006,Rape,Rape,1314,1.38,199812341,95307979,67.68,False,False,ok,True
Uttar Pradesh,UP,State,Central,2007,Rape,Rape,1648,1.73,199812341,95307979,67.68,False,False,ok,True
Uttar Pradesh,UP,State,Central,2008,Rape,Rape,1871,1.96,199812341,95307979,67.68,False,False,ok,True
Uttar Pradesh,UP,State,Central,2009,Rape,Rape,1759,1.85,199812341,95307979,67.68,False,False,ok,True
Uttar Pradesh,UP,State,Central,2010,Rape,Rape,1563,1.64,199812341,95307979,67.68,False,False,ok,True
Uttar Pradesh,UP,State,Central,2011,Rape,Rape,2042,2.14,199812341,95307979,67.68,False,False,ok,True
Uttar Pradesh,UP,State,Central,2012,Rape,Rape,1963,2.06,199812341,95307979,67.68,False,False,ok,True
Uttar Pradesh,UP,State,Central,2013,Rape,Rape,3050,3.2,199812341,95307979,67.68,False,False,ok,True
Uttar Pradesh,UP,State,Central,2014,Rape,Rape,3467,3.64,199812341,95307979,67.68,False,False,ok,True
Uttar Pradesh,UP,State,Central,2015,Rape,Rape,3025,3.17,199812341,95307979,67.68,False,False,ok,True
Uttar Pradesh,UP,State,Central,2016,Rape,Rape,4816,5.05,199812341,95307979,67.68,False,False,ok,True
Uttar Pradesh,UP,State,Central,2017,Rape,Rape,4246,4.46,199812341,95307979,67.68,False,False,ok,True
Uttar Pradesh,UP,State,Central,2018,Rape,Rape,3946,4.14,199812341,95307979,67.68,False,False,ok,True
Uttar Pradesh,UP,State,Central,2019,Rape,Rape,3065,3.22,199812341,95307979,67.68,False,False,ok,True
Uttar Pradesh,UP,State,Central,2020,Rape,Rape,2769,2.91,199812341,95307979,67.68,False,False,ok,True
Uttar Pradesh,UP,State,Central,2021,Rape,Rape,2845,2.99,199812341,95307979,67.68,False,False,ok,True
Uttarakhand,UK,State,North,2001,Rape,Rape,74,1.5,10086292,4948089,78.82,False,False,ok,True
Uttarakhand,UK,State,North,2002,Rape,Rape,89,1.8,10086292,4948089,78.82,False,False,ok,True
Uttarakhand,UK,State,North,2003,Rape,Rape,107,2.16,10086292,4948089,78.82,False,False,ok,True
Uttarakhand,UK,State,North,2004,Rape,Rape,115,2.32,10086292,4948089,78.82,False,False,ok,True
Uttarakhand,UK,State,North,2005,Rape,Rape,133,2.69,10086292,4948089,78.82,False,False,ok,True
Uttarakhand,UK,State,North,2006,Rape,Rape,147,2.97,10086292,4948089,78.82,False,False,ok,True
Uttarakhand,UK,State,North,2007,Rape,Rape,117,2.36,10086292,4948089,78.82,False,False,ok,True
Uttarakhand,UK,State,North,2008,Rape,Rape,87,1.76,10086292,4948089,78.82,False,False,ok,True
Uttarakhand,UK,State,North,2009,Rape,Rape,111,2.24,10086292,4948089,78.82,False,False,ok,True
Uttarakhand,UK,State,North,2010,Rape,Rape,121,2.45,10086292,4948089,78.82,False,False,ok,True
Uttarakhand,UK,State,North,2011,Rape,Rape,129,2.61,10086292,4948089,78.82,False,False,ok,True
Uttarakhand,UK,State,North,2012,Rape,Rape,148,2.99,10086292,4948089,78.82,False,False,ok,True
Uttarakhand,UK,State,North,2013,Rape,Rape,228,4.61,10086292,4948089,78.82,False,False,ok,True
Uttarakhand,UK,State,North,2014,Rape,Rape,270,5.46,10086292,4948089,78.82,False,False,ok,True
Uttarakhand,UK,State,North,2015,Rape,Rape,283,5.72,10086292,4948089,78.82,False,False,ok,True
Uttarakhand,UK,State,North,2016,Rape,Rape,336,6.79,10086292,4948089,78.82,False,False,ok,True
Uttarakhand,UK,State,North,2017,Rape,Rape,374,7.56,10086292,4948089,78.82,False,False,ok,True
Uttarakhand,UK,State,North,2018,Rape,Rape,561,11.34,10086292,4948089,78.82,False,False,ok,True
Uttarakhand,UK,State,North,2019,Rape,Rape,526,10.63,10086292,4948089,78.82,False,False,ok,True
Uttarakhand,UK,State,North,2020,Rape,Rape,487,9.84,10086292,4948089,78.82,False,False,ok,True
Uttarakhand,UK,State,North,2021,Rape,Rape,534,10.79,10086292,4948089,78.82,False,False,ok,True
West Bengal,WB,State,East,2001,Rape,Rape,709,1.59,91276115,44467851,76.26,False,False,ok,True
West Bengal,WB,State,East,2002,Rape,Rape,759,1.71,91276115,44467851,76.26,False,False,ok,True
West Bengal,WB,State,East,2003,Rape,Rape,1002,2.25,91276115,44467851,76.26,False,False,ok,True
West Bengal,WB,State,East,2004,Rape,Rape,1475,3.32,91276115,44467851,76.26,False,False,ok,True
West Bengal,WB,State,East,2005,Rape,Rape,1686,3.79,91276115,44467851,76.26,False,False,ok,True
West Bengal,WB,State,East,2006,Rape,Rape,1731,3.89,91276115,44467851,76.26,False,False,ok,True
West Bengal,WB,State,East,2007,Rape,Rape,2106,4.74,91276115,44467851,76.26,False,False,ok,True
West Bengal,WB,State,East,2008,Rape,Rape,2263,5.09,91276115,44467851,76.26,False,False,ok,True
West Bengal,WB,State,East,2009,Rape,Rape,2336,5.25,91276115,44467851,76.26,False,False,ok,True
West Bengal,WB,State,East,2010,Rape,Rape,2311,5.2,91276115,44467851,76.26,False,False,ok,True
West Bengal,WB,State,East,2011,Rape,Rape,2363,5.31,91276115,44467851,76.26,False,False,ok,True
West Bengal,WB,State,East,2012,Rape,Rape,2046,4.6,91276115,44467851,76.26,False,False,ok,True
West Bengal,WB,State,East,2013,Rape,Rape,1685,3.79,91276115,44467851,76.26,False,False,ok,True
West Bengal,WB,State,East,2014,Rape,Rape,1466,3.3,91276115,44467851,76.26,False,False,ok,True
West Bengal,WB,State,East,2015,Rape,Rape,1199,2.7,91276115,44467851,76.26,False,False,ok,True
West Bengal,WB,State,East,2016,Rape,Rape,1110,2.5,91276115,44467851,76.26,False,False,ok,True
West Bengal,WB,State,East,2017,Rape,Rape,1084,2.44,91276115,44467851,76.26,False,False,ok,True
West Bengal,WB,State,East,2018,Rape,Rape,1069,2.4,91276115,44467851,76.26,False,False,ok,True
West Bengal,WB,State,East,2019,Rape,Rape,1069,2.4,91276115,44467851,76.26,False,False,ok,True
West Bengal,WB,State,East,2020,Rape,Rape,1128,2.54,91276115,44467851,76.26,False,False,ok,True
West Bengal,WB,State,East,2021,Rape,Rape,1123,2.53,91276115,44467851,76.26,False,False,ok,True
A & N Islands,AN,Union Territory,Islands,2001,AoM,Insult to Modesty,1,0.56,380581,177713,86.63,False,False,ok,True
A & N Islands,AN,Union Territory,Islands,2002,AoM,Insult to Modesty,3,1.69,380581,177713,86.63,False,False,ok,True
A & N Islands,AN,Union Territory,Islands,2003,AoM,Insult to Modesty,2,1.13,380581,177713,86.63,False,False,ok,True
A & N Islands,AN,Union Territory,Islands,2004,AoM,Insult to Modesty,3,1.69,380581,177713,86.63,False,False,ok,True
A & N Islands,AN,Union Territory,Islands,2005,AoM,Insult to Modesty,1,0.56,380581,177713,86.63,False,False,ok,True
A & N Islands,AN,Union Territory,Islands,2006,AoM,Insult to Modesty,4,2.25,380581,177713,86.63,False,False,ok,True
A & N Islands,AN,Union Territory,Islands,2007,AoM,Insult to Modesty,2,1.13,380581,177713,86.63,False,False,ok,True
A & N Islands,AN,Union Territory,Islands,2008,AoM,Insult to Modesty,3,1.69,380581,177713,86.63,False,False,ok,True
A & N Islands,AN,Union Territory,Islands,2009,AoM,Insult to Modesty,7,3.94,380581,177713,86.63,False,False,ok,True
A & N Islands,AN,Union Territory,Islands,2010,AoM,Insult to Modesty,10,5.63,380581,177713,86.63,False,False,ok,True
A & N Islands,AN,Union Territory,Islands,2011,AoM,Insult to Modesty,3,1.69,380581,177713,86.63,False,False,ok,True
A & N Islands,AN,Union Territory,Islands,2012,AoM,Insult to Modesty,4,2.25,380581,177713,86.63,False,False,ok,True
A & N Islands,AN,Union Territory,Islands,2013,AoM,Insult to Modesty,8,4.5,380581,177713,86.63,False,False,ok,True
A & N Islands,AN,Union Territory,Islands,2014,AoM,Insult to Modesty,18,10.13,380581,177713,86.63,False,False,ok,True
A & N Islands,AN,Union Territory,Islands,2015,AoM,Insult to Modesty,23,12.94,380581,177713,86.63,False,False,ok,True
A & N Islands,AN,Union Territory,Islands,2016,AoM,Insult to Modesty,15,8.44,380581,177713,86.63,False,False,ok,True
A & N Islands,AN,Union Territory,Islands,2017,AoM,Insult to Modesty,11,6.19,380581,177713,86.63,False,False,ok,True
A & N Islands,AN,Union Territory,Islands,2018,AoM,Insult to Modesty,4,2.25,380581,177713,86.63,False,False,ok,True
A & N Islands,AN,Union Territory,Islands,2019,AoM,Insult to Modesty,3,1.69,380581,177713,86.63,False,False,ok,True
A & N Islands,AN,Union Territory,Islands,2020,AoM,Insult to Modesty,3,1.69,380581,177713,86.63,False,False,ok,True
A & N Islands,AN,Union Territory,Islands,2021,AoM,Insult to Modesty,4,2.25,380581,177713,86.63,False,False,ok,True
Andhra Pradesh,AP,State,South,2001,AoM,Insult to Modesty,2271,9.23,49386799,24606669,67.02,False,False,ok,True
Andhra Pradesh,AP,State,South,2002,AoM,Insult to Modesty,2024,8.23,49386799,24606669,67.02,False,False,ok,True
Andhra Pradesh,AP,State,South,2003,AoM,Insult to Modesty,2286,9.29,49386799,24606669,67.02,False,False,ok,True
Andhra Pradesh,AP,State,South,2004,AoM,Insult to Modesty,2310,9.39,49386799,24606669,67.02,False,False,ok,True
Andhra Pradesh,AP,State,South,2005,AoM,Insult to Modesty,2508,10.19,49386799,24606669,67.02,False,False,ok,True
Andhra Pradesh,AP,State,South,2006,AoM,Insult to Modesty,2411,9.8,49386799,24606669,67.02,False,False,ok,True
Andhra Pradesh,AP,State,South,2007,AoM,Insult to Modesty,3316,13.48,49386799,24606669,67.02,False,False,ok,True
Andhra Pradesh,AP,State,South,2008,AoM,Insult to Modesty,3551,14.43,49386799,24606669,67.02,False,False,ok,True
Andhra Pradesh,AP,State,South,2009,AoM,Insult to Modesty,3520,14.31,49386799,24606669,67.02,False,False,ok,True
Andhra Pradesh,AP,State,South,2010,AoM,Insult to Modesty,4562,18.54,49386799,24606669,67.02,False,False,ok,True
Andhra Pradesh,AP,State,South,2011,AoM,Insult to Modesty,3658,14.87,49386799,24606669,67.02,False,False,ok,True
Andhra Pradesh,AP,State,South,2012,AoM,Insult to Modesty,3714,15.09,49386799,24606669,67.02,False,False,ok,True
Andhra Pradesh,AP,State,South,2013,AoM,Insult to Modesty,4702,19.11,49386799,24606669,67.02,False,False,ok,True
Andhra Pradesh,AP,State,South,2014,AoM,Insult to Modesty,1072,4.36,49386799,24606669,67.02,False,False,ok,True
Andhra Pradesh,AP,State,South,2015,AoM,Insult to Modesty,1070,4.35,49386799,24606669,67.02,False,False,ok,True
Andhra Pradesh,AP,State,South,2016,AoM,Insult to Modesty,1305,5.3,49386799,24606669,67.02,False,False,ok,True
Andhra Pradesh,AP,State,South,2017,AoM,Insult to Modesty,1998,8.12,49386799,24606669,67.02,False,False,ok,True
Andhra Pradesh,AP,State,South,2018,AoM,Insult to Modesty,1802,7.32,49386799,24606669,67.02,False,False,ok,True
Andhra Pradesh,AP,State,South,2019,AoM,Insult to Modesty,1892,7.69,49386799,24606669,67.02,False,False,ok,True
Andhra Pradesh,AP,State,South,2020,AoM,Insult to Modesty,2342,9.52,49386799,24606669,67.02,False,False,ok,True
Andhra Pradesh,AP,State,South,2021,AoM,Insult to Modesty,2370,9.63,49386799,24606669,67.02,False,False,ok,True
Arunachal Pradesh,AR,State,North East,2001,AoM,Insult to Modesty,3,0.45,1383727,669730,65.38,False,False,ok,True
Arunachal Pradesh,AR,State,North East,2002,AoM,Insult to Modesty,2,0.3,1383727,669730,65.38,False,False,ok,True
Arunachal Pradesh,AR,State,North East,2003,AoM,Insult to Modesty,0,0.0,1383727,669730,65.38,False,False,ok,True
Arunachal Pradesh,AR,State,North East,2004,AoM,Insult to Modesty,0,0.0,1383727,669730,65.38,False,False,ok,True
Arunachal Pradesh,AR,State,North East,2005,AoM,Insult to Modesty,0,0.0,1383727,669730,65.38,False,False,ok,True
Arunachal Pradesh,AR,State,North East,2006,AoM,Insult to Modesty,2,0.3,1383727,669730,65.38,False,False,ok,True
Arunachal Pradesh,AR,State,North East,2007,AoM,Insult to Modesty,1,0.15,1383727,669730,65.38,False,False,ok,True
Arunachal Pradesh,AR,State,North East,2008,AoM,Insult to Modesty,1,0.15,1383727,669730,65.38,False,False,ok,True
Arunachal Pradesh,AR,State,North East,2009,AoM,Insult to Modesty,6,0.9,1383727,669730,65.38,False,False,ok,True
Arunachal Pradesh,AR,State,North East,2010,AoM,Insult to Modesty,1,0.15,1383727,669730,65.38,False,False,ok,True
Arunachal Pradesh,AR,State,North East,2011,AoM,Insult to Modesty,0,0.0,1383727,669730,65.38,False,False,ok,True
Arunachal Pradesh,AR,State,North East,2012,AoM,Insult to Modesty,2,0.3,1383727,669730,65.38,False,False,ok,True
Arunachal Pradesh,AR,State,North East,2013,AoM,Insult to Modesty,3,0.45,1383727,669730,65.38,False,False,ok,True
Arunachal Pradesh,AR,State,North East,2014,AoM,Insult to Modesty,21,3.14,1383727,669730,65.38,False,False,ok,True
Arunachal Pradesh,AR,State,North East,2015,AoM,Insult to Modesty,15,2.24,1383727,669730,65.38,False,False,ok,True
Arunachal Pradesh,AR,State,North East,2016,AoM,Insult to Modesty,4,0.6,1383727,669730,65.38,False,False,ok,True
Arunachal Pradesh,AR,State,North East,2017,AoM,Insult to Modesty,5,0.75,1383727,669730,65.38,False,False,ok,True
Arunachal Pradesh,AR,State,North East,2018,AoM,Insult to Modesty,12,1.79,1383727,669730,65.38,False,False,ok,True
Arunachal Pradesh,AR,State,North East,2019,AoM,Insult to Modesty,6,0.9,1383727,669730,65.38,False,False,ok,True
Arunachal Pradesh,AR,State,North East,2020,AoM,Insult to Modesty,3,0.45,1383727,669730,65.38,False,False,ok,True
Arunachal Pradesh,AR,State,North East,2021,AoM,Insult to Modesty,10,1.49,1383727,669730,65.38,False,False,ok,True
Assam,AS,State,North East,2001,AoM,Insult to Modesty,4,0.03,31205576,15268101,72.19,False,False,ok,True
Assam,AS,State,North East,2002,AoM,Insult to Modesty,7,0.05,31205576,15268101,72.19,False,False,ok,True
Assam,AS,State,North East,2003,AoM,Insult to Modesty,6,0.04,31205576,15268101,72.19,False,False,ok,True
Assam,AS,State,North East,2004,AoM,Insult to Modesty,11,0.07,31205576,15268101,72.19,False,False,ok,True
Assam,AS,State,North East,2005,AoM,Insult to Modesty,19,0.12,31205576,15268101,72.19,False,False,ok,True
Assam,AS,State,North East,2006,AoM,Insult to Modesty,10,0.07,31205576,15268101,72.19,False,False,ok,True
Assam,AS,State,North East,2007,AoM,Insult to Modesty,10,0.07,31205576,15268101,72.19,False,False,ok,True
Assam,AS,State,North East,2008,AoM,Insult to Modesty,2,0.01,31205576,15268101,72.19,False,False,ok,True
Assam,AS,State,North East,2009,AoM,Insult to Modesty,10,0.07,31205576,15268101,72.19,False,False,ok,True
Assam,AS,State,North East,2010,AoM,Insult to Modesty,20,0.13,31205576,15268101,72.19,False,False,ok,True
Assam,AS,State,North East,2011,AoM,Insult to Modesty,8,0.05,31205576,15268101,72.19,False,False,ok,True
Assam,AS,State,North East,2012,AoM,Insult to Modesty,5,0.03,31205576,15268101,72.19,False,False,ok,True
Assam,AS,State,North East,2013,AoM,Insult to Modesty,14,0.09,31205576,15268101,72.19,False,False,ok,True
Assam,AS,State,North East,2014,AoM,Insult to Modesty,458,3.0,31205576,15268101,72.19,False,False,ok,True
Assam,AS,State,North East,2015,AoM,Insult to Modesty,499,3.27,31205576,15268101,72.19,False,False,ok,True
Assam,AS,State,North East,2016,AoM,Insult to Modesty,677,4.43,31205576,15268101,72.19,False,False,ok,True
Assam,AS,State,North East,2017,AoM,Insult to Modesty,108,0.71,31205576,15268101,72.19,False,False,ok,True
Assam,AS,State,North East,2018,AoM,Insult to Modesty,171,1.12,31205576,15268101,72.19,False,False,ok,True
Assam,AS,State,North East,2019,AoM,Insult to Modesty,385,2.52,31205576,15268101,72.19,False,False,ok,True
Assam,AS,State,North East,2020,AoM,Insult to Modesty,90,0.59,31205576,15268101,72.19,False,False,ok,True
Assam,AS,State,North East,2021,AoM,Insult to Modesty,184,1.21,31205576,15268101,72.19,False,False,ok,True
Bihar,BR,State,East,2001,AoM,Insult to Modesty,21,0.04,104099452,49824451,61.8,False,False,ok,True
Bihar,BR,State,East,2002,AoM,Insult to Modesty,6,0.01,104099452,49824451,61.8,False,False,ok,True
Bihar,BR,State,East,2003,AoM,Insult to Modesty,11,0.02,104099452,49824451,61.8,False,False,ok,True
Bihar,BR,State,East,2004,AoM,Insult to Modesty,13,0.03,104099452,49824451,61.8,False,False,ok,True
Bihar,BR,State,East,2005,AoM,Insult to Modesty,13,0.03,104099452,49824451,61.8,False,False,ok,True
Bihar,BR,State,East,2006,AoM,Insult to Modesty,53,0.11,104099452,49824451,61.8,False,False,ok,True
Bihar,BR,State,East,2007,AoM,Insult to Modesty,12,0.02,104099452,49824451,61.8,False,False,ok,True
Bihar,BR,State,East,2008,AoM,Insult to Modesty,21,0.04,104099452,49824451,61.8,False,False,ok,True
Bihar,BR,State,East,2009,AoM,Insult to Modesty,12,0.02,104099452,49824451,61.8,False,False,ok,True
Bihar,BR,State,East,2010,AoM,Insult to Modesty,16,0.03,104099452,49824451,61.8,False,False,ok,True
Bihar,BR,State,East,2011,AoM,Insult to Modesty,11,0.02,104099452,49824451,61.8,False,False,ok,True
Bihar,BR,State,East,2012,AoM,Insult to Modesty,37,0.07,104099452,49824451,61.8,False,False,ok,True
Bihar,BR,State,East,2013,AoM,Insult to Modesty,52,0.1,104099452,49824451,61.8,False,False,ok,True
Bihar,BR,State,East,2014,AoM,Insult to Modesty,271,0.54,104099452,49824451,61.8,False,False,ok,True
Bihar,BR,State,East,2015,AoM,Insult to Modesty,78,0.16,104099452,49824451,61.8,False,False,ok,True
Bihar,BR,State,East,2016,AoM,Insult to Modesty,124,0.25,104099452,49824451,61.8,False,False,ok,True
Bihar,BR,State,East,2017,AoM,Insult to Modesty,1,0.0,104099452,49824451,61.8,False,False,ok,True
Bihar,BR,State,East,2018,AoM,Insult to Modesty,30,0.06,104099452,49824451,61.8,False,False,ok,True
Bihar,BR,State,East,2019,AoM,Insult to Modesty,11,0.02,104099452,49824451,61.8,False,False,ok,True
Bihar,BR,State,East,2020,AoM,Insult to Modesty,6,0.01,104099452,49824451,61.8,False,False,ok,True
Bihar,BR,State,East,2021,AoM,Insult to Modesty,1,0.0,104099452,49824451,61.8,False,False,ok,True
Chandigarh,CH,Union Territory,North,2001,AoM,Insult to Modesty,15,3.16,1055450,474894,86.05,False,False,ok,True
Chandigarh,CH,Union Territory,North,2002,AoM,Insult to Modesty,28,5.9,1055450,474894,86.05,False,False,ok,True
Chandigarh,CH,Union Territory,North,2003,AoM,Insult to Modesty,4,0.84,1055450,474894,86.05,False,False,ok,True
Chandigarh,CH,Union Territory,North,2004,AoM,Insult to Modesty,18,3.79,1055450,474894,86.05,False,False,ok,True
Chandigarh,CH,Union Territory,North,2005,AoM,Insult to Modesty,9,1.9,1055450,474894,86.05,False,False,ok,True
Chandigarh,CH,Union Territory,North,2006,AoM,Insult to Modesty,13,2.74,1055450,474894,86.05,False,False,ok,True
Chandigarh,CH,Union Territory,North,2007,AoM,Insult to Modesty,11,2.32,1055450,474894,86.05,False,False,ok,True
Chandigarh,CH,Union Territory,North,2008,AoM,Insult to Modesty,2,0.42,1055450,474894,86.05,False,False,ok,True
Chandigarh,CH,Union Territory,North,2009,AoM,Insult to Modesty,2,0.42,1055450,474894,86.05,False,False,ok,True
Chandigarh,CH,Union Territory,North,2010,AoM,Insult to Modesty,4,0.84,1055450,474894,86.05,False,False,ok,True
Chandigarh,CH,Union Territory,North,2011,AoM,Insult to Modesty,12,2.53,1055450,474894,86.05,False,False,ok,True
Chandigarh,CH,Union Territory,North,2012,AoM,Insult to Modesty,25,5.26,1055450,474894,86.05,False,False,ok,True
Chandigarh,CH,Union Territory,North,2013,AoM,Insult to Modesty,26,5.47,1055450,474894,86.05,False,False,ok,True
Chandigarh,CH,Union Territory,North,2014,AoM,Insult to Modesty,31,6.53,1055450,474894,86.05,False,False,ok,True
Chandigarh,CH,Union Territory,North,2015,AoM,Insult to Modesty,22,4.63,1055450,474894,86.05,False,False,ok,True
Chandigarh,CH,Union Territory,North,2016,AoM,Insult to Modesty,26,5.47,1055450,474894,86.05,False,False,ok,True
Chandigarh,CH,Union Territory,North,2017,AoM,Insult to Modesty,12,2.53,1055450,474894,86.05,False,False,ok,True
Chandigarh,CH,Union Territory,North,2018,AoM,Insult to Modesty,3,0.63,1055450,474894,86.05,False,False,ok,True
Chandigarh,CH,Union Territory,North,2019,AoM,Insult to Modesty,15,3.16,1055450,474894,86.05,False,False,ok,True
Chandigarh,CH,Union Territory,North,2020,AoM,Insult to Modesty,4,0.84,1055450,474894,86.05,False,False,ok,True
Chandigarh,CH,Union Territory,North,2021,AoM,Insult to Modesty,6,1.26,1055450,474894,86.05,False,False,ok,True
Chhattisgarh,CG,State,Central,2001,AoM,Insult to Modesty,161,1.27,25545198,12714862,70.28,False,False,ok,True
Chhattisgarh,CG,State,Central,2002,AoM,Insult to Modesty,147,1.16,25545198,12714862,70.28,False,False,ok,True
Chhattisgarh,CG,State,Central,2003,AoM,Insult to Modesty,105,0.83,25545198,12714862,70.28,False,False,ok,True
Chhattisgarh,CG,State,Central,2004,AoM,Insult to Modesty,131,1.03,25545198,12714862,70.28,False,False,ok,True
Chhattisgarh,CG,State,Central,2005,AoM,Insult to Modesty,132,1.04,25545198,12714862,70.28,False,False,ok,True
Chhattisgarh,CG,State,Central,2006,AoM,Insult to Modesty,143,1.12,25545198,12714862,70.28,False,False,ok,True
Chhattisgarh,CG,State,Central,2007,AoM,Insult to Modesty,111,0.87,25545198,12714862,70.28,False,False,ok,True
Chhattisgarh,CG,State,Central,2008,AoM,Insult to Modesty,125,0.98,25545198,12714862,70.28,False,False,ok,True
Chhattisgarh,CG,State,Central,2009,AoM,Insult to Modesty,152,1.2,25545198,12714862,70.28,False,False,ok,True
Chhattisgarh,CG,State,Central,2010,AoM,Insult to Modesty,182,1.43,25545198,12714862,70.28,False,False,ok,True
Chhattisgarh,CG,State,Central,2011,AoM,Insult to Modesty,174,1.37,25545198,12714862,70.28,False,False,ok,True
Chhattisgarh,CG,State,Central,2012,AoM,Insult to Modesty,162,1.27,25545198,12714862,70.28,False,False,ok,True
Chhattisgarh,CG,State,Central,2013,AoM,Insult to Modesty,180,1.42,25545198,12714862,70.28,False,False,ok,True
Chhattisgarh,CG,State,Central,2014,AoM,Insult to Modesty,649,5.1,25545198,12714862,70.28,False,False,ok,True
Chhattisgarh,CG,State,Central,2015,AoM,Insult to Modesty,507,3.99,25545198,12714862,70.28,False,False,ok,True
Chhattisgarh,CG,State,Central,2016,AoM,Insult to Modesty,244,1.92,25545198,12714862,70.28,False,False,ok,True
Chhattisgarh,CG,State,Central,2017,AoM,Insult to Modesty,144,1.13,25545198,12714862,70.28,False,False,ok,True
Chhattisgarh,CG,State,Central,2018,AoM,Insult to Modesty,184,1.45,25545198,12714862,70.28,False,False,ok,True
Chhattisgarh,CG,State,Central,2019,AoM,Insult to Modesty,232,1.82,25545198,12714862,70.28,False,False,ok,True
Chhattisgarh,CG,State,Central,2020,AoM,Insult to Modesty,279,2.19,25545198,12714862,70.28,False,False,ok,True
Chhattisgarh,CG,State,Central,2021,AoM,Insult to Modesty,238,1.87,25545198,12714862,70.28,False,False,ok,True
D & N Haveli and Daman & Diu,DN,Union Territory,West,2001,AoM,Insult to Modesty,0,0.0,586956,242902,79.55,False,False,ok,True
D & N Haveli and Daman & Diu,DN,Union Territory,West,2002,AoM,Insult to Modesty,0,0.0,586956,242902,79.55,False,False,ok,True
D & N Haveli and Daman & Diu,DN,Union Territory,West,2003,AoM,Insult to Modesty,0,0.0,586956,242902,79.55,False,False,ok,True
D & N Haveli and Daman & Diu,DN,Union Territory,West,2004,AoM,Insult to Modesty,0,0.0,586956,242902,79.55,False,False,ok,True
D & N Haveli and Daman & Diu,DN,Union Territory,West,2005,AoM,Insult to Modesty,0,0.0,586956,242902,79.55,False,False,ok,True
D & N Haveli and Daman & Diu,DN,Union Territory,West,2006,AoM,Insult to Modesty,1,0.41,586956,242902,79.55,False,False,ok,True
D & N Haveli and Daman & Diu,DN,Union Territory,West,2007,AoM,Insult to Modesty,0,0.0,586956,242902,79.55,False,False,ok,True
D & N Haveli and Daman & Diu,DN,Union Territory,West,2008,AoM,Insult to Modesty,1,0.41,586956,242902,79.55,False,False,ok,True
D & N Haveli and Daman & Diu,DN,Union Territory,West,2009,AoM,Insult to Modesty,2,0.82,586956,242902,79.55,False,False,ok,True
D & N Haveli and Daman & Diu,DN,Union Territory,West,2010,AoM,Insult to Modesty,2,0.82,586956,242902,79.55,False,False,ok,True
D & N Haveli and Daman & Diu,DN,Union Territory,West,2011,AoM,Insult to Modesty,0,0.0,586956,242902,79.55,False,False,ok,True
D & N Haveli and Daman & Diu,DN,Union Territory,West,2012,AoM,Insult to Modesty,0,0.0,586956,242902,79.55,False,False,ok,True
D & N Haveli and Daman & Diu,DN,Union Territory,West,2013,AoM,Insult to Modesty,1,0.41,586956,242902,79.55,False,False,ok,True
D & N Haveli and Daman & Diu,DN,Union Territory,West,2014,AoM,Insult to Modesty,3,1.24,586956,242902,79.55,False,False,ok,True
D & N Haveli and Daman & Diu,DN,Union Territory,West,2015,AoM,Insult to Modesty,3,1.24,586956,242902,79.55,False,False,ok,True
D & N Haveli and Daman & Diu,DN,Union Territory,West,2016,AoM,Insult to Modesty,0,0.0,586956,242902,79.55,False,False,ok,True
D & N Haveli and Daman & Diu,DN,Union Territory,West,2017,AoM,Insult to Modesty,1,0.41,586956,242902,79.55,False,False,ok,True
D & N Haveli and Daman & Diu,DN,Union Territory,West,2018,AoM,Insult to Modesty,3,1.24,586956,242902,79.55,False,False,ok,True
D & N Haveli and Daman & Diu,DN,Union Territory,West,2019,AoM,Insult to Modesty,3,1.24,586956,242902,79.55,False,False,ok,True
D & N Haveli and Daman & Diu,DN,Union Territory,West,2020,AoM,Insult to Modesty,3,1.24,586956,242902,79.55,False,False,ok,True
D & N Haveli and Daman & Diu,DN,Union Territory,West,2021,AoM,Insult to Modesty,0,0.0,586956,242902,79.55,False,False,ok,True
Delhi UT,DL,Union Territory,North,2011,AoM,Insult to Modesty,162,2.08,16787941,7800821,86.21,False,False,ok,True
Delhi UT,DL,Union Territory,North,2012,AoM,Insult to Modesty,208,2.67,16787941,7800821,86.21,False,False,ok,True
Delhi UT,DL,Union Territory,North,2013,AoM,Insult to Modesty,916,11.74,16787941,7800821,86.21,False,False,ok,True
Delhi UT,DL,Union Territory,North,2014,AoM,Insult to Modesty,1186,15.2,16787941,7800821,86.21,False,False,ok,True
Delhi UT,DL,Union Territory,North,2015,AoM,Insult to Modesty,1150,14.74,16787941,7800821,86.21,False,False,ok,True
Delhi UT,DL,Union Territory,North,2016,AoM,Insult to Modesty,796,10.2,16787941,7800821,86.21,False,False,ok,True
Delhi UT,DL,Union Territory,North,2017,AoM,Insult to Modesty,619,7.94,16787941,7800821,86.21,False,False,ok,True
Delhi UT,DL,Union Territory,North,2018,AoM,Insult to Modesty,552,7.08,16787941,7800821,86.21,False,False,ok,True
Delhi UT,DL,Union Territory,North,2019,AoM,Insult to Modesty,456,5.85,16787941,7800821,86.21,False,False,ok,True
Delhi UT,DL,Union Territory,North,2020,AoM,Insult to Modesty,416,5.33,16787941,7800821,86.21,False,False,ok,True
Delhi UT,DL,Union Territory,North,2021,AoM,Insult to Modesty,417,5.35,16787941,7800821,86.21,False,False,ok,True
Goa,GA,State,West,2001,AoM,Insult to Modesty,7,0.97,1458545,719293,88.7,False,False,ok,True
Goa,GA,State,West,2002,AoM,Insult to Modesty,6,0.83,1458545,719293,88.7,False,False,ok,True
Goa,GA,State,West,2003,AoM,Insult to Modesty,7,0.97,1458545,719293,88.7,False,False,ok,True
Goa,GA,State,West,2004,AoM,Insult to Modesty,15,2.09,1458545,719293,88.7,False,False,ok,True
Goa,GA,State,West,2005,AoM,Insult to Modesty,8,1.11,1458545,719293,88.7,False,False,ok,True
Goa,GA,State,West,2006,AoM,Insult to Modesty,7,0.97,1458545,719293,88.7,False,False,ok,True
Goa,GA,State,West,2007,AoM,Insult to Modesty,7,0.97,1458545,719293,88.7,False,False,ok,True
Goa,GA,State,West,2008,AoM,Insult to Modesty,12,1.67,1458545,719293,88.7,False,False,ok,True
Goa,GA,State,West,2009,AoM,Insult to Modesty,10,1.39,1458545,719293,88.7,False,False,ok,True
Goa,GA,State,West,2010,AoM,Insult to Modesty,16,2.22,1458545,719293,88.7,False,False,ok,True
Goa,GA,State,West,2011,AoM,Insult to Modesty,12,1.67,1458545,719293,88.7,False,False,ok,True
Goa,GA,State,West,2012,AoM,Insult to Modesty,16,2.22,1458545,719293,88.7,False,False,ok,True
Goa,GA,State,West,2013,AoM,Insult to Modesty,54,7.51,1458545,719293,88.7,False,False,ok,True
Goa,GA,State,West,2014,AoM,Insult to Modesty,50,6.95,1458545,719293,88.7,False,False,ok,True
Goa,GA,State,West,2015,AoM,Insult to Modesty,58,8.06,1458545,719293,88.7,False,False,ok,True
Goa,GA,State,West,2016,AoM,Insult to Modesty,41,5.7,1458545,719293,88.7,False,False,ok,True
Goa,GA,State,West,2017,AoM,Insult to Modesty,31,4.31,1458545,719293,88.7,False,False,ok,True
Goa,GA,State,West,2018,AoM,Insult to Modesty,26,3.61,1458545,719293,88.7,False,False,ok,True
Goa,GA,State,West,2019,AoM,Insult to Modesty,37,5.14,1458545,719293,88.7,False,False,ok,True
Goa,GA,State,West,2020,AoM,Insult to Modesty,35,4.87,1458545,719293,88.7,False,False,ok,True
Goa,GA,State,West,2021,AoM,Insult to Modesty,20,2.78,1458545,719293,88.7,False,False,ok,True
Gujarat,GJ,State,West,2001,AoM,Insult to Modesty,111,0.38,60439692,28944282,78.03,False,False,ok,True
Gujarat,GJ,State,West,2002,AoM,Insult to Modesty,104,0.36,60439692,28944282,78.03,False,False,ok,True
Gujarat,GJ,State,West,2003,AoM,Insult to Modesty,92,0.32,60439692,28944282,78.03,False,False,ok,True
Gujarat,GJ,State,West,2004,AoM,Insult to Modesty,164,0.57,60439692,28944282,78.03,False,False,ok,True
Gujarat,GJ,State,West,2005,AoM,Insult to Modesty,104,0.36,60439692,28944282,78.03,False,False,ok,True
Gujarat,GJ,State,West,2006,AoM,Insult to Modesty,138,0.48,60439692,28944282,78.03,False,False,ok,True
Gujarat,GJ,State,West,2007,AoM,Insult to Modesty,120,0.41,60439692,28944282,78.03,False,False,ok,True
Gujarat,GJ,State,West,2008,AoM,Insult to Modesty,122,0.42,60439692,28944282,78.03,False,False,ok,True
Gujarat,GJ,State,West,2009,AoM,Insult to Modesty,114,0.39,60439692,28944282,78.03,False,False,ok,True
Gujarat,GJ,State,West,2010,AoM,Insult to Modesty,110,0.38,60439692,28944282,78.03,False,False,ok,True
Gujarat,GJ,State,West,2011,AoM,Insult to Modesty,93,0.32,60439692,28944282,78.03,False,False,ok,True
Gujarat,GJ,State,West,2012,AoM,Insult to Modesty,93,0.32,60439692,28944282,78.03,False,False,ok,True
Gujarat,GJ,State,West,2013,AoM,Insult to Modesty,77,0.27,60439692,28944282,78.03,False,False,ok,True
Gujarat,GJ,State,West,2014,AoM,Insult to Modesty,405,1.4,60439692,28944282,78.03,False,False,ok,True
Gujarat,GJ,State,West,2015,AoM,Insult to Modesty,536,1.85,60439692,28944282,78.03,False,False,ok,True
Gujarat,GJ,State,West,2016,AoM,Insult to Modesty,473,1.63,60439692,28944282,78.03,False,False,ok,True
Gujarat,GJ,State,West,2017,AoM,Insult to Modesty,17,0.06,60439692,28944282,78.03,False,False,ok,True
Gujarat,GJ,State,West,2018,AoM,Insult to Modesty,12,0.04,60439692,28944282,78.03,False,False,ok,True
Gujarat,GJ,State,West,2019,AoM,Insult to Modesty,16,0.06,60439692,28944282,78.03,False,False,ok,True
Gujarat,GJ,State,West,2020,AoM,Insult to Modesty,17,0.06,60439692,28944282,78.03,False,False,ok,True
Gujarat,GJ,State,West,2021,AoM,Insult to Modesty,7,0.02,60439692,28944282,78.03,False,False,ok,True
Haryana,HR,State,North,2001,AoM,Insult to Modesty,401,3.38,25351462,11859465,75.55,False,False,ok,True
Haryana,HR,State,North,2002,AoM,Insult to Modesty,1424,12.01,25351462,11859465,75.55,False,False,ok,True
Haryana,HR,State,North,2003,AoM,Insult to Modesty,1302,10.98,25351462,11859465,75.55,False,False,ok,True
Haryana,HR,State,North,2004,AoM,Insult to Modesty,850,7.17,25351462,11859465,75.55,False,False,ok,True
Haryana,HR,State,North,2005,AoM,Insult to Modesty,597,5.03,25351462,11859465,75.55,False,False,ok,True
Haryana,HR,State,North,2006,AoM,Insult to Modesty,491,4.14,25351462,11859465,75.55,False,False,ok,True
Haryana,HR,State,North,2007,AoM,Insult to Modesty,409,3.45,25351462,11859465,75.55,False,False,ok,True
Haryana,HR,State,North,2008,AoM,Insult to Modesty,605,5.1,25351462,11859465,75.55,False,False,ok,True
Haryana,HR,State,North,2009,AoM,Insult to Modesty,605,5.1,25351462,11859465,75.55,False,False,ok,True
Haryana,HR,State,North,2010,AoM,Insult to Modesty,580,4.89,25351462,11859465,75.55,False,False,ok,True
Haryana,HR,State,North,2011,AoM,Insult to Modesty,490,4.13,25351462,11859465,75.55,False,False,ok,True
Haryana,HR,State,North,2012,AoM,Insult to Modesty,434,3.66,25351462,11859465,75.55,False,False,ok,True
Haryana,HR,State,North,2013,AoM,Insult to Modesty,643,5.42,25351462,11859465,75.55,False,False,ok,True
Haryana,HR,State,North,2014,AoM,Insult to Modesty,599,5.05,25351462,11859465,75.55,False,False,ok,True
Haryana,HR,State,North,2015,AoM,Insult to Modesty,688,5.8,25351462,11859465,75.55,False,False,ok,True
Haryana,HR,State,North,2016,AoM,Insult to Modesty,699,5.89,25351462,11859465,75.55,False,False,ok,True
Haryana,HR,State,North,2017,AoM,Insult to Modesty,179,1.51,25351462,11859465,75.55,False,False,ok,True
Haryana,HR,State,North,2018,AoM,Insult to Modesty,192,1.62,25351462,11859465,75.55,False,False,ok,True
Haryana,HR,State,North,2019,AoM,Insult to Modesty,173,1.46,25351462,11859465,75.55,False,False,ok,True
Haryana,HR,State,North,2020,AoM,Insult to Modesty,183,1.54,25351462,11859465,75.55,False,False,ok,True
Haryana,HR,State,North,2021,AoM,Insult to Modesty,290,2.45,25351462,11859465,75.55,False,False,ok,True
Himachal Pradesh,HP,State,North,2001,AoM,Insult to Modesty,14,0.41,6864602,3383567,82.8,False,False,ok,True
Himachal Pradesh,HP,State,North,2002,AoM,Insult to Modesty,12,0.35,6864602,3383567,82.8,False,False,ok,True
Himachal Pradesh,HP,State,North,2003,AoM,Insult to Modesty,18,0.53,6864602,3383567,82.8,False,False,ok,True
Himachal Pradesh,HP,State,North,2004,AoM,Insult to Modesty,16,0.47,6864602,3383567,82.8,False,False,ok,True
Himachal Pradesh,HP,State,North,2005,AoM,Insult to Modesty,29,0.86,6864602,3383567,82.8,False,False,ok,True
Himachal Pradesh,HP,State,North,2006,AoM,Insult to Modesty,31,0.92,6864602,3383567,82.8,False,False,ok,True
Himachal Pradesh,HP,State,North,2007,AoM,Insult to Modesty,33,0.98,6864602,3383567,82.8,False,False,ok,True
Himachal Pradesh,HP,State,North,2008,AoM,Insult to Modesty,41,1.21,6864602,3383567,82.8,False,False,ok,True
Himachal Pradesh,HP,State,North,2009,AoM,Insult to Modesty,37,1.09,6864602,3383567,82.8,False,False,ok,True
Himachal Pradesh,HP,State,North,2010,AoM,Insult to Modesty,78,2.31,6864602,3383567,82.8,False,False,ok,True
Himachal Pradesh,HP,State,North,2011,AoM,Insult to Modesty,62,1.83,6864602,3383567,82.8,False,False,ok,True
Himachal Pradesh,HP,State,North,2012,AoM,Insult to Modesty,68,2.01,6864602,3383567,82.8,False,False,ok,True
Himachal Pradesh,HP,State,North,2013,AoM,Insult to Modesty,111,3.28,6864602,3383567,82.8,False,False,ok,True
Himachal Pradesh,HP,State,North,2014,AoM,Insult to Modesty,159,4.7,6864602,3383567,82.8,False,False,ok,True
Himachal Pradesh,HP,State,North,2015,AoM,Insult to Modesty,99,2.93,6864602,3383567,82.8,False,False,ok,True
Himachal Pradesh,HP,State,North,2016,AoM,Insult to Modesty,114,3.37,6864602,3383567,82.8,False,False,ok,True
Himachal Pradesh,HP,State,North,2017,AoM,Insult to Modesty,52,1.54,6864602,3383567,82.8,False,False,ok,True
Himachal Pradesh,HP,State,North,2018,AoM,Insult to Modesty,78,2.31,6864602,3383567,82.8,False,False,ok,True
Himachal Pradesh,HP,State,North,2019,AoM,Insult to Modesty,72,2.13,6864602,3383567,82.8,False,False,ok,True
Himachal Pradesh,HP,State,North,2020,AoM,Insult to Modesty,88,2.6,6864602,3383567,82.8,False,False,ok,True
Himachal Pradesh,HP,State,North,2021,AoM,Insult to Modesty,94,2.78,6864602,3383567,82.8,False,False,ok,True
Jammu & Kashmir,JK,Union Territory,North,2001,AoM,Insult to Modesty,288,4.98,12267013,5783391,67.16,False,False,ok,True
Jammu & Kashmir,JK,Union Territory,North,2002,AoM,Insult to Modesty,368,6.36,12267013,5783391,67.16,False,False,ok,True
Jammu & Kashmir,JK,Union Territory,North,2003,AoM,Insult to Modesty,376,6.5,12267013,5783391,67.16,False,False,ok,True
Jammu & Kashmir,JK,Union Territory,North,2004,AoM,Insult to Modesty,264,4.56,12267013,5783391,67.16,False,False,ok,True
Jammu & Kashmir,JK,Union Territory,North,2005,AoM,Insult to Modesty,371,6.41,12267013,5783391,67.16,False,False,ok,True
Jammu & Kashmir,JK,Union Territory,North,2006,AoM,Insult to Modesty,347,6.0,12267013,5783391,67.16,False,False,ok,True
Jammu & Kashmir,JK,Union Territory,North,2007,AoM,Insult to Modesty,353,6.1,12267013,5783391,67.16,False,False,ok,True
Jammu & Kashmir,JK,Union Territory,North,2008,AoM,Insult to Modesty,296,5.12,12267013,5783391,67.16,False,False,ok,True
Jammu & Kashmir,JK,Union Territory,North,2009,AoM,Insult to Modesty,371,6.41,12267013,5783391,67.16,False,False,ok,True
Jammu & Kashmir,JK,Union Territory,North,2010,AoM,Insult to Modesty,262,4.53,12267013,5783391,67.16,False,False,ok,True
Jammu & Kashmir,JK,Union Territory,North,2011,AoM,Insult to Modesty,350,6.05,12267013,5783391,67.16,False,False,ok,True
Jammu & Kashmir,JK,Union Territory,North,2012,AoM,Insult to Modesty,347,6.0,12267013,5783391,67.16,False,False,ok,True
Jammu & Kashmir,JK,Union Territory,North,2013,AoM,Insult to Modesty,354,6.12,12267013,5783391,67.16,False,False,ok,True
Jammu & Kashmir,JK,Union Territory,North,2014,AoM,Insult to Modesty,242,4.18,12267013,5783391,67.16,False,False,ok,True
Jammu & Kashmir,JK,Union Territory,North,2015,AoM,Insult to Modesty,244,4.22,12267013,5783391,67.16,False,False,ok,True
Jammu & Kashmir,JK,Union Territory,North,2016,AoM,Insult to Modesty,253,4.37,12267013,5783391,67.16,False,False,ok,True
Jammu & Kashmir,JK,Union Territory,North,2017,AoM,Insult to Modesty,41,0.71,12267013,5783391,67.16,False,False,ok,True
Jammu & Kashmir,JK,Union Territory,North,2018,AoM,Insult to Modesty,25,0.43,12267013,5783391,67.16,False,False,ok,True
Jammu & Kashmir,JK,Union Territory,North,2019,AoM,Insult to Modesty,15,0.26,12267013,5783391,67.16,False,False,ok,True
Jammu & Kashmir,JK,Union Territory,North,2020,AoM,Insult to Modesty,35,0.61,12267013,5783391,67.16,False,False,ok,True
Jammu & Kashmir,JK,Union Territory,North,2021,AoM,Insult to Modesty,10,0.17,12267013,5783391,67.16,False,False,ok,True
Jharkhand,JH,State,East,2001,AoM,Insult to Modesty,5,0.03,32988134,16053774,66.41,False,False,ok,True
Jharkhand,JH,State,East,2002,AoM,Insult to Modesty,3,0.02,32988134,16053774,66.41,False,False,ok,True
Jharkhand,JH,State,East,2003,AoM,Insult to Modesty,2,0.01,32988134,16053774,66.41,False,False,ok,True
Jharkhand,JH,State,East,2004,AoM,Insult to Modesty,3,0.02,32988134,16053774,66.41,False,False,ok,True
Jharkhand,JH,State,East,2005,AoM,Insult to Modesty,36,0.22,32988134,16053774,66.41,False,False,ok,True
Jharkhand,JH,State,East,2006,AoM,Insult to Modesty,44,0.27,32988134,16053774,66.41,False,False,ok,True
Jharkhand,JH,State,East,2007,AoM,Insult to Modesty,15,0.09,32988134,16053774,66.41,False,False,ok,True
Jharkhand,JH,State,East,2008,AoM,Insult to Modesty,23,0.14,32988134,16053774,66.41,False,False,ok,True
Jharkhand,JH,State,East,2009,AoM,Insult to Modesty,83,0.52,32988134,16053774,66.41,False,False,ok,True
Jharkhand,JH,State,East,2010,AoM,Insult to Modesty,16,0.1,32988134,16053774,66.41,False,False,ok,True
Jharkhand,JH,State,East,2011,AoM,Insult to Modesty,7,0.04,32988134,16053774,66.41,False,False,ok,True
Jharkhand,JH,State,East,2012,AoM,Insult to Modesty,10,0.06,32988134,16053774,66.41,False,False,ok,True
Jharkhand,JH,State,East,2013,AoM,Insult to Modesty,18,0.11,32988134,16053774,66.41,False,False,ok,True
Jharkhand,JH,State,East,2014,AoM,Insult to Modesty,114,0.71,32988134,16053774,66.41,False,False,ok,True
Jharkhand,JH,State,East,2015,AoM,Insult to Modesty,531,3.31,32988134,16053774,66.41,False,False,ok,True
Jharkhand,JH,State,East,2016,AoM,Insult to Modesty,373,2.32,32988134,16053774,66.41,False,False,ok,True
Jharkhand,JH,State,East,2017,AoM,Insult to Modesty,104,0.65,32988134,16053774,66.41,False,False,ok,True
Jharkhand,JH,State,East,2018,AoM,Insult to Modesty,37,0.23,32988134,16053774,66.41,False,False,ok,True
Jharkhand,JH,State,East,2019,AoM,Insult to Modesty,7,0.04,32988134,16053774,66.41,False,False,ok,True
Jharkhand,JH,State,East,2020,AoM,Insult to Modesty,6,0.04,32988134,16053774,66.41,False,False,ok,True
Jharkhand,JH,State,East,2021,AoM,Insult to Modesty,6,0.04,32988134,16053774,66.41,False,False,ok,True
Karnataka,KA,State,South,2001,AoM,Insult to Modesty,81,0.27,61095297,30129612,75.36,False,False,ok,True
Karnataka,KA,State,South,2002,AoM,Insult to Modesty,100,0.33,61095297,30129612,75.36,False,False,ok,True
Karnataka,KA,State,South,2003,AoM,Insult to Modesty,84,0.28,61095297,30129612,75.36,False,False,ok,True
Karnataka,KA,State,South,2004,AoM,Insult to Modesty,57,0.19,61095297,30129612,75.36,False,False,ok,True
Karnataka,KA,State,South,2005,AoM,Insult to Modesty,71,0.24,61095297,30129612,75.36,False,False,ok,True
Karnataka,KA,State,South,2006,AoM,Insult to Modesty,38,0.13,61095297,30129612,75.36,False,False,ok,True
Karnataka,KA,State,South,2007,AoM,Insult to Modesty,28,0.09,61095297,30129612,75.36,False,False,ok,True
Karnataka,KA,State,South,2008,AoM,Insult to Modesty,44,0.15,61095297,30129612,75.36,False,False,ok,True
Karnataka,KA,State,South,2009,AoM,Insult to Modesty,64,0.21,61095297,30129612,75.36,False,False,ok,True
Karnataka,KA,State,South,2010,AoM,Insult to Modesty,83,0.28,61095297,30129612,75.36,False,False,ok,True
Karnataka,KA,State,South,2011,AoM,Insult to Modesty,81,0.27,61095297,30129612,75.36,False,False,ok,True
Karnataka,KA,State,South,2012,AoM,Insult to Modesty,100,0.33,61095297,30129612,75.36,False,False,ok,True
Karnataka,KA,State,South,2013,AoM,Insult to Modesty,137,0.45,61095297,30129612,75.36,False,False,ok,True
Karnataka,KA,State,South,2014,AoM,Insult to Modesty,253,0.84,61095297,30129612,75.36,False,False,ok,True
Karnataka,KA,State,South,2015,AoM,Insult to Modesty,535,1.78,61095297,30129612,75.36,False,False,ok,True
Karnataka,KA,State,South,2016,AoM,Insult to Modesty,703,2.33,61095297,30129612,75.36,False,False,ok,True
Karnataka,KA,State,South,2017,AoM,Insult to Modesty,212,0.7,61095297,30129612,75.36,False,False,ok,True
Karnataka,KA,State,South,2018,AoM,Insult to Modesty,138,0.46,61095297,30129612,75.36,False,False,ok,True
Karnataka,KA,State,South,2019,AoM,Insult to Modesty,107,0.36,61095297,30129612,75.36,False,False,ok,True
Karnataka,KA,State,South,2020,AoM,Insult to Modesty,70,0.23,61095297,30129612,75.36,False,False,ok,True
Karnataka,KA,State,South,2021,AoM,Insult to Modesty,71,0.24,61095297,30129612,75.36,False,False,ok,True
Kerala,KL,State,South,2001,AoM,Insult to Modesty,81,0.47,33406061,17376281,94.0,False,False,ok,True
Kerala,KL,State,South,2002,AoM,Insult to Modesty,102,0.59,33406061,17376281,94.0,False,False,ok,True
Kerala,KL,State,South,2003,AoM,Insult to Modesty,68,0.39,33406061,17376281,94.0,False,False,ok,True
Kerala,KL,State,South,2004,AoM,Insult to Modesty,133,0.77,33406061,17376281,94.0,False,False,ok,True
Kerala,KL,State,South,2005,AoM,Insult to Modesty,175,1.01,33406061,17376281,94.0,False,False,ok,True
Kerala,KL,State,South,2006,AoM,Insult to Modesty,222,1.28,33406061,17376281,94.0,False,False,ok,True
Kerala,KL,State,South,2007,AoM,Insult to Modesty,262,1.51,33406061,17376281,94.0,False,False,ok,True
Kerala,KL,State,South,2008,AoM,Insult to Modesty,258,1.48,33406061,17376281,94.0,False,False,ok,True
Kerala,KL,State,South,2009,AoM,Insult to Modesty,395,2.27,33406061,17376281,94.0,False,False,ok,True
Kerala,KL,State,South,2010,AoM,Insult to Modesty,537,3.09,33406061,17376281,94.0,False,False,ok,True
Kerala,KL,State,South,2011,AoM,Insult to Modesty,573,3.3,33406061,17376281,94.0,False,False,ok,True
Kerala,KL,State,South,2012,AoM,Insult to Modesty,498,2.87,33406061,17376281,94.0,False,False,ok,True
Kerala,KL,State,South,2013,AoM,Insult to Modesty,404,2.33,33406061,17376281,94.0,False,False,ok,True
Kerala,KL,State,South,2014,AoM,Insult to Modesty,980,5.64,33406061,17376281,94.0,False,False,ok,True
Kerala,KL,State,South,2015,AoM,Insult to Modesty,1145,6.59,33406061,17376281,94.0,False,False,ok,True
Kerala,KL,State,South,2016,AoM,Insult to Modesty,1273,7.33,33406061,17376281,94.0,False,False,ok,True
Kerala,KL,State,South,2017,AoM,Insult to Modesty,421,2.42,33406061,17376281,94.0,False,False,ok,True
Kerala,KL,State,South,2018,AoM,Insult to Modesty,461,2.65,33406061,17376281,94.0,False,False,ok,True
Kerala,KL,State,South,2019,AoM,Insult to Modesty,435,2.5,33406061,17376281,94.0,False,False,ok,True
Kerala,KL,State,South,2020,AoM,Insult to Modesty,442,2.54,33406061,17376281,94.0,False,False,ok,True
Kerala,KL,State,South,2021,AoM,Insult to Modesty,504,2.9,33406061,17376281,94.0,False,False,ok,True
Ladakh,LA,Union Territory,North,2020,AoM,Insult to Modesty,0,0.0,274289,117552,77.2,False,False,ok,True
Ladakh,LA,Union Territory,North,2021,AoM,Insult to Modesty,1,0.85,274289,117552,77.2,False,False,ok,True
Lakshadweep,LD,Union Territory,Islands,2001,AoM,Insult to Modesty,0,0.0,64473,31342,91.85,False,False,ok,True
Lakshadweep,LD,Union Territory,Islands,2002,AoM,Insult to Modesty,0,0.0,64473,31342,91.85,False,False,ok,True
Lakshadweep,LD,Union Territory,Islands,2003,AoM,Insult to Modesty,0,0.0,64473,31342,91.85,False,False,ok,True
Lakshadweep,LD,Union Territory,Islands,2004,AoM,Insult to Modesty,0,0.0,64473,31342,91.85,False,False,ok,True
Lakshadweep,LD,Union Territory,Islands,2005,AoM,Insult to Modesty,0,0.0,64473,31342,91.85,False,False,ok,True
Lakshadweep,LD,Union Territory,Islands,2006,AoM,Insult to Modesty,0,0.0,64473,31342,91.85,False,False,ok,True
Lakshadweep,LD,Union Territory,Islands,2007,AoM,Insult to Modesty,0,0.0,64473,31342,91.85,False,False,ok,True
Lakshadweep,LD,Union Territory,Islands,2008,AoM,Insult to Modesty,0,0.0,64473,31342,91.85,False,False,ok,True
Lakshadweep,LD,Union Territory,Islands,2009,AoM,Insult to Modesty,0,0.0,64473,31342,91.85,False,False,ok,True
Lakshadweep,LD,Union Territory,Islands,2010,AoM,Insult to Modesty,0,0.0,64473,31342,91.85,False,False,ok,True
Lakshadweep,LD,Union Territory,Islands,2011,AoM,Insult to Modesty,0,0.0,64473,31342,91.85,False,False,ok,True
Lakshadweep,LD,Union Territory,Islands,2012,AoM,Insult to Modesty,0,0.0,64473,31342,91.85,False,False,ok,True
Lakshadweep,LD,Union Territory,Islands,2013,AoM,Insult to Modesty,0,0.0,64473,31342,91.85,False,False,ok,True
Lakshadweep,LD,Union Territory,Islands,2014,AoM,Insult to Modesty,0,0.0,64473,31342,91.85,False,False,ok,True
Lakshadweep,LD,Union Territory,Islands,2015,AoM,Insult to Modesty,0,0.0,64473,31342,91.85,False,False,ok,True
Lakshadweep,LD,Union Territory,Islands,2016,AoM,Insult to Modesty,0,0.0,64473,31342,91.85,False,False,ok,True
Lakshadweep,LD,Union Territory,Islands,2017,AoM,Insult to Modesty,0,0.0,64473,31342,91.85,False,False,ok,True
Lakshadweep,LD,Union Territory,Islands,2018,AoM,Insult to Modesty,1,3.19,64473,31342,91.85,False,False,ok,True
Lakshadweep,LD,Union Territory,Islands,2019,AoM,Insult to Modesty,8,25.52,64473,31342,91.85,False,False,ok,True
Lakshadweep,LD,Union Territory,Islands,2020,AoM,Insult to Modesty,1,3.19,64473,31342,91.85,False,False,ok,True
Lakshadweep,LD,Union Territory,Islands,2021,AoM,Insult to Modesty,1,3.19,64473,31342,91.85,False,False,ok,True
Madhya Pradesh,MP,State,Central,2001,AoM,Insult to Modesty,751,2.14,72626809,35015826,69.32,False,False,ok,True
Madhya Pradesh,MP,State,Central,2002,AoM,Insult to Modesty,783,2.24,72626809,35015826,69.32,False,False,ok,True
Madhya Pradesh,MP,State,Central,2003,AoM,Insult to Modesty,705,2.01,72626809,35015826,69.32,False,False,ok,True
Madhya Pradesh,MP,State,Central,2004,AoM,Insult to Modesty,804,2.3,72626809,35015826,69.32,False,False,ok,True
Madhya Pradesh,MP,State,Central,2005,AoM,Insult to Modesty,792,2.26,72626809,35015826,69.32,False,False,ok,True
Madhya Pradesh,MP,State,Central,2006,AoM,Insult to Modesty,762,2.18,72626809,35015826,69.32,False,False,ok,True
Madhya Pradesh,MP,State,Central,2007,AoM,Insult to Modesty,780,2.23,72626809,35015826,69.32,False,False,ok,True
Madhya Pradesh,MP,State,Central,2008,AoM,Insult to Modesty,758,2.16,72626809,35015826,69.32,False,False,ok,True
Madhya Pradesh,MP,State,Central,2009,AoM,Insult to Modesty,728,2.08,72626809,35015826,69.32,False,False,ok,True
Madhya Pradesh,MP,State,Central,2010,AoM,Insult to Modesty,918,2.62,72626809,35015826,69.32,False,False,ok,True
Madhya Pradesh,MP,State,Central,2011,AoM,Insult to Modesty,762,2.18,72626809,35015826,69.32,False,False,ok,True
Madhya Pradesh,MP,State,Central,2012,AoM,Insult to Modesty,774,2.21,72626809,35015826,69.32,False,False,ok,True
Madhya Pradesh,MP,State,Central,2013,AoM,Insult to Modesty,736,2.1,72626809,35015826,69.32,False,False,ok,True
Madhya Pradesh,MP,State,Central,2014,AoM,Insult to Modesty,3163,9.03,72626809,35015826,69.32,False,False,ok,True
Madhya Pradesh,MP,State,Central,2015,AoM,Insult to Modesty,2559,7.31,72626809,35015826,69.32,False,False,ok,True
Madhya Pradesh,MP,State,Central,2016,AoM,Insult to Modesty,3128,8.93,72626809,35015826,69.32,False,False,ok,True
Madhya Pradesh,MP,State,Central,2017,AoM,Insult to Modesty,277,0.79,72626809,35015826,69.32,False,False,ok,True
Madhya Pradesh,MP,State,Central,2018,AoM,Insult to Modesty,270,0.77,72626809,35015826,69.32,False,False,ok,True
Madhya Pradesh,MP,State,Central,2019,AoM,Insult to Modesty,174,0.5,72626809,35015826,69.32,False,False,ok,True
Madhya Pradesh,MP,State,Central,2020,AoM,Insult to Modesty,200,0.57,72626809,35015826,69.32,False,False,ok,True
Madhya Pradesh,MP,State,Central,2021,AoM,Insult to Modesty,250,0.71,72626809,35015826,69.32,False,False,ok,True
Maharashtra,MH,State,West,2001,AoM,Insult to Modesty,1120,2.07,112374333,54119106,82.34,False,False,ok,True
Maharashtra,MH,State,West,2002,AoM,Insult to Modesty,769,1.42,112374333,54119106,82.34,False,False,ok,True
Maharashtra,MH,State,West,2003,AoM,Insult to Modesty,682,1.26,112374333,54119106,82.34,False,False,ok,True
Maharashtra,MH,State,West,2004,AoM,Insult to Modesty,862,1.59,112374333,54119106,82.34,False,False,ok,True
Maharashtra,MH,State,West,2005,AoM,Insult to Modesty,919,1.7,112374333,54119106,82.34,False,False,ok,True
Maharashtra,MH,State,West,2006,AoM,Insult to Modesty,984,1.82,112374333,54119106,82.34,False,False,ok,True
Maharashtra,MH,State,West,2007,AoM,Insult to Modesty,1039,1.92,112374333,54119106,82.34,False,False,ok,True
Maharashtra,MH,State,West,2008,AoM,Insult to Modesty,1091,2.02,112374333,54119106,82.34,False,False,ok,True
Maharashtra,MH,State,West,2009,AoM,Insult to Modesty,1099,2.03,112374333,54119106,82.34,False,False,ok,True
Maharashtra,MH,State,West,2010,AoM,Insult to Modesty,1180,2.18,112374333,54119106,82.34,False,False,ok,True
Maharashtra,MH,State,West,2011,AoM,Insult to Modesty,1071,1.98,112374333,54119106,82.34,False,False,ok,True
Maharashtra,MH,State,West,2012,AoM,Insult to Modesty,1294,2.39,112374333,54119106,82.34,False,False,ok,True
Maharashtra,MH,State,West,2013,AoM,Insult to Modesty,2632,4.86,112374333,54119106,82.34,False,False,ok,True
Maharashtra,MH,State,West,2014,AoM,Insult to Modesty,4052,7.49,112374333,54119106,82.34,False,False,ok,True
Maharashtra,MH,State,West,2015,AoM,Insult to Modesty,4751,8.78,112374333,54119106,82.34,False,False,ok,True
Maharashtra,MH,State,West,2016,AoM,Insult to Modesty,4057,7.5,112374333,54119106,82.34,False,False,ok,True
Maharashtra,MH,State,West,2017,AoM,Insult to Modesty,919,1.7,112374333,54119106,82.34,False,False,ok,True
Maharashtra,MH,State,West,2018,AoM,Insult to Modesty,1074,1.98,112374333,54119106,82.34,False,False,ok,True
Maharashtra,MH,State,West,2019,AoM,Insult to Modesty,1074,1.98,112374333,54119106,82.34,False,False,ok,True
Maharashtra,MH,State,West,2020,AoM,Insult to Modesty,969,1.79,112374333,54119106,82.34,False,False,ok,True
Maharashtra,MH,State,West,2021,AoM,Insult to Modesty,1038,1.92,112374333,54119106,82.34,False,False,ok,True
Manipur,MN,State,North East,2001,AoM,Insult to Modesty,0,0.0,2855794,1417107,76.94,False,False,ok,True
Manipur,MN,State,North East,2002,AoM,Insult to Modesty,0,0.0,2855794,1417107,76.94,False,False,ok,True
Manipur,MN,State,North East,2003,AoM,Insult to Modesty,0,0.0,2855794,1417107,76.94,False,False,ok,True
Manipur,MN,State,North East,2004,AoM,Insult to Modesty,0,0.0,2855794,1417107,76.94,False,False,ok,True
Manipur,MN,State,North East,2005,AoM,Insult to Modesty,0,0.0,2855794,1417107,76.94,False,False,ok,True
Manipur,MN,State,North East,2006,AoM,Insult to Modesty,0,0.0,2855794,1417107,76.94,False,False,ok,True
Manipur,MN,State,North East,2007,AoM,Insult to Modesty,0,0.0,2855794,1417107,76.94,False,False,ok,True
Manipur,MN,State,North East,2008,AoM,Insult to Modesty,0,0.0,2855794,1417107,76.94,False,False,ok,True
Manipur,MN,State,North East,2009,AoM,Insult to Modesty,2,0.14,2855794,1417107,76.94,False,False,ok,True
Manipur,MN,State,North East,2010,AoM,Insult to Modesty,0,0.0,2855794,1417107,76.94,False,False,ok,True
Manipur,MN,State,North East,2011,AoM,Insult to Modesty,0,0.0,2855794,1417107,76.94,False,False,ok,True
Manipur,MN,State,North East,2012,AoM,Insult to Modesty,1,0.07,2855794,1417107,76.94,False,False,ok,True
Manipur,MN,State,North East,2013,AoM,Insult to Modesty,0,0.0,2855794,1417107,76.94,False,False,ok,True
Manipur,MN,State,North East,2014,AoM,Insult to Modesty,5,0.35,2855794,1417107,76.94,False,False,ok,True
Manipur,MN,State,North East,2015,AoM,Insult to Modesty,2,0.14,2855794,1417107,76.94,False,False,ok,True
Manipur,MN,State,North East,2016,AoM,Insult to Modesty,15,1.06,2855794,1417107,76.94,False,False,ok,True
Manipur,MN,State,North East,2017,AoM,Insult to Modesty,8,0.56,2855794,1417107,76.94,False,False,ok,True
Manipur,MN,State,North East,2018,AoM,Insult to Modesty,8,0.56,2855794,1417107,76.94,False,False,ok,True
Manipur,MN,State,North East,2019,AoM,Insult to Modesty,7,0.49,2855794,1417107,76.94,False,False,ok,True
Manipur,MN,State,North East,2020,AoM,Insult to Modesty,8,0.56,2855794,1417107,76.94,False,False,ok,True
Manipur,MN,State,North East,2021,AoM,Insult to Modesty,16,1.13,2855794,1417107,76.94,False,False,ok,True
Meghalaya,ML,State,North East,2001,AoM,Insult to Modesty,0,0.0,2966889,1475240,74.43,False,False,ok,True
Meghalaya,ML,State,North East,2002,AoM,Insult to Modesty,0,0.0,2966889,1475240,74.43,False,False,ok,True
Meghalaya,ML,State,North East,2003,AoM,Insult to Modesty,1,0.07,2966889,1475240,74.43,False,False,ok,True
Meghalaya,ML,State,North East,2004,AoM,Insult to Modesty,0,0.0,2966889,1475240,74.43,False,False,ok,True
Meghalaya,ML,State,North East,2005,AoM,Insult to Modesty,0,0.0,2966889,1475240,74.43,False,False,ok,True
Meghalaya,ML,State,North East,2006,AoM,Insult to Modesty,0,0.0,2966889,1475240,74.43,False,False,ok,True
Meghalaya,ML,State,North East,2007,AoM,Insult to Modesty,1,0.07,2966889,1475240,74.43,False,False,ok,True
Meghalaya,ML,State,North East,2008,AoM,Insult to Modesty,4,0.27,2966889,1475240,74.43,False,False,ok,True
Meghalaya,ML,State,North East,2009,AoM,Insult to Modesty,1,0.07,2966889,1475240,74.43,False,False,ok,True
Meghalaya,ML,State,North East,2010,AoM,Insult to Modesty,0,0.0,2966889,1475240,74.43,False,False,ok,True
Meghalaya,ML,State,North East,2011,AoM,Insult to Modesty,1,0.07,2966889,1475240,74.43,False,False,ok,True
Meghalaya,ML,State,North East,2012,AoM,Insult to Modesty,0,0.0,2966889,1475240,74.43,False,False,ok,True
Meghalaya,ML,State,North East,2013,AoM,Insult to Modesty,0,0.0,2966889,1475240,74.43,False,False,ok,True
Meghalaya,ML,State,North East,2014,AoM,Insult to Modesty,0,0.0,2966889,1475240,74.43,False,False,ok,True
Meghalaya,ML,State,North East,2015,AoM,Insult to Modesty,22,1.49,2966889,1475240,74.43,False,False,ok,True
Meghalaya,ML,State,North East,2016,AoM,Insult to Modesty,20,1.36,2966889,1475240,74.43,False,False,ok,True
Meghalaya,ML,State,North East,2017,AoM,Insult to Modesty,21,1.42,2966889,1475240,74.43,False,False,ok,True
Meghalaya,ML,State,North East,2018,AoM,Insult to Modesty,16,1.08,2966889,1475240,74.43,False,False,ok,True
Meghalaya,ML,State,North East,2019,AoM,Insult to Modesty,18,1.22,2966889,1475240,74.43,False,False,ok,True
Meghalaya,ML,State,North East,2020,AoM,Insult to Modesty,16,1.08,2966889,1475240,74.43,False,False,ok,True
Meghalaya,ML,State,North East,2021,AoM,Insult to Modesty,24,1.63,2966889,1475240,74.43,False,False,ok,True
Mizoram,MZ,State,North East,2001,AoM,Insult to Modesty,0,0.0,1097206,541940,91.33,False,False,ok,True
Mizoram,MZ,State,North East,2002,AoM,Insult to Modesty,0,0.0,1097206,541940,91.33,False,False,ok,True
Mizoram,MZ,State,North East,2003,AoM,Insult to Modesty,0,0.0,1097206,541940,91.33,False,False,ok,True
Mizoram,MZ,State,North East,2004,AoM,Insult to Modesty,0,0.0,1097206,541940,91.33,False,False,ok,True
Mizoram,MZ,State,North East,2005,AoM,Insult to Modesty,4,0.74,1097206,541940,91.33,False,False,ok,True
Mizoram,MZ,State,North East,2006,AoM,Insult to Modesty,0,0.0,1097206,541940,91.33,False,False,ok,True
Mizoram,MZ,State,North East,2007,AoM,Insult to Modesty,0,0.0,1097206,541940,91.33,False,False,ok,True
Mizoram,MZ,State,North East,2008,AoM,Insult to Modesty,0,0.0,1097206,541940,91.33,False,False,ok,True
Mizoram,MZ,State,North East,2009,AoM,Insult to Modesty,1,0.18,1097206,541940,91.33,False,False,ok,True
Mizoram,MZ,State,North East,2010,AoM,Insult to Modesty,0,0.0,1097206,541940,91.33,False,False,ok,True
Mizoram,MZ,State,North East,2011,AoM,Insult to Modesty,1,0.18,1097206,541940,91.33,False,False,ok,True
Mizoram,MZ,State,North East,2012,AoM,Insult to Modesty,0,0.0,1097206,541940,91.33,False,False,ok,True
Mizoram,MZ,State,North East,2013,AoM,Insult to Modesty,0,0.0,1097206,541940,91.33,False,False,ok,True
Mizoram,MZ,State,North East,2014,AoM,Insult to Modesty,53,9.78,1097206,541940,91.33,False,False,ok,True
Mizoram,MZ,State,North East,2015,AoM,Insult to Modesty,53,9.78,1097206,541940,91.33,False,False,ok,True
Mizoram,MZ,State,North East,2016,AoM,Insult to Modesty,44,8.12,1097206,541940,91.33,False,False,ok,True
Mizoram,MZ,State,North East,2017,AoM,Insult to Modesty,2,0.37,1097206,541940,91.33,False,False,ok,True
Mizoram,MZ,State,North East,2018,AoM,Insult to Modesty,1,0.18,1097206,541940,91.33,False,False,ok,True
Mizoram,MZ,State,North East,2019,AoM,Insult to Modesty,0,0.0,1097206,541940,91.33,False,False,ok,True
Mizoram,MZ,State,North East,2020,AoM,Insult to Modesty,3,0.55,1097206,541940,91.33,False,False,ok,True
Mizoram,MZ,State,North East,2021,AoM,Insult to Modesty,0,0.0,1097206,541940,91.33,False,False,ok,True
Nagaland,NL,State,North East,2001,AoM,Insult to Modesty,0,0.0,1978502,953902,79.55,False,False,ok,True
Nagaland,NL,State,North East,2002,AoM,Insult to Modesty,0,0.0,1978502,953902,79.55,False,False,ok,True
Nagaland,NL,State,North East,2003,AoM,Insult to Modesty,2,0.21,1978502,953902,79.55,False,False,ok,True
Nagaland,NL,State,North East,2004,AoM,Insult to Modesty,1,0.1,1978502,953902,79.55,False,False,ok,True
Nagaland,NL,State,North East,2005,AoM,Insult to Modesty,0,0.0,1978502,953902,79.55,False,False,ok,True
Nagaland,NL,State,North East,2006,AoM,Insult to Modesty,2,0.21,1978502,953902,79.55,False,False,ok,True
Nagaland,NL,State,North East,2007,AoM,Insult to Modesty,1,0.1,1978502,953902,79.55,False,False,ok,True
Nagaland,NL,State,North East,2008,AoM,Insult to Modesty,1,0.1,1978502,953902,79.55,False,False,ok,True
Nagaland,NL,State,North East,2009,AoM,Insult to Modesty,0,0.0,1978502,953902,79.55,False,False,ok,True
Nagaland,NL,State,North East,2010,AoM,Insult to Modesty,3,0.31,1978502,953902,79.55,False,False,ok,True
Nagaland,NL,State,North East,2011,AoM,Insult to Modesty,0,0.0,1978502,953902,79.55,False,False,ok,True
Nagaland,NL,State,North East,2012,AoM,Insult to Modesty,0,0.0,1978502,953902,79.55,False,False,ok,True
Nagaland,NL,State,North East,2013,AoM,Insult to Modesty,1,0.1,1978502,953902,79.55,False,False,ok,True
Nagaland,NL,State,North East,2014,AoM,Insult to Modesty,5,0.52,1978502,953902,79.55,False,False,ok,True
Nagaland,NL,State,North East,2015,AoM,Insult to Modesty,6,0.63,1978502,953902,79.55,False,False,ok,True
Nagaland,NL,State,North East,2016,AoM,Insult to Modesty,6,0.63,1978502,953902,79.55,False,False,ok,True
Nagaland,NL,State,North East,2017,AoM,Insult to Modesty,0,0.0,1978502,953902,79.55,False,False,ok,True
Nagaland,NL,State,North East,2018,AoM,Insult to Modesty,5,0.52,1978502,953902,79.55,False,False,ok,True
Nagaland,NL,State,North East,2019,AoM,Insult to Modesty,1,0.1,1978502,953902,79.55,False,False,ok,True
Nagaland,NL,State,North East,2020,AoM,Insult to Modesty,2,0.21,1978502,953902,79.55,False,False,ok,True
Nagaland,NL,State,North East,2021,AoM,Insult to Modesty,1,0.1,1978502,953902,79.55,False,False,ok,True
Odisha,OD,State,East,2001,AoM,Insult to Modesty,458,2.21,41974218,20764406,72.87,False,False,ok,True
Odisha,OD,State,East,2002,AoM,Insult to Modesty,188,0.91,41974218,20764406,72.87,False,False,ok,True
Odisha,OD,State,East,2003,AoM,Insult to Modesty,188,0.91,41974218,20764406,72.87,False,False,ok,True
Odisha,OD,State,East,2004,AoM,Insult to Modesty,170,0.82,41974218,20764406,72.87,False,False,ok,True
Odisha,OD,State,East,2005,AoM,Insult to Modesty,184,0.89,41974218,20764406,72.87,False,False,ok,True
Odisha,OD,State,East,2006,AoM,Insult to Modesty,247,1.19,41974218,20764406,72.87,False,False,ok,True
Odisha,OD,State,East,2007,AoM,Insult to Modesty,241,1.16,41974218,20764406,72.87,False,False,ok,True
Odisha,OD,State,East,2008,AoM,Insult to Modesty,282,1.36,41974218,20764406,72.87,False,False,ok,True
Odisha,OD,State,East,2009,AoM,Insult to Modesty,210,1.01,41974218,20764406,72.87,False,False,ok,True
Odisha,OD,State,East,2010,AoM,Insult to Modesty,232,1.12,41974218,20764406,72.87,False,False,ok,True
Odisha,OD,State,East,2011,AoM,Insult to Modesty,235,1.13,41974218,20764406,72.87,False,False,ok,True
Odisha,OD,State,East,2012,AoM,Insult to Modesty,304,1.46,41974218,20764406,72.87,False,False,ok,True
Odisha,OD,State,East,2013,AoM,Insult to Modesty,426,2.05,41974218,20764406,72.87,False,False,ok,True
Odisha,OD,State,East,2014,AoM,Insult to Modesty,802,3.86,41974218,20764406,72.87,False,False,ok,True
Odisha,OD,State,East,2015,AoM,Insult to Modesty,886,4.27,41974218,20764406,72.87,False,False,ok,True
Odisha,OD,State,East,2016,AoM,Insult to Modesty,979,4.71,41974218,20764406,72.87,False,False,ok,True
Odisha,OD,State,East,2017,AoM,Insult to Modesty,490,2.36,41974218,20764406,72.87,False,False,ok,True
Odisha,OD,State,East,2018,AoM,Insult to Modesty,506,2.44,41974218,20764406,72.87,False,False,ok,True
Odisha,OD,State,East,2019,AoM,Insult to Modesty,536,2.58,41974218,20764406,72.87,False,False,ok,True
Odisha,OD,State,East,2020,AoM,Insult to Modesty,615,2.96,41974218,20764406,72.87,False,False,ok,True
Odisha,OD,State,East,2021,AoM,Insult to Modesty,838,4.04,41974218,20764406,72.87,False,False,ok,True
Puducherry,PY,Union Territory,South,2001,AoM,Insult to Modesty,27,4.25,1247953,635310,85.85,False,False,ok,True
Puducherry,PY,Union Territory,South,2002,AoM,Insult to Modesty,26,4.09,1247953,635310,85.85,False,False,ok,True
Puducherry,PY,Union Territory,South,2003,AoM,Insult to Modesty,27,4.25,1247953,635310,85.85,False,False,ok,True
Puducherry,PY,Union Territory,South,2004,AoM,Insult to Modesty,30,4.72,1247953,635310,85.85,False,False,ok,True
Puducherry,PY,Union Territory,South,2005,AoM,Insult to Modesty,26,4.09,1247953,635310,85.85,False,False,ok,True
Puducherry,PY,Union Territory,South,2006,AoM,Insult to Modesty,39,6.14,1247953,635310,85.85,False,False,ok,True
Puducherry,PY,Union Territory,South,2007,AoM,Insult to Modesty,32,5.04,1247953,635310,85.85,False,False,ok,True
Puducherry,PY,Union Territory,South,2008,AoM,Insult to Modesty,21,3.31,1247953,635310,85.85,False,False,ok,True
Puducherry,PY,Union Territory,South,2009,AoM,Insult to Modesty,16,2.52,1247953,635310,85.85,False,False,ok,True
Puducherry,PY,Union Territory,South,2010,AoM,Insult to Modesty,22,3.46,1247953,635310,85.85,False,False,ok,True
Puducherry,PY,Union Territory,South,2011,AoM,Insult to Modesty,16,2.52,1247953,635310,85.85,False,False,ok,True
Puducherry,PY,Union Territory,South,2012,AoM,Insult to Modesty,2,0.31,1247953,635310,85.85,False,False,ok,True
Puducherry,PY,Union Territory,South,2013,AoM,Insult to Modesty,8,1.26,1247953,635310,85.85,False,False,ok,True
Puducherry,PY,Union Territory,South,2014,AoM,Insult to Modesty,12,1.89,1247953,635310,85.85,False,False,ok,True
Puducherry,PY,Union Territory,South,2015,AoM,Insult to Modesty,10,1.57,1247953,635310,85.85,False,False,ok,True
Puducherry,PY,Union Territory,South,2016,AoM,Insult to Modesty,13,2.05,1247953,635310,85.85,False,False,ok,True
Puducherry,PY,Union Territory,South,2017,AoM,Insult to Modesty,4,0.63,1247953,635310,85.85,False,False,ok,True
Puducherry,PY,Union Territory,South,2018,AoM,Insult to Modesty,9,1.42,1247953,635310,85.85,False,False,ok,True
Puducherry,PY,Union Territory,South,2019,AoM,Insult to Modesty,0,0.0,1247953,635310,85.85,False,False,ok,True
Puducherry,PY,Union Territory,South,2020,AoM,Insult to Modesty,0,0.0,1247953,635310,85.85,False,False,ok,True
Puducherry,PY,Union Territory,South,2021,AoM,Insult to Modesty,3,0.47,1247953,635310,85.85,False,False,ok,True
Punjab,PB,State,North,2001,AoM,Insult to Modesty,47,0.36,27743338,13103054,75.84,False,False,ok,True
Punjab,PB,State,North,2002,AoM,Insult to Modesty,145,1.11,27743338,13103054,75.84,False,False,ok,True
Punjab,PB,State,North,2003,AoM,Insult to Modesty,199,1.52,27743338,13103054,75.84,False,False,ok,True
Punjab,PB,State,North,2004,AoM,Insult to Modesty,38,0.29,27743338,13103054,75.84,False,False,ok,True
Punjab,PB,State,North,2005,AoM,Insult to Modesty,43,0.33,27743338,13103054,75.84,False,False,ok,True
Punjab,PB,State,North,2006,AoM,Insult to Modesty,60,0.46,27743338,13103054,75.84,False,False,ok,True
Punjab,PB,State,North,2007,AoM,Insult to Modesty,48,0.37,27743338,13103054,75.84,False,False,ok,True
Punjab,PB,State,North,2008,AoM,Insult to Modesty,49,0.37,27743338,13103054,75.84,False,False,ok,True
Punjab,PB,State,North,2009,AoM,Insult to Modesty,33,0.25,27743338,13103054,75.84,False,False,ok,True
Punjab,PB,State,North,2010,AoM,Insult to Modesty,38,0.29,27743338,13103054,75.84,False,False,ok,True
Punjab,PB,State,North,2011,AoM,Insult to Modesty,31,0.24,27743338,13103054,75.84,False,False,ok,True
Punjab,PB,State,North,2012,AoM,Insult to Modesty,31,0.24,27743338,13103054,75.84,False,False,ok,True
Punjab,PB,State,North,2013,AoM,Insult to Modesty,67,0.51,27743338,13103054,75.84,False,False,ok,True
Punjab,PB,State,North,2014,AoM,Insult to Modesty,344,2.63,27743338,13103054,75.84,False,False,ok,True
Punjab,PB,State,North,2015,AoM,Insult to Modesty,400,3.05,27743338,13103054,75.84,False,False,ok,True
Punjab,PB,State,North,2016,AoM,Insult to Modesty,325,2.48,27743338,13103054,75.84,False,False,ok,True
Punjab,PB,State,North,2017,AoM,Insult to Modesty,22,0.17,27743338,13103054,75.84,False,False,ok,True
Punjab,PB,State,North,2018,AoM,Insult to Modesty,19,0.15,27743338,13103054,75.84,False,False,ok,True
Punjab,PB,State,North,2019,AoM,Insult to Modesty,35,0.27,27743338,13103054,75.84,False,False,ok,True
Punjab,PB,State,North,2020,AoM,Insult to Modesty,28,0.21,27743338,13103054,75.84,False,False,ok,True
Punjab,PB,State,North,2021,AoM,Insult to Modesty,39,0.3,27743338,13103054,75.84,False,False,ok,True
Rajasthan,RJ,State,North,2001,AoM,Insult to Modesty,56,0.17,68548437,32994268,66.11,False,False,ok,True
Rajasthan,RJ,State,North,2002,AoM,Insult to Modesty,44,0.13,68548437,32994268,66.11,False,False,ok,True
Rajasthan,RJ,State,North,2003,AoM,Insult to Modesty,33,0.1,68548437,32994268,66.11,False,False,ok,True
Rajasthan,RJ,State,North,2004,AoM,Insult to Modesty,41,0.12,68548437,32994268,66.11,False,False,ok,True
Rajasthan,RJ,State,North,2005,AoM,Insult to Modesty,28,0.08,68548437,32994268,66.11,False,False,ok,True
Rajasthan,RJ,State,North,2006,AoM,Insult to Modesty,31,0.09,68548437,32994268,66.11,False,False,ok,True
Rajasthan,RJ,State,North,2007,AoM,Insult to Modesty,28,0.08,68548437,32994268,66.11,False,False,ok,True
Rajasthan,RJ,State,North,2008,AoM,Insult to Modesty,19,0.06,68548437,32994268,66.11,False,False,ok,True
Rajasthan,RJ,State,North,2009,AoM,Insult to Modesty,24,0.07,68548437,32994268,66.11,False,False,ok,True
Rajasthan,RJ,State,North,2010,AoM,Insult to Modesty,23,0.07,68548437,32994268,66.11,False,False,ok,True
Rajasthan,RJ,State,North,2011,AoM,Insult to Modesty,9,0.03,68548437,32994268,66.11,False,False,ok,True
Rajasthan,RJ,State,North,2012,AoM,Insult to Modesty,18,0.05,68548437,32994268,66.11,False,False,ok,True
Rajasthan,RJ,State,North,2013,AoM,Insult to Modesty,25,0.08,68548437,32994268,66.11,False,False,ok,True
Rajasthan,RJ,State,North,2014,AoM,Insult to Modesty,727,2.2,68548437,32994268,66.11,False,False,ok,True
Rajasthan,RJ,State,North,2015,AoM,Insult to Modesty,649,1.97,68548437,32994268,66.11,False,False,ok,True
Rajasthan,RJ,State,North,2016,AoM,Insult to Modesty,483,1.46,68548437,32994268,66.11,False,False,ok,True
Rajasthan,RJ,State,North,2017,AoM,Insult to Modesty,24,0.07,68548437,32994268,66.11,False,False,ok,True
Rajasthan,RJ,State,North,2018,AoM,Insult to Modesty,34,0.1,68548437,32994268,66.11,False,False,ok,True
Rajasthan,RJ,State,North,2019,AoM,Insult to Modesty,69,0.21,68548437,32994268,66.11,False,False,ok,True
Rajasthan,RJ,State,North,2020,AoM,Insult to Modesty,85,0.26,68548437,32994268,66.11,False,False,ok,True
Rajasthan,RJ,State,North,2021,AoM,Insult to Modesty,73,0.22,68548437,32994268,66.11,False,False,ok,True
Sikkim,SK,State,North East,2001,AoM,Insult to Modesty,14,4.87,610577,287520,81.42,False,False,ok,True
Sikkim,SK,State,North East,2002,AoM,Insult to Modesty,0,0.0,610577,287520,81.42,False,False,ok,True
Sikkim,SK,State,North East,2003,AoM,Insult to Modesty,0,0.0,610577,287520,81.42,False,False,ok,True
Sikkim,SK,State,North East,2004,AoM,Insult to Modesty,0,0.0,610577,287520,81.42,False,False,ok,True
Sikkim,SK,State,North East,2005,AoM,Insult to Modesty,0,0.0,610577,287520,81.42,False,False,ok,True
Sikkim,SK,State,North East,2006,AoM,Insult to Modesty,0,0.0,610577,287520,81.42,False,False,ok,True
Sikkim,SK,State,North East,2007,AoM,Insult to Modesty,0,0.0,610577,287520,81.42,False,False,ok,True
Sikkim,SK,State,North East,2008,AoM,Insult to Modesty,0,0.0,610577,287520,81.42,False,False,ok,True
Sikkim,SK,State,North East,2009,AoM,Insult to Modesty,0,0.0,610577,287520,81.42,False,False,ok,True
Sikkim,SK,State,North East,2010,AoM,Insult to Modesty,0,0.0,610577,287520,81.42,False,False,ok,True
Sikkim,SK,State,North East,2011,AoM,Insult to Modesty,0,0.0,610577,287520,81.42,False,False,ok,True
Sikkim,SK,State,North East,2012,AoM,Insult to Modesty,0,0.0,610577,287520,81.42,False,False,ok,True
Sikkim,SK,State,North East,2013,AoM,Insult to Modesty,0,0.0,610577,287520,81.42,False,False,ok,True
Sikkim,SK,State,North East,2014,AoM,Insult to Modesty,14,4.87,610577,287520,81.42,False,False,ok,True
Sikkim,SK,State,North East,2015,AoM,Insult to Modesty,5,1.74,610577,287520,81.42,False,False,ok,True
Sikkim,SK,State,North East,2016,AoM,Insult to Modesty,8,2.78,610577,287520,81.42,False,False,ok,True
Sikkim,SK,State,North East,2017,AoM,Insult to Modesty,7,2.43,610577,287520,81.42,False,False,ok,True
Sikkim,SK,State,North East,2018,AoM,Insult to Modesty,5,1.74,610577,287520,81.42,False,False,ok,True
Sikkim,SK,State,North East,2019,AoM,Insult to Modesty,2,0.7,610577,287520,81.42,False,False,ok,True
Sikkim,SK,State,North East,2020,AoM,Insult to Modesty,0,0.0,610577,287520,81.42,False,False,ok,True
Sikkim,SK,State,North East,2021,AoM,Insult to Modesty,0,0.0,610577,287520,81.42,False,False,ok,True
Tamil Nadu,TN,State,South,2001,AoM,Insult to Modesty,1012,2.81,72147030,36001223,80.09,False,False,ok,True
Tamil Nadu,TN,State,South,2002,AoM,Insult to Modesty,1718,4.77,72147030,36001223,80.09,False,False,ok,True
Tamil Nadu,TN,State,South,2003,AoM,Insult to Modesty,881,2.45,72147030,36001223,80.09,False,False,ok,True
Tamil Nadu,TN,State,South,2004,AoM,Insult to Modesty,1081,3.0,72147030,36001223,80.09,False,False,ok,True
Tamil Nadu,TN,State,South,2005,AoM,Insult to Modesty,665,1.85,72147030,36001223,80.09,False,False,ok,True
Tamil Nadu,TN,State,South,2006,AoM,Insult to Modesty,852,2.37,72147030,36001223,80.09,False,False,ok,True
Tamil Nadu,TN,State,South,2007,AoM,Insult to Modesty,875,2.43,72147030,36001223,80.09,False,False,ok,True
Tamil Nadu,TN,State,South,2008,AoM,Insult to Modesty,974,2.71,72147030,36001223,80.09,False,False,ok,True
Tamil Nadu,TN,State,South,2009,AoM,Insult to Modesty,501,1.39,72147030,36001223,80.09,False,False,ok,True
Tamil Nadu,TN,State,South,2010,AoM,Insult to Modesty,638,1.77,72147030,36001223,80.09,False,False,ok,True
Tamil Nadu,TN,State,South,2011,AoM,Insult to Modesty,464,1.29,72147030,36001223,80.09,False,False,ok,True
Tamil Nadu,TN,State,South,2012,AoM,Insult to Modesty,382,1.06,72147030,36001223,80.09,False,False,ok,True
Tamil Nadu,TN,State,South,2013,AoM,Insult to Modesty,313,0.87,72147030,36001223,80.09,False,False,ok,True
Tamil Nadu,TN,State,South,2014,AoM,Insult to Modesty,46,0.13,72147030,36001223,80.09,False,False,ok,True
Tamil Nadu,TN,State,South,2015,AoM,Insult to Modesty,197,0.55,72147030,36001223,80.09,False,False,ok,True
Tamil Nadu,TN,State,South,2016,AoM,Insult to Modesty,115,0.32,72147030,36001223,80.09,False,False,ok,True
Tamil Nadu,TN,State,South,2017,AoM,Insult to Modesty,9,0.02,72147030,36001223,80.09,False,False,ok,True
Tamil Nadu,TN,State,South,2018,AoM,Insult to Modesty,14,0.04,72147030,36001223,80.09,False,False,ok,True
Tamil Nadu,TN,State,South,2019,AoM,Insult to Modesty,7,0.02,72147030,36001223,80.09,False,False,ok,True
Tamil Nadu,TN,State,South,2020,AoM,Insult to Modesty,31,0.09,72147030,36001223,80.09,False,False,ok,True
Tamil Nadu,TN,State,South,2021,AoM,Insult to Modesty,32,0.09,72147030,36001223,80.09,False,False,ok,True
Telangana,TG,State,South,2011,AoM,Insult to Modesty,0,0.0,35193978,17490770,66.54,True,False,entity_not_formed,False
Telangana,TG,State,South,2012,AoM,Insult to Modesty,0,0.0,35193978,17490770,66.54,True,False,entity_not_formed,False
Telangana,TG,State,South,2013,AoM,Insult to Modesty,0,0.0,35193978,17490770,66.54,True,False,entity_not_formed,False
Telangana,TG,State,South,2014,AoM,Insult to Modesty,620,3.54,35193978,17490770,66.54,False,False,ok,True
Telangana,TG,State,South,2015,AoM,Insult to Modesty,620,3.54,35193978,17490770,66.54,False,False,ok,True
Telangana,TG,State,South,2016,AoM,Insult to Modesty,859,4.91,35193978,17490770,66.54,False,False,ok,True
Telangana,TG,State,South,2017,AoM,Insult to Modesty,1160,6.63,35193978,17490770,66.54,False,False,ok,True
Telangana,TG,State,South,2018,AoM,Insult to Modesty,878,5.02,35193978,17490770,66.54,False,False,ok,True
Telangana,TG,State,South,2019,AoM,Insult to Modesty,695,3.97,35193978,17490770,66.54,False,False,ok,True
Telangana,TG,State,South,2020,AoM,Insult to Modesty,565,3.23,35193978,17490770,66.54,False,False,ok,True
Telangana,TG,State,South,2021,AoM,Insult to Modesty,775,4.43,35193978,17490770,66.54,False,False,ok,True
Tripura,TR,State,North East,2001,AoM,Insult to Modesty,0,0.0,3673917,1799470,87.22,False,False,ok,True
Tripura,TR,State,North East,2002,AoM,Insult to Modesty,0,0.0,3673917,1799470,87.22,False,False,ok,True
Tripura,TR,State,North East,2003,AoM,Insult to Modesty,0,0.0,3673917,1799470,87.22,False,False,ok,True
Tripura,TR,State,North East,2004,AoM,Insult to Modesty,0,0.0,3673917,1799470,87.22,False,False,ok,True
Tripura,TR,State,North East,2005,AoM,Insult to Modesty,1,0.06,3673917,1799470,87.22,False,False,ok,True
Tripura,TR,State,North East,2006,AoM,Insult to Modesty,0,0.0,3673917,1799470,87.22,False,False,ok,True
Tripura,TR,State,North East,2007,AoM,Insult to Modesty,4,0.22,3673917,1799470,87.22,False,False,ok,True
Tripura,TR,State,North East,2008,AoM,Insult to Modesty,4,0.22,3673917,1799470,87.22,False,False,ok,True
Tripura,TR,State,North East,2009,AoM,Insult to Modesty,5,0.28,3673917,1799470,87.22,False,False,ok,True
Tripura,TR,State,North East,2010,AoM,Insult to Modesty,9,0.5,3673917,1799470,87.22,False,False,ok,True
Tripura,TR,State,North East,2011,AoM,Insult to Modesty,9,0.5,3673917,1799470,87.22,False,False,ok,True
Tripura,TR,State,North East,2012,AoM,Insult to Modesty,7,0.39,3673917,1799470,87.22,False,False,ok,True
Tripura,TR,State,North East,2013,AoM,Insult to Modesty,7,0.39,3673917,1799470,87.22,False,False,ok,True
Tripura,TR,State,North East,2014,AoM,Insult to Modesty,82,4.56,3673917,1799470,87.22,False,False,ok,True
Tripura,TR,State,North East,2015,AoM,Insult to Modesty,28,1.56,3673917,1799470,87.22,False,False,ok,True
Tripura,TR,State,North East,2016,AoM,Insult to Modesty,52,2.89,3673917,1799470,87.22,False,False,ok,True
Tripura,TR,State,North East,2017,AoM,Insult to Modesty,9,0.5,3673917,1799470,87.22,False,False,ok,True
Tripura,TR,State,North East,2018,AoM,Insult to Modesty,6,0.33,3673917,1799470,87.22,False,False,ok,True
Tripura,TR,State,North East,2019,AoM,Insult to Modesty,5,0.28,3673917,1799470,87.22,False,False,ok,True
Tripura,TR,State,North East,2020,AoM,Insult to Modesty,3,0.17,3673917,1799470,87.22,False,False,ok,True
Tripura,TR,State,North East,2021,AoM,Insult to Modesty,1,0.06,3673917,1799470,87.22,False,False,ok,True
Uttar Pradesh,UP,State,Central,2001,AoM,Insult to Modesty,2575,2.7,199812341,95307979,67.68,False,False,ok,True
Uttar Pradesh,UP,State,Central,2002,AoM,Insult to Modesty,1887,1.98,199812341,95307979,67.68,False,False,ok,True
Uttar Pradesh,UP,State,Central,2003,AoM,Insult to Modesty,4970,5.21,199812341,95307979,67.68,False,False,ok,True
Uttar Pradesh,UP,State,Central,2004,AoM,Insult to Modesty,2682,2.81,199812341,95307979,67.68,False,False,ok,True
Uttar Pradesh,UP,State,Central,2005,AoM,Insult to Modesty,2881,3.02,199812341,95307979,67.68,False,False,ok,True
Uttar Pradesh,UP,State,Central,2006,AoM,Insult to Modesty,2714,2.85,199812341,95307979,67.68,False,False,ok,True
Uttar Pradesh,UP,State,Central,2007,AoM,Insult to Modesty,2882,3.02,199812341,95307979,67.68,False,False,ok,True
Uttar Pradesh,UP,State,Central,2008,AoM,Insult to Modesty,3374,3.54,199812341,95307979,67.68,False,False,ok,True
Uttar Pradesh,UP,State,Central,2009,AoM,Insult to Modesty,2524,2.65,199812341,95307979,67.68,False,False,ok,True
Uttar Pradesh,UP,State,Central,2010,AoM,Insult to Modesty,11,0.01,199812341,95307979,67.68,False,False,ok,True
Uttar Pradesh,UP,State,Central,2011,AoM,Insult to Modesty,3,0.0,199812341,95307979,67.68,False,False,ok,True
Uttar Pradesh,UP,State,Central,2012,AoM,Insult to Modesty,8,0.01,199812341,95307979,67.68,False,False,ok,True
Uttar Pradesh,UP,State,Central,2013,AoM,Insult to Modesty,25,0.03,199812341,95307979,67.68,False,False,ok,True
Uttar Pradesh,UP,State,Central,2014,AoM,Insult to Modesty,4435,4.65,199812341,95307979,67.68,False,False,ok,True
Uttar Pradesh,UP,State,Central,2015,AoM,Insult to Modesty,5925,6.22,199812341,95307979,67.68,False,False,ok,True
Uttar Pradesh,UP,State,Central,2016,AoM,Insult to Modesty,9422,9.89,199812341,95307979,67.68,False,False,ok,True
Uttar Pradesh,UP,State,Central,2017,AoM,Insult to Modesty,91,0.1,199812341,95307979,67.68,False,False,ok,True
Uttar Pradesh,UP,State,Central,2018,AoM,Insult to Modesty,17,0.02,199812341,95307979,67.68,False,False,ok,True
Uttar Pradesh,UP,State,Central,2019,AoM,Insult to Modesty,42,0.04,199812341,95307979,67.68,False,False,ok,True
Uttar Pradesh,UP,State,Central,2020,AoM,Insult to Modesty,28,0.03,199812341,95307979,67.68,False,False,ok,True
Uttar Pradesh,UP,State,Central,2021,AoM,Insult to Modesty,27,0.03,199812341,95307979,67.68,False,False,ok,True
Uttarakhand,UK,State,North,2001,AoM,Insult to Modesty,84,1.7,10086292,4948089,78.82,False,False,ok,True
Uttarakhand,UK,State,North,2002,AoM,Insult to Modesty,97,1.96,10086292,4948089,78.82,False,False,ok,True
Uttarakhand,UK,State,North,2003,AoM,Insult to Modesty,98,1.98,10086292,4948089,78.82,False,False,ok,True
Uttarakhand,UK,State,North,2004,AoM,Insult to Modesty,110,2.22,10086292,4948089,78.82,False,False,ok,True
Uttarakhand,UK,State,North,2005,AoM,Insult to Modesty,89,1.8,10086292,4948089,78.82,False,False,ok,True
Uttarakhand,UK,State,North,2006,AoM,Insult to Modesty,113,2.28,10086292,4948089,78.82,False,False,ok,True
Uttarakhand,UK,State,North,2007,AoM,Insult to Modesty,63,1.27,10086292,4948089,78.82,False,False,ok,True
Uttarakhand,UK,State,North,2008,AoM,Insult to Modesty,306,6.18,10086292,4948089,78.82,False,False,ok,True
Uttarakhand,UK,State,North,2009,AoM,Insult to Modesty,249,5.03,10086292,4948089,78.82,False,False,ok,True
Uttarakhand,UK,State,North,2010,AoM,Insult to Modesty,165,3.33,10086292,4948089,78.82,False,False,ok,True
Uttarakhand,UK,State,North,2011,AoM,Insult to Modesty,72,1.46,10086292,4948089,78.82,False,False,ok,True
Uttarakhand,UK,State,North,2012,AoM,Insult to Modesty,73,1.48,10086292,4948089,78.82,False,False,ok,True
Uttarakhand,UK,State,North,2013,AoM,Insult to Modesty,72,1.46,10086292,4948089,78.82,False,False,ok,True
Uttarakhand,UK,State,North,2014,AoM,Insult to Modesty,22,0.44,10086292,4948089,78.82,False,False,ok,True
Uttarakhand,UK,State,North,2015,AoM,Insult to Modesty,51,1.03,10086292,4948089,78.82,False,False,ok,True
Uttarakhand,UK,State,North,2016,AoM,Insult to Modesty,35,0.71,10086292,4948089,78.82,False,False,ok,True
Uttarakhand,UK,State,North,2017,AoM,Insult to Modesty,4,0.08,10086292,4948089,78.82,False,False,ok,True
Uttarakhand,UK,State,North,2018,AoM,Insult to Modesty,8,0.16,10086292,4948089,78.82,False,False,ok,True
Uttarakhand,UK,State,North,2019,AoM,Insult to Modesty,10,0.2,10086292,4948089,78.82,False,False,ok,True
Uttarakhand,UK,State,North,2020,AoM,Insult to Modesty,43,0.87,10086292,4948089,78.82,False,False,ok,True
Uttarakhand,UK,State,North,2021,AoM,Insult to Modesty,13,0.26,10086292,4948089,78.82,False,False,ok,True
West Bengal,WB,State,East,2001,AoM,Insult to Modesty,48,0.11,91276115,44467851,76.26,False,False,ok,True
West Bengal,WB,State,East,2002,AoM,Insult to Modesty,34,0.08,91276115,44467851,76.26,False,False,ok,True
West Bengal,WB,State,East,2003,AoM,Insult to Modesty,71,0.16,91276115,44467851,76.26,False,False,ok,True
West Bengal,WB,State,East,2004,AoM,Insult to Modesty,64,0.14,91276115,44467851,76.26,False,False,ok,True
West Bengal,WB,State,East,2005,AoM,Insult to Modesty,54,0.12,91276115,44467851,76.26,False,False,ok,True
West Bengal,WB,State,East,2006,AoM,Insult to Modesty,63,0.14,91276115,44467851,76.26,False,False,ok,True
West Bengal,WB,State,East,2007,AoM,Insult to Modesty,99,0.22,91276115,44467851,76.26,False,False,ok,True
West Bengal,WB,State,East,2008,AoM,Insult to Modesty,94,0.21,91276115,44467851,76.26,False,False,ok,True
West Bengal,WB,State,East,2009,AoM,Insult to Modesty,108,0.24,91276115,44467851,76.26,False,False,ok,True
West Bengal,WB,State,East,2010,AoM,Insult to Modesty,163,0.37,91276115,44467851,76.26,False,False,ok,True
West Bengal,WB,State,East,2011,AoM,Insult to Modesty,200,0.45,91276115,44467851,76.26,False,False,ok,True
West Bengal,WB,State,East,2012,AoM,Insult to Modesty,556,1.25,91276115,44467851,76.26,False,False,ok,True
West Bengal,WB,State,East,2013,AoM,Insult to Modesty,577,1.3,91276115,44467851,76.26,False,False,ok,True
West Bengal,WB,State,East,2014,AoM,Insult to Modesty,1045,2.35,91276115,44467851,76.26,False,False,ok,True
West Bengal,WB,State,East,2015,AoM,Insult to Modesty,674,1.52,91276115,44467851,76.26,False,False,ok,True
West Bengal,WB,State,East,2016,AoM,Insult to Modesty,663,1.49,91276115,44467851,76.26,False,False,ok,True
West Bengal,WB,State,East,2017,AoM,Insult to Modesty,448,1.01,91276115,44467851,76.26,False,False,ok,True
West Bengal,WB,State,East,2018,AoM,Insult to Modesty,391,0.88,91276115,44467851,76.26,False,False,ok,True
West Bengal,WB,State,East,2019,AoM,Insult to Modesty,391,0.88,91276115,44467851,76.26,False,False,ok,True
West Bengal,WB,State,East,2020,AoM,Insult to Modesty,446,1.0,91276115,44467851,76.26,False,False,ok,True
West Bengal,WB,State,East,2021,AoM,Insult to Modesty,424,0.95,91276115,44467851,76.26,False,False,ok,True
A & N Islands,AN,Union Territory,Islands,2001,DD,Dowry Deaths,0,0.0,380581,177713,86.63,False,False,ok,True
A & N Islands,AN,Union Territory,Islands,2002,DD,Dowry Deaths,0,0.0,380581,177713,86.63,False,False,ok,True
A & N Islands,AN,Union Territory,Islands,2003,DD,Dowry Deaths,0,0.0,380581,177713,86.63,False,False,ok,True
A & N Islands,AN,Union Territory,Islands,2004,DD,Dowry Deaths,0,0.0,380581,177713,86.63,False,False,ok,True
A & N Islands,AN,Union Territory,Islands,2005,DD,Dowry Deaths,0,0.0,380581,177713,86.63,False,False,ok,True
A & N Islands,AN,Union Territory,Islands,2006,DD,Dowry Deaths,0,0.0,380581,177713,86.63,False,False,ok,True
A & N Islands,AN,Union Territory,Islands,2007,DD,Dowry Deaths,1,0.56,380581,177713,86.63,False,False,ok,True
A & N Islands,AN,Union Territory,Islands,2008,DD,Dowry Deaths,2,1.13,380581,177713,86.63,False,False,ok,True
A & N Islands,AN,Union Territory,Islands,2009,DD,Dowry Deaths,1,0.56,380581,177713,86.63,False,False,ok,True
A & N Islands,AN,Union Territory,Islands,2010,DD,Dowry Deaths,0,0.0,380581,177713,86.63,False,False,ok,True
A & N Islands,AN,Union Territory,Islands,2011,DD,Dowry Deaths,0,0.0,380581,177713,86.63,False,False,ok,True
A & N Islands,AN,Union Territory,Islands,2012,DD,Dowry Deaths,2,1.13,380581,177713,86.63,False,False,ok,True
A & N Islands,AN,Union Territory,Islands,2013,DD,Dowry Deaths,1,0.56,380581,177713,86.63,False,False,ok,True
A & N Islands,AN,Union Territory,Islands,2014,DD,Dowry Deaths,0,0.0,380581,177713,86.63,False,False,ok,True
A & N Islands,AN,Union Territory,Islands,2015,DD,Dowry Deaths,0,0.0,380581,177713,86.63,False,False,ok,True
A & N Islands,AN,Union Territory,Islands,2016,DD,Dowry Deaths,0,0.0,380581,177713,86.63,False,False,ok,True
A & N Islands,AN,Union Territory,Islands,2017,DD,Dowry Deaths,1,0.56,380581,177713,86.63,False,False,ok,True
A & N Islands,AN,Union Territory,Islands,2018,DD,Dowry Deaths,0,0.0,380581,177713,86.63,False,False,ok,True
A & N Islands,AN,Union Territory,Islands,2019,DD,Dowry Deaths,0,0.0,380581,177713,86.63,False,False,ok,True
A & N Islands,AN,Union Territory,Islands,2020,DD,Dowry Deaths,0,0.0,380581,177713,86.63,False,False,ok,True
A & N Islands,AN,Union Territory,Islands,2021,DD,Dowry Deaths,1,0.56,380581,177713,86.63,False,False,ok,True
Andhra Pradesh,AP,State,South,2001,DD,Dowry Deaths,420,1.71,49386799,24606669,67.02,False,False,ok,True
Andhra Pradesh,AP,State,South,2002,DD,Dowry Deaths,449,1.82,49386799,24606669,67.02,False,False,ok,True
Andhra Pradesh,AP,State,South,2003,DD,Dowry Deaths,466,1.89,49386799,24606669,67.02,False,False,ok,True
Andhra Pradesh,AP,State,South,2004,DD,Dowry Deaths,512,2.08,49386799,24606669,67.02,False,False,ok,True
Andhra Pradesh,AP,State,South,2005,DD,Dowry Deaths,443,1.8,49386799,24606669,67.02,False,False,ok,True
Andhra Pradesh,AP,State,South,2006,DD,Dowry Deaths,519,2.11,49386799,24606669,67.02,False,False,ok,True
Andhra Pradesh,AP,State,South,2007,DD,Dowry Deaths,613,2.49,49386799,24606669,67.02,False,False,ok,True
Andhra Pradesh,AP,State,South,2008,DD,Dowry Deaths,556,2.26,49386799,24606669,67.02,False,False,ok,True
Andhra Pradesh,AP,State,South,2009,DD,Dowry Deaths,546,2.22,49386799,24606669,67.02,False,False,ok,True
Andhra Pradesh,AP,State,South,2010,DD,Dowry Deaths,588,2.39,49386799,24606669,67.02,False,False,ok,True
Andhra Pradesh,AP,State,South,2011,DD,Dowry Deaths,599,2.43,49386799,24606669,67.02,False,False,ok,True
Andhra Pradesh,AP,State,South,2012,DD,Dowry Deaths,504,2.05,49386799,24606669,67.02,False,False,ok,True
Andhra Pradesh,AP,State,South,2013,DD,Dowry Deaths,492,2.0,49386799,24606669,67.02,False,False,ok,True
Andhra Pradesh,AP,State,South,2014,DD,Dowry Deaths,468,1.9,49386799,24606669,67.02,False,False,ok,True
Andhra Pradesh,AP,State,South,2015,DD,Dowry Deaths,174,0.71,49386799,24606669,67.02,False,False,ok,True
Andhra Pradesh,AP,State,South,2016,DD,Dowry Deaths,193,0.78,49386799,24606669,67.02,False,False,ok,True
Andhra Pradesh,AP,State,South,2017,DD,Dowry Deaths,152,0.62,49386799,24606669,67.02,False,False,ok,True
Andhra Pradesh,AP,State,South,2018,DD,Dowry Deaths,140,0.57,49386799,24606669,67.02,False,False,ok,True
Andhra Pradesh,AP,State,South,2019,DD,Dowry Deaths,112,0.46,49386799,24606669,67.02,False,False,ok,True
Andhra Pradesh,AP,State,South,2020,DD,Dowry Deaths,111,0.45,49386799,24606669,67.02,False,False,ok,True
Andhra Pradesh,AP,State,South,2021,DD,Dowry Deaths,108,0.44,49386799,24606669,67.02,False,False,ok,True
Arunachal Pradesh,AR,State,North East,2001,DD,Dowry Deaths,0,0.0,1383727,669730,65.38,False,False,ok,True
Arunachal Pradesh,AR,State,North East,2002,DD,Dowry Deaths,0,0.0,1383727,669730,65.38,False,False,ok,True
Arunachal Pradesh,AR,State,North East,2003,DD,Dowry Deaths,0,0.0,1383727,669730,65.38,False,False,ok,True
Arunachal Pradesh,AR,State,North East,2004,DD,Dowry Deaths,0,0.0,1383727,669730,65.38,False,False,ok,True
Arunachal Pradesh,AR,State,North East,2005,DD,Dowry Deaths,0,0.0,1383727,669730,65.38,False,False,ok,True
Arunachal Pradesh,AR,State,North East,2006,DD,Dowry Deaths,1,0.15,1383727,669730,65.38,False,False,ok,True
Arunachal Pradesh,AR,State,North East,2007,DD,Dowry Deaths,0,0.0,1383727,669730,65.38,False,False,ok,True
Arunachal Pradesh,AR,State,North East,2008,DD,Dowry Deaths,0,0.0,1383727,669730,65.38,False,False,ok,True
Arunachal Pradesh,AR,State,North East,2009,DD,Dowry Deaths,0,0.0,1383727,669730,65.38,False,False,ok,True
Arunachal Pradesh,AR,State,North East,2010,DD,Dowry Deaths,0,0.0,1383727,669730,65.38,False,False,ok,True
Arunachal Pradesh,AR,State,North East,2011,DD,Dowry Deaths,0,0.0,1383727,669730,65.38,False,False,ok,True
Arunachal Pradesh,AR,State,North East,2012,DD,Dowry Deaths,1,0.15,1383727,669730,65.38,False,False,ok,True
Arunachal Pradesh,AR,State,North East,2013,DD,Dowry Deaths,0,0.0,1383727,669730,65.38,False,False,ok,True
Arunachal Pradesh,AR,State,North East,2014,DD,Dowry Deaths,0,0.0,1383727,669730,65.38,False,False,ok,True
Arunachal Pradesh,AR,State,North East,2015,DD,Dowry Deaths,0,0.0,1383727,669730,65.38,False,False,ok,True
Arunachal Pradesh,AR,State,North East,2016,DD,Dowry Deaths,1,0.15,1383727,669730,65.38,False,False,ok,True
Arunachal Pradesh,AR,State,North East,2017,DD,Dowry Deaths,0,0.0,1383727,669730,65.38,False,False,ok,True
Arunachal Pradesh,AR,State,North East,2018,DD,Dowry Deaths,0,0.0,1383727,669730,65.38,False,False,ok,True
Arunachal Pradesh,AR,State,North East,2019,DD,Dowry Deaths,1,0.15,1383727,669730,65.38,False,False,ok,True
Arunachal Pradesh,AR,State,North East,2020,DD,Dowry Deaths,0,0.0,1383727,669730,65.38,False,False,ok,True
Arunachal Pradesh,AR,State,North East,2021,DD,Dowry Deaths,0,0.0,1383727,669730,65.38,False,False,ok,True
Assam,AS,State,North East,2001,DD,Dowry Deaths,59,0.39,31205576,15268101,72.19,False,False,ok,True
Assam,AS,State,North East,2002,DD,Dowry Deaths,70,0.46,31205576,15268101,72.19,False,False,ok,True
Assam,AS,State,North East,2003,DD,Dowry Deaths,60,0.39,31205576,15268101,72.19,False,False,ok,True
Assam,AS,State,North East,2004,DD,Dowry Deaths,74,0.48,31205576,15268101,72.19,False,False,ok,True
Assam,AS,State,North East,2005,DD,Dowry Deaths,99,0.65,31205576,15268101,72.19,False,False,ok,True
Assam,AS,State,North East,2006,DD,Dowry Deaths,105,0.69,31205576,15268101,72.19,False,False,ok,True
Assam,AS,State,North East,2007,DD,Dowry Deaths,100,0.65,31205576,15268101,72.19,False,False,ok,True
Assam,AS,State,North East,2008,DD,Dowry Deaths,103,0.67,31205576,15268101,72.19,False,False,ok,True
Assam,AS,State,North East,2009,DD,Dowry Deaths,170,1.11,31205576,15268101,72.19,False,False,ok,True
Assam,AS,State,North East,2010,DD,Dowry Deaths,175,1.15,31205576,15268101,72.19,False,False,ok,True
Assam,AS,State,North East,2011,DD,Dowry Deaths,121,0.79,31205576,15268101,72.19,False,False,ok,True
Assam,AS,State,North East,2012,DD,Dowry Deaths,140,0.92,31205576,15268101,72.19,False,False,ok,True
Assam,AS,State,North East,2013,DD,Dowry Deaths,170,1.11,31205576,15268101,72.19,False,False,ok,True
Assam,AS,State,North East,2014,DD,Dowry Deaths,92,0.6,31205576,15268101,72.19,False,False,ok,True
Assam,AS,State,North East,2015,DD,Dowry Deaths,216,1.41,31205576,15268101,72.19,False,False,ok,True
Assam,AS,State,North East,2016,DD,Dowry Deaths,157,1.03,31205576,15268101,72.19,False,False,ok,True
Assam,AS,State,North East,2017,DD,Dowry Deaths,171,1.12,31205576,15268101,72.19,False,False,ok,True
Assam,AS,State,North East,2018,DD,Dowry Deaths,173,1.13,31205576,15268101,72.19,False,False,ok,True
Assam,AS,State,North East,2019,DD,Dowry Deaths,156,1.02,31205576,15268101,72.19,False,False,ok,True
Assam,AS,State,North East,2020,DD,Dowry Deaths,148,0.97,31205576,15268101,72.19,False,False,ok,True
Assam,AS,State,North East,2021,DD,Dowry Deaths,198,1.3,31205576,15268101,72.19,False,False,ok,True
Bihar,BR,State,East,2001,DD,Dowry Deaths,859,1.72,104099452,49824451,61.8,False,False,ok,True
Bihar,BR,State,East,2002,DD,Dowry Deaths,927,1.86,104099452,49824451,61.8,False,False,ok,True
Bihar,BR,State,East,2003,DD,Dowry Deaths,909,1.82,104099452,49824451,61.8,False,False,ok,True
Bihar,BR,State,East,2004,DD,Dowry Deaths,1029,2.07,104099452,49824451,61.8,False,False,ok,True
Bihar,BR,State,East,2005,DD,Dowry Deaths,1014,2.04,104099452,49824451,61.8,False,False,ok,True
Bihar,BR,State,East,2006,DD,Dowry Deaths,1188,2.38,104099452,49824451,61.8,False,False,ok,True
Bihar,BR,State,East,2007,DD,Dowry Deaths,1172,2.35,104099452,49824451,61.8,False,False,ok,True
Bihar,BR,State,East,2008,DD,Dowry Deaths,1210,2.43,104099452,49824451,61.8,False,False,ok,True
Bihar,BR,State,East,2009,DD,Dowry Deaths,1295,2.6,104099452,49824451,61.8,False,False,ok,True
Bihar,BR,State,East,2010,DD,Dowry Deaths,1257,2.52,104099452,49824451,61.8,False,False,ok,True
Bihar,BR,State,East,2011,DD,Dowry Deaths,1413,2.84,104099452,49824451,61.8,False,False,ok,True
Bihar,BR,State,East,2012,DD,Dowry Deaths,1275,2.56,104099452,49824451,61.8,False,False,ok,True
Bihar,BR,State,East,2013,DD,Dowry Deaths,1182,2.37,104099452,49824451,61.8,False,False,ok,True
Bihar,BR,State,East,2014,DD,Dowry Deaths,2203,4.42,104099452,49824451,61.8,False,False,ok,True
Bihar,BR,State,East,2015,DD,Dowry Deaths,1154,2.32,104099452,49824451,61.8,False,False,ok,True
Bihar,BR,State,East,2016,DD,Dowry Deaths,987,1.98,104099452,49824451,61.8,False,False,ok,True
Bihar,BR,State,East,2017,DD,Dowry Deaths,1081,2.17,104099452,49824451,61.8,False,False,ok,True
Bihar,BR,State,East,2018,DD,Dowry Deaths,1107,2.22,104099452,49824451,61.8,False,False,ok,True
Bihar,BR,State,East,2019,DD,Dowry Deaths,1120,2.25,104099452,49824451,61.8,False,False,ok,True
Bihar,BR,State,East,2020,DD,Dowry Deaths,1046,2.1,104099452,49824451,61.8,False,False,ok,True
Bihar,BR,State,East,2021,DD,Dowry Deaths,1000,2.01,104099452,49824451,61.8,False,False,ok,True
Chandigarh,CH,Union Territory,North,2001,DD,Dowry Deaths,3,0.63,1055450,474894,86.05,False,False,ok,True
Chandigarh,CH,Union Territory,North,2002,DD,Dowry Deaths,1,0.21,1055450,474894,86.05,False,False,ok,True
Chandigarh,CH,Union Territory,North,2003,DD,Dowry Deaths,1,0.21,1055450,474894,86.05,False,False,ok,True
Chandigarh,CH,Union Territory,North,2004,DD,Dowry Deaths,6,1.26,1055450,474894,86.05,False,False,ok,True
Chandigarh,CH,Union Territory,North,2005,DD,Dowry Deaths,3,0.63,1055450,474894,86.05,False,False,ok,True
Chandigarh,CH,Union Territory,North,2006,DD,Dowry Deaths,10,2.11,1055450,474894,86.05,False,False,ok,True
Chandigarh,CH,Union Territory,North,2007,DD,Dowry Deaths,1,0.21,1055450,474894,86.05,False,False,ok,True
Chandigarh,CH,Union Territory,North,2008,DD,Dowry Deaths,3,0.63,1055450,474894,86.05,False,False,ok,True
Chandigarh,CH,Union Territory,North,2009,DD,Dowry Deaths,2,0.42,1055450,474894,86.05,False,False,ok,True
Chandigarh,CH,Union Territory,North,2010,DD,Dowry Deaths,5,1.05,1055450,474894,86.05,False,False,ok,True
Chandigarh,CH,Union Territory,North,2011,DD,Dowry Deaths,2,0.42,1055450,474894,86.05,False,False,ok,True
Chandigarh,CH,Union Territory,North,2012,DD,Dowry Deaths,5,1.05,1055450,474894,86.05,False,False,ok,True
Chandigarh,CH,Union Territory,North,2013,DD,Dowry Deaths,1,0.21,1055450,474894,86.05,False,False,ok,True
Chandigarh,CH,Union Territory,North,2014,DD,Dowry Deaths,2,0.42,1055450,474894,86.05,False,False,ok,True
Chandigarh,CH,Union Territory,North,2015,DD,Dowry Deaths,5,1.05,1055450,474894,86.05,False,False,ok,True
Chandigarh,CH,Union Territory,North,2016,DD,Dowry Deaths,4,0.84,1055450,474894,86.05,False,False,ok,True
Chandigarh,CH,Union Territory,North,2017,DD,Dowry Deaths,1,0.21,1055450,474894,86.05,False,False,ok,True
Chandigarh,CH,Union Territory,North,2018,DD,Dowry Deaths,6,1.26,1055450,474894,86.05,False,False,ok,True
Chandigarh,CH,Union Territory,North,2019,DD,Dowry Deaths,6,1.26,1055450,474894,86.05,False,False,ok,True
Chandigarh,CH,Union Territory,North,2020,DD,Dowry Deaths,1,0.21,1055450,474894,86.05,False,False,ok,True
Chandigarh,CH,Union Territory,North,2021,DD,Dowry Deaths,4,0.84,1055450,474894,86.05,False,False,ok,True
Chhattisgarh,CG,State,Central,2001,DD,Dowry Deaths,70,0.55,25545198,12714862,70.28,False,False,ok,True
Chhattisgarh,CG,State,Central,2002,DD,Dowry Deaths,85,0.67,25545198,12714862,70.28,False,False,ok,True
Chhattisgarh,CG,State,Central,2003,DD,Dowry Deaths,79,0.62,25545198,12714862,70.28,False,False,ok,True
Chhattisgarh,CG,State,Central,2004,DD,Dowry Deaths,71,0.56,25545198,12714862,70.28,False,False,ok,True
Chhattisgarh,CG,State,Central,2005,DD,Dowry Deaths,100,0.79,25545198,12714862,70.28,False,False,ok,True
Chhattisgarh,CG,State,Central,2006,DD,Dowry Deaths,103,0.81,25545198,12714862,70.28,False,False,ok,True
Chhattisgarh,CG,State,Central,2007,DD,Dowry Deaths,100,0.79,25545198,12714862,70.28,False,False,ok,True
Chhattisgarh,CG,State,Central,2008,DD,Dowry Deaths,106,0.83,25545198,12714862,70.28,False,False,ok,True
Chhattisgarh,CG,State,Central,2009,DD,Dowry Deaths,128,1.01,25545198,12714862,70.28,False,False,ok,True
Chhattisgarh,CG,State,Central,2010,DD,Dowry Deaths,115,0.9,25545198,12714862,70.28,False,False,ok,True
Chhattisgarh,CG,State,Central,2011,DD,Dowry Deaths,104,0.82,25545198,12714862,70.28,False,False,ok,True
Chhattisgarh,CG,State,Central,2012,DD,Dowry Deaths,81,0.64,25545198,12714862,70.28,False,False,ok,True
Chhattisgarh,CG,State,Central,2013,DD,Dowry Deaths,109,0.86,25545198,12714862,70.28,False,False,ok,True
Chhattisgarh,CG,State,Central,2014,DD,Dowry Deaths,8,0.06,25545198,12714862,70.28,False,False,ok,True
Chhattisgarh,CG,State,Central,2015,DD,Dowry Deaths,89,0.7,25545198,12714862,70.28,False,False,ok,True
Chhattisgarh,CG,State,Central,2016,DD,Dowry Deaths,84,0.66,25545198,12714862,70.28,False,False,ok,True
Chhattisgarh,CG,State,Central,2017,DD,Dowry Deaths,74,0.58,25545198,12714862,70.28,False,False,ok,True
Chhattisgarh,CG,State,Central,2018,DD,Dowry Deaths,79,0.62,25545198,12714862,70.28,False,False,ok,True
Chhattisgarh,CG,State,Central,2019,DD,Dowry Deaths,76,0.6,25545198,12714862,70.28,False,False,ok,True
Chhattisgarh,CG,State,Central,2020,DD,Dowry Deaths,71,0.56,25545198,12714862,70.28,False,False,ok,True
Chhattisgarh,CG,State,Central,2021,DD,Dowry Deaths,65,0.51,25545198,12714862,70.28,False,False,ok,True
D & N Haveli and Daman & Diu,DN,Union Territory,West,2001,DD,Dowry Deaths,0,0.0,586956,242902,79.55,False,False,ok,True
D & N Haveli and Daman & Diu,DN,Union Territory,West,2002,DD,Dowry Deaths,0,0.0,586956,242902,79.55,False,False,ok,True
D & N Haveli and Daman & Diu,DN,Union Territory,West,2003,DD,Dowry Deaths,1,0.41,586956,242902,79.55,False,False,ok,True
D & N Haveli and Daman & Diu,DN,Union Territory,West,2004,DD,Dowry Deaths,0,0.0,586956,242902,79.55,False,False,ok,True
D & N Haveli and Daman & Diu,DN,Union Territory,West,2005,DD,Dowry Deaths,1,0.41,586956,242902,79.55,False,False,ok,True
D & N Haveli and Daman & Diu,DN,Union Territory,West,2006,DD,Dowry Deaths,1,0.41,586956,242902,79.55,False,False,ok,True
D & N Haveli and Daman & Diu,DN,Union Territory,West,2007,DD,Dowry Deaths,1,0.41,586956,242902,79.55,False,False,ok,True
D & N Haveli and Daman & Diu,DN,Union Territory,West,2008,DD,Dowry Deaths,0,0.0,586956,242902,79.55,False,False,ok,True
D & N Haveli and Daman & Diu,DN,Union Territory,West,2009,DD,Dowry Deaths,0,0.0,586956,242902,79.55,False,False,ok,True
D & N Haveli and Daman & Diu,DN,Union Territory,West,2010,DD,Dowry Deaths,0,0.0,586956,242902,79.55,False,False,ok,True
D & N Haveli and Daman & Diu,DN,Union Territory,West,2011,DD,Dowry Deaths,0,0.0,586956,242902,79.55,False,False,ok,True
D & N Haveli and Daman & Diu,DN,Union Territory,West,2012,DD,Dowry Deaths,0,0.0,586956,242902,79.55,False,False,ok,True
D & N Haveli and Daman & Diu,DN,Union Territory,West,2013,DD,Dowry Deaths,0,0.0,586956,242902,79.55,False,False,ok,True
D & N Haveli and Daman & Diu,DN,Union Territory,West,2014,DD,Dowry Deaths,0,0.0,586956,242902,79.55,False,False,ok,True
D & N Haveli and Daman & Diu,DN,Union Territory,West,2015,DD,Dowry Deaths,1,0.41,586956,242902,79.55,False,False,ok,True
D & N Haveli and Daman & Diu,DN,Union Territory,West,2016,DD,Dowry Deaths,0,0.0,586956,242902,79.55,False,False,ok,True
D & N Haveli and Daman & Diu,DN,Union Territory,West,2017,DD,Dowry Deaths,0,0.0,586956,242902,79.55,False,False,ok,True
D & N Haveli and Daman & Diu,DN,Union Territory,West,2018,DD,Dowry Deaths,0,0.0,586956,242902,79.55,False,False,ok,True
D & N Haveli and Daman & Diu,DN,Union Territory,West,2019,DD,Dowry Deaths,5,2.06,586956,242902,79.55,False,False,ok,True
D & N Haveli and Daman & Diu,DN,Union Territory,West,2020,DD,Dowry Deaths,1,0.41,586956,242902,79.55,False,False,ok,True
D & N Haveli and Daman & Diu,DN,Union Territory,West,2021,DD,Dowry Deaths,0,0.0,586956,242902,79.55,False,False,ok,True
Delhi UT,DL,Union Territory,North,2011,DD,Dowry Deaths,142,1.82,16787941,7800821,86.21,False,False,ok,True
Delhi UT,DL,Union Territory,North,2012,DD,Dowry Deaths,134,1.72,16787941,7800821,86.21,False,False,ok,True
Delhi UT,DL,Union Territory,North,2013,DD,Dowry Deaths,144,1.85,16787941,7800821,86.21,False,False,ok,True
Delhi UT,DL,Union Territory,North,2014,DD,Dowry Deaths,13,0.17,16787941,7800821,86.21,False,False,ok,True
Delhi UT,DL,Union Territory,North,2015,DD,Dowry Deaths,122,1.56,16787941,7800821,86.21,False,False,ok,True
Delhi UT,DL,Union Territory,North,2016,DD,Dowry Deaths,162,2.08,16787941,7800821,86.21,False,False,ok,True
Delhi UT,DL,Union Territory,North,2017,DD,Dowry Deaths,120,1.54,16787941,7800821,86.21,False,False,ok,True
Delhi UT,DL,Union Territory,North,2018,DD,Dowry Deaths,153,1.96,16787941,7800821,86.21,False,False,ok,True
Delhi UT,DL,Union Territory,North,2019,DD,Dowry Deaths,116,1.49,16787941,7800821,86.21,False,False,ok,True
Delhi UT,DL,Union Territory,North,2020,DD,Dowry Deaths,110,1.41,16787941,7800821,86.21,False,False,ok,True
Delhi UT,DL,Union Territory,North,2021,DD,Dowry Deaths,141,1.81,16787941,7800821,86.21,False,False,ok,True
Goa,GA,State,West,2001,DD,Dowry Deaths,2,0.28,1458545,719293,88.7,False,False,ok,True
Goa,GA,State,West,2002,DD,Dowry Deaths,2,0.28,1458545,719293,88.7,False,False,ok,True
Goa,GA,State,West,2003,DD,Dowry Deaths,2,0.28,1458545,719293,88.7,False,False,ok,True
Goa,GA,State,West,2004,DD,Dowry Deaths,2,0.28,1458545,719293,88.7,False,False,ok,True
Goa,GA,State,West,2005,DD,Dowry Deaths,2,0.28,1458545,719293,88.7,False,False,ok,True
Goa,GA,State,West,2006,DD,Dowry Deaths,0,0.0,1458545,719293,88.7,False,False,ok,True
Goa,GA,State,West,2007,DD,Dowry Deaths,2,0.28,1458545,719293,88.7,False,False,ok,True
Goa,GA,State,West,2008,DD,Dowry Deaths,2,0.28,1458545,719293,88.7,False,False,ok,True
Goa,GA,State,West,2009,DD,Dowry Deaths,3,0.42,1458545,719293,88.7,False,False,ok,True
Goa,GA,State,West,2010,DD,Dowry Deaths,1,0.14,1458545,719293,88.7,False,False,ok,True
Goa,GA,State,West,2011,DD,Dowry Deaths,1,0.14,1458545,719293,88.7,False,False,ok,True
Goa,GA,State,West,2012,DD,Dowry Deaths,0,0.0,1458545,719293,88.7,False,False,ok,True
Goa,GA,State,West,2013,DD,Dowry Deaths,0,0.0,1458545,719293,88.7,False,False,ok,True
Goa,GA,State,West,2014,DD,Dowry Deaths,0,0.0,1458545,719293,88.7,False,False,ok,True
Goa,GA,State,West,2015,DD,Dowry Deaths,0,0.0,1458545,719293,88.7,False,False,ok,True
Goa,GA,State,West,2016,DD,Dowry Deaths,2,0.28,1458545,719293,88.7,False,False,ok,True
Goa,GA,State,West,2017,DD,Dowry Deaths,1,0.14,1458545,719293,88.7,False,False,ok,True
Goa,GA,State,West,2018,DD,Dowry Deaths,0,0.0,1458545,719293,88.7,False,False,ok,True
Goa,GA,State,West,2019,DD,Dowry Deaths,1,0.14,1458545,719293,88.7,False,False,ok,True
Goa,GA,State,West,2020,DD,Dowry Deaths,0,0.0,1458545,719293,88.7,False,False,ok,True
Goa,GA,State,West,2021,DD,Dowry Deaths,0,0.0,1458545,719293,88.7,False,False,ok,True
Gujarat,GJ,State,West,2001,DD,Dowry Deaths,67,0.23,60439692,28944282,78.03,False,False,ok,True
Gujarat,GJ,State,West,2002,DD,Dowry Deaths,62,0.21,60439692,28944282,78.03,False,False,ok,True
Gujarat,GJ,State,West,2003,DD,Dowry Deaths,54,0.19,60439692,28944282,78.03,False,False,ok,True
Gujarat,GJ,State,West,2004,DD,Dowry Deaths,58,0.2,60439692,28944282,78.03,False,False,ok,True
Gujarat,GJ,State,West,2005,DD,Dowry Deaths,48,0.17,60439692,28944282,78.03,False,False,ok,True
Gujarat,GJ,State,West,2006,DD,Dowry Deaths,50,0.17,60439692,28944282,78.03,False,False,ok,True
Gujarat,GJ,State,West,2007,DD,Dowry Deaths,42,0.15,60439692,28944282,78.03,False,False,ok,True
Gujarat,GJ,State,West,2008,DD,Dowry Deaths,27,0.09,60439692,28944282,78.03,False,False,ok,True
Gujarat,GJ,State,West,2009,DD,Dowry Deaths,24,0.08,60439692,28944282,78.03,False,False,ok,True
Gujarat,GJ,State,West,2010,DD,Dowry Deaths,19,0.07,60439692,28944282,78.03,False,False,ok,True
Gujarat,GJ,State,West,2011,DD,Dowry Deaths,30,0.1,60439692,28944282,78.03,False,False,ok,True
Gujarat,GJ,State,West,2012,DD,Dowry Deaths,21,0.07,60439692,28944282,78.03,False,False,ok,True
Gujarat,GJ,State,West,2013,DD,Dowry Deaths,29,0.1,60439692,28944282,78.03,False,False,ok,True
Gujarat,GJ,State,West,2014,DD,Dowry Deaths,53,0.18,60439692,28944282,78.03,False,False,ok,True
Gujarat,GJ,State,West,2015,DD,Dowry Deaths,12,0.04,60439692,28944282,78.03,False,False,ok,True
Gujarat,GJ,State,West,2016,DD,Dowry Deaths,12,0.04,60439692,28944282,78.03,False,False,ok,True
Gujarat,GJ,State,West,2017,DD,Dowry Deaths,9,0.03,60439692,28944282,78.03,False,False,ok,True
Gujarat,GJ,State,West,2018,DD,Dowry Deaths,9,0.03,60439692,28944282,78.03,False,False,ok,True
Gujarat,GJ,State,West,2019,DD,Dowry Deaths,9,0.03,60439692,28944282,78.03,False,False,ok,True
Gujarat,GJ,State,West,2020,DD,Dowry Deaths,6,0.02,60439692,28944282,78.03,False,False,ok,True
Gujarat,GJ,State,West,2021,DD,Dowry Deaths,11,0.04,60439692,28944282,78.03,False,False,ok,True
Haryana,HR,State,North,2001,DD,Dowry Deaths,285,2.4,25351462,11859465,75.55,False,False,ok,True
Haryana,HR,State,North,2002,DD,Dowry Deaths,256,2.16,25351462,11859465,75.55,False,False,ok,True
Haryana,HR,State,North,2003,DD,Dowry Deaths,222,1.87,25351462,11859465,75.55,False,False,ok,True
Haryana,HR,State,North,2004,DD,Dowry Deaths,251,2.12,25351462,11859465,75.55,False,False,ok,True
Haryana,HR,State,North,2005,DD,Dowry Deaths,212,1.79,25351462,11859465,75.55,False,False,ok,True
Haryana,HR,State,North,2006,DD,Dowry Deaths,255,2.15,25351462,11859465,75.55,False,False,ok,True
Haryana,HR,State,North,2007,DD,Dowry Deaths,269,2.27,25351462,11859465,75.55,False,False,ok,True
Haryana,HR,State,North,2008,DD,Dowry Deaths,302,2.55,25351462,11859465,75.55,False,False,ok,True
Haryana,HR,State,North,2009,DD,Dowry Deaths,281,2.37,25351462,11859465,75.55,False,False,ok,True
Haryana,HR,State,North,2010,DD,Dowry Deaths,284,2.39,25351462,11859465,75.55,False,False,ok,True
Haryana,HR,State,North,2011,DD,Dowry Deaths,255,2.15,25351462,11859465,75.55,False,False,ok,True
Haryana,HR,State,North,2012,DD,Dowry Deaths,258,2.18,25351462,11859465,75.55,False,False,ok,True
Haryana,HR,State,North,2013,DD,Dowry Deaths,263,2.22,25351462,11859465,75.55,False,False,ok,True
Haryana,HR,State,North,2014,DD,Dowry Deaths,13,0.11,25351462,11859465,75.55,False,False,ok,True
Haryana,HR,State,North,2015,DD,Dowry Deaths,243,2.05,25351462,11859465,75.55,False,False,ok,True
Haryana,HR,State,North,2016,DD,Dowry Deaths,260,2.19,25351462,11859465,75.55,False,False,ok,True
Haryana,HR,State,North,2017,DD,Dowry Deaths,245,2.07,25351462,11859465,75.55,False,False,ok,True
Haryana,HR,State,North,2018,DD,Dowry Deaths,216,1.82,25351462,11859465,75.55,False,False,ok,True
Haryana,HR,State,North,2019,DD,Dowry Deaths,248,2.09,25351462,11859465,75.55,False,False,ok,True
Haryana,HR,State,North,2020,DD,Dowry Deaths,251,2.12,25351462,11859465,75.55,False,False,ok,True
Haryana,HR,State,North,2021,DD,Dowry Deaths,275,2.32,25351462,11859465,75.55,False,False,ok,True
Himachal Pradesh,HP,State,North,2001,DD,Dowry Deaths,10,0.3,6864602,3383567,82.8,False,False,ok,True
Himachal Pradesh,HP,State,North,2002,DD,Dowry Deaths,6,0.18,6864602,3383567,82.8,False,False,ok,True
Himachal Pradesh,HP,State,North,2003,DD,Dowry Deaths,6,0.18,6864602,3383567,82.8,False,False,ok,True
Himachal Pradesh,HP,State,North,2004,DD,Dowry Deaths,8,0.24,6864602,3383567,82.8,False,False,ok,True
Himachal Pradesh,HP,State,North,2005,DD,Dowry Deaths,2,0.06,6864602,3383567,82.8,False,False,ok,True
Himachal Pradesh,HP,State,North,2006,DD,Dowry Deaths,3,0.09,6864602,3383567,82.8,False,False,ok,True
Himachal Pradesh,HP,State,North,2007,DD,Dowry Deaths,8,0.24,6864602,3383567,82.8,False,False,ok,True
Himachal Pradesh,HP,State,North,2008,DD,Dowry Deaths,3,0.09,6864602,3383567,82.8,False,False,ok,True
Himachal Pradesh,HP,State,North,2009,DD,Dowry Deaths,1,0.03,6864602,3383567,82.8,False,False,ok,True
Himachal Pradesh,HP,State,North,2010,DD,Dowry Deaths,2,0.06,6864602,3383567,82.8,False,False,ok,True
Himachal Pradesh,HP,State,North,2011,DD,Dowry Deaths,4,0.12,6864602,3383567,82.8,False,False,ok,True
Himachal Pradesh,HP,State,North,2012,DD,Dowry Deaths,2,0.06,6864602,3383567,82.8,False,False,ok,True
Himachal Pradesh,HP,State,North,2013,DD,Dowry Deaths,0,0.0,6864602,3383567,82.8,False,False,ok,True
Himachal Pradesh,HP,State,North,2014,DD,Dowry Deaths,2,0.06,6864602,3383567,82.8,False,False,ok,True
Himachal Pradesh,HP,State,North,2015,DD,Dowry Deaths,2,0.06,6864602,3383567,82.8,False,False,ok,True
Himachal Pradesh,HP,State,North,2016,DD,Dowry Deaths,3,0.09,6864602,3383567,82.8,False,False,ok,True
Himachal Pradesh,HP,State,North,2017,DD,Dowry Deaths,3,0.09,6864602,3383567,82.8,False,False,ok,True
Himachal Pradesh,HP,State,North,2018,DD,Dowry Deaths,4,0.12,6864602,3383567,82.8,False,False,ok,True
Himachal Pradesh,HP,State,North,2019,DD,Dowry Deaths,4,0.12,6864602,3383567,82.8,False,False,ok,True
Himachal Pradesh,HP,State,North,2020,DD,Dowry Deaths,1,0.03,6864602,3383567,82.8,False,False,ok,True
Himachal Pradesh,HP,State,North,2021,DD,Dowry Deaths,2,0.06,6864602,3383567,82.8,False,False,ok,True
Jammu & Kashmir,JK,Union Territory,North,2001,DD,Dowry Deaths,13,0.22,12267013,5783391,67.16,False,False,ok,True
Jammu & Kashmir,JK,Union Territory,North,2002,DD,Dowry Deaths,18,0.31,12267013,5783391,67.16,False,False,ok,True
Jammu & Kashmir,JK,Union Territory,North,2003,DD,Dowry Deaths,10,0.17,12267013,5783391,67.16,False,False,ok,True
Jammu & Kashmir,JK,Union Territory,North,2004,DD,Dowry Deaths,9,0.16,12267013,5783391,67.16,False,False,ok,True
Jammu & Kashmir,JK,Union Territory,North,2005,DD,Dowry Deaths,5,0.09,12267013,5783391,67.16,False,False,ok,True
Jammu & Kashmir,JK,Union Territory,North,2006,DD,Dowry Deaths,10,0.17,12267013,5783391,67.16,False,False,ok,True
Jammu & Kashmir,JK,Union Territory,North,2007,DD,Dowry Deaths,9,0.16,12267013,5783391,67.16,False,False,ok,True
Jammu & Kashmir,JK,Union Territory,North,2008,DD,Dowry Deaths,21,0.36,12267013,5783391,67.16,False,False,ok,True
Jammu & Kashmir,JK,Union Territory,North,2009,DD,Dowry Deaths,12,0.21,12267013,5783391,67.16,False,False,ok,True
Jammu & Kashmir,JK,Union Territory,North,2010,DD,Dowry Deaths,9,0.16,12267013,5783391,67.16,False,False,ok,True
Jammu & Kashmir,JK,Union Territory,North,2011,DD,Dowry Deaths,11,0.19,12267013,5783391,67.16,False,False,ok,True
Jammu & Kashmir,JK,Union Territory,North,2012,DD,Dowry Deaths,8,0.14,12267013,5783391,67.16,False,False,ok,True
Jammu & Kashmir,JK,Union Territory,North,2013,DD,Dowry Deaths,7,0.12,12267013,5783391,67.16,False,False,ok,True
Jammu & Kashmir,JK,Union Territory,North,2014,DD,Dowry Deaths,1,0.02,12267013,5783391,67.16,False,False,ok,True
Jammu & Kashmir,JK,Union Territory,North,2015,DD,Dowry Deaths,6,0.1,12267013,5783391,67.16,False,False,ok,True
Jammu & Kashmir,JK,Union Territory,North,2016,DD,Dowry Deaths,6,0.1,12267013,5783391,67.16,False,False,ok,True
Jammu & Kashmir,JK,Union Territory,North,2017,DD,Dowry Deaths,8,0.14,12267013,5783391,67.16,False,False,ok,True
Jammu & Kashmir,JK,Union Territory,North,2018,DD,Dowry Deaths,8,0.14,12267013,5783391,67.16,False,False,ok,True
Jammu & Kashmir,JK,Union Territory,North,2019,DD,Dowry Deaths,8,0.14,12267013,5783391,67.16,False,False,ok,True
Jammu & Kashmir,JK,Union Territory,North,2020,DD,Dowry Deaths,9,0.16,12267013,5783391,67.16,False,False,ok,True
Jammu & Kashmir,JK,Union Territory,North,2021,DD,Dowry Deaths,16,0.28,12267013,5783391,67.16,False,False,ok,True
Jharkhand,JH,State,East,2001,DD,Dowry Deaths,217,1.35,32988134,16053774,66.41,False,False,ok,True
Jharkhand,JH,State,East,2002,DD,Dowry Deaths,275,1.71,32988134,16053774,66.41,False,False,ok,True
Jharkhand,JH,State,East,2003,DD,Dowry Deaths,262,1.63,32988134,16053774,66.41,False,False,ok,True
Jharkhand,JH,State,East,2004,DD,Dowry Deaths,275,1.71,32988134,16053774,66.41,False,False,ok,True
Jharkhand,JH,State,East,2005,DD,Dowry Deaths,257,1.6,32988134,16053774,66.41,False,False,ok,True
Jharkhand,JH,State,East,2006,DD,Dowry Deaths,281,1.75,32988134,16053774,66.41,False,False,ok,True
Jharkhand,JH,State,East,2007,DD,Dowry Deaths,303,1.89,32988134,16053774,66.41,False,False,ok,True
Jharkhand,JH,State,East,2008,DD,Dowry Deaths,266,1.66,32988134,16053774,66.41,False,False,ok,True
Jharkhand,JH,State,East,2009,DD,Dowry Deaths,295,1.84,32988134,16053774,66.41,False,False,ok,True
Jharkhand,JH,State,East,2010,DD,Dowry Deaths,276,1.72,32988134,16053774,66.41,False,False,ok,True
Jharkhand,JH,State,East,2011,DD,Dowry Deaths,282,1.76,32988134,16053774,66.41,False,False,ok,True
Jharkhand,JH,State,East,2012,DD,Dowry Deaths,302,1.88,32988134,16053774,66.41,False,False,ok,True
Jharkhand,JH,State,East,2013,DD,Dowry Deaths,307,1.91,32988134,16053774,66.41,False,False,ok,True
Jharkhand,JH,State,East,2014,DD,Dowry Deaths,1538,9.58,32988134,16053774,66.41,False,False,ok,True
Jharkhand,JH,State,East,2015,DD,Dowry Deaths,267,1.66,32988134,16053774,66.41,False,False,ok,True
Jharkhand,JH,State,East,2016,DD,Dowry Deaths,278,1.73,32988134,16053774,66.41,False,False,ok,True
Jharkhand,JH,State,East,2017,DD,Dowry Deaths,248,1.54,32988134,16053774,66.41,False,False,ok,True
Jharkhand,JH,State,East,2018,DD,Dowry Deaths,252,1.57,32988134,16053774,66.41,False,False,ok,True
Jharkhand,JH,State,East,2019,DD,Dowry Deaths,299,1.86,32988134,16053774,66.41,False,False,ok,True
Jharkhand,JH,State,East,2020,DD,Dowry Deaths,275,1.71,32988134,16053774,66.41,False,False,ok,True
Jharkhand,JH,State,East,2021,DD,Dowry Deaths,281,1.75,32988134,16053774,66.41,False,False,ok,True
Karnataka,KA,State,South,2001,DD,Dowry Deaths,220,0.73,61095297,30129612,75.36,False,False,ok,True
Karnataka,KA,State,South,2002,DD,Dowry Deaths,233,0.77,61095297,30129612,75.36,False,False,ok,True
Karnataka,KA,State,South,2003,DD,Dowry Deaths,194,0.64,61095297,30129612,75.36,False,False,ok,True
Karnataka,KA,State,South,2004,DD,Dowry Deaths,259,0.86,61095297,30129612,75.36,False,False,ok,True
Karnataka,KA,State,South,2005,DD,Dowry Deaths,261,0.87,61095297,30129612,75.36,False,False,ok,True
Karnataka,KA,State,South,2006,DD,Dowry Deaths,244,0.81,61095297,30129612,75.36,False,False,ok,True
Karnataka,KA,State,South,2007,DD,Dowry Deaths,251,0.83,61095297,30129612,75.36,False,False,ok,True
Karnataka,KA,State,South,2008,DD,Dowry Deaths,259,0.86,61095297,30129612,75.36,False,False,ok,True
Karnataka,KA,State,South,2009,DD,Dowry Deaths,264,0.88,61095297,30129612,75.36,False,False,ok,True
Karnataka,KA,State,South,2010,DD,Dowry Deaths,248,0.82,61095297,30129612,75.36,False,False,ok,True
Karnataka,KA,State,South,2011,DD,Dowry Deaths,267,0.89,61095297,30129612,75.36,False,False,ok,True
Karnataka,KA,State,South,2012,DD,Dowry Deaths,218,0.72,61095297,30129612,75.36,False,False,ok,True
Karnataka,KA,State,South,2013,DD,Dowry Deaths,277,0.92,61095297,30129612,75.36,False,False,ok,True
Karnataka,KA,State,South,2014,DD,Dowry Deaths,1730,5.74,61095297,30129612,75.36,False,False,ok,True
Karnataka,KA,State,South,2015,DD,Dowry Deaths,254,0.84,61095297,30129612,75.36,False,False,ok,True
Karnataka,KA,State,South,2016,DD,Dowry Deaths,234,0.78,61095297,30129612,75.36,False,False,ok,True
Karnataka,KA,State,South,2017,DD,Dowry Deaths,206,0.68,61095297,30129612,75.36,False,False,ok,True
Karnataka,KA,State,South,2018,DD,Dowry Deaths,200,0.66,61095297,30129612,75.36,False,False,ok,True
Karnataka,KA,State,South,2019,DD,Dowry Deaths,194,0.64,61095297,30129612,75.36,False,False,ok,True
Karnataka,KA,State,South,2020,DD,Dowry Deaths,176,0.58,61095297,30129612,75.36,False,False,ok,True
Karnataka,KA,State,South,2021,DD,Dowry Deaths,158,0.52,61095297,30129612,75.36,False,False,ok,True
Kerala,KL,State,South,2001,DD,Dowry Deaths,27,0.16,33406061,17376281,94.0,False,False,ok,True
Kerala,KL,State,South,2002,DD,Dowry Deaths,17,0.1,33406061,17376281,94.0,False,False,ok,True
Kerala,KL,State,South,2003,DD,Dowry Deaths,33,0.19,33406061,17376281,94.0,False,False,ok,True
Kerala,KL,State,South,2004,DD,Dowry Deaths,31,0.18,33406061,17376281,94.0,False,False,ok,True
Kerala,KL,State,South,2005,DD,Dowry Deaths,21,0.12,33406061,17376281,94.0,False,False,ok,True
Kerala,KL,State,South,2006,DD,Dowry Deaths,25,0.14,33406061,17376281,94.0,False,False,ok,True
Kerala,KL,State,South,2007,DD,Dowry Deaths,27,0.16,33406061,17376281,94.0,False,False,ok,True
Kerala,KL,State,South,2008,DD,Dowry Deaths,31,0.18,33406061,17376281,94.0,False,False,ok,True
Kerala,KL,State,South,2009,DD,Dowry Deaths,20,0.12,33406061,17376281,94.0,False,False,ok,True
Kerala,KL,State,South,2010,DD,Dowry Deaths,22,0.13,33406061,17376281,94.0,False,False,ok,True
Kerala,KL,State,South,2011,DD,Dowry Deaths,15,0.09,33406061,17376281,94.0,False,False,ok,True
Kerala,KL,State,South,2012,DD,Dowry Deaths,32,0.18,33406061,17376281,94.0,False,False,ok,True
Kerala,KL,State,South,2013,DD,Dowry Deaths,21,0.12,33406061,17376281,94.0,False,False,ok,True
Kerala,KL,State,South,2014,DD,Dowry Deaths,3,0.02,33406061,17376281,94.0,False,False,ok,True
Kerala,KL,State,South,2015,DD,Dowry Deaths,8,0.05,33406061,17376281,94.0,False,False,ok,True
Kerala,KL,State,South,2016,DD,Dowry Deaths,25,0.14,33406061,17376281,94.0,False,False,ok,True
Kerala,KL,State,South,2017,DD,Dowry Deaths,12,0.07,33406061,17376281,94.0,False,False,ok,True
Kerala,KL,State,South,2018,DD,Dowry Deaths,17,0.1,33406061,17376281,94.0,False,False,ok,True
Kerala,KL,State,South,2019,DD,Dowry Deaths,8,0.05,33406061,17376281,94.0,False,False,ok,True
Kerala,KL,State,South,2020,DD,Dowry Deaths,6,0.03,33406061,17376281,94.0,False,False,ok,True
Kerala,KL,State,South,2021,DD,Dowry Deaths,9,0.05,33406061,17376281,94.0,False,False,ok,True
Ladakh,LA,Union Territory,North,2020,DD,Dowry Deaths,0,0.0,274289,117552,77.2,False,False,ok,True
Ladakh,LA,Union Territory,North,2021,DD,Dowry Deaths,0,0.0,274289,117552,77.2,False,False,ok,True
Lakshadweep,LD,Union Territory,Islands,2001,DD,Dowry Deaths,0,0.0,64473,31342,91.85,False,False,ok,True
Lakshadweep,LD,Union Territory,Islands,2002,DD,Dowry Deaths,0,0.0,64473,31342,91.85,False,False,ok,True
Lakshadweep,LD,Union Territory,Islands,2003,DD,Dowry Deaths,0,0.0,64473,31342,91.85,False,False,ok,True
Lakshadweep,LD,Union Territory,Islands,2004,DD,Dowry Deaths,0,0.0,64473,31342,91.85,False,False,ok,True
Lakshadweep,LD,Union Territory,Islands,2005,DD,Dowry Deaths,0,0.0,64473,31342,91.85,False,False,ok,True
Lakshadweep,LD,Union Territory,Islands,2006,DD,Dowry Deaths,0,0.0,64473,31342,91.85,False,False,ok,True
Lakshadweep,LD,Union Territory,Islands,2007,DD,Dowry Deaths,0,0.0,64473,31342,91.85,False,False,ok,True
Lakshadweep,LD,Union Territory,Islands,2008,DD,Dowry Deaths,0,0.0,64473,31342,91.85,False,False,ok,True
Lakshadweep,LD,Union Territory,Islands,2009,DD,Dowry Deaths,0,0.0,64473,31342,91.85,False,False,ok,True
Lakshadweep,LD,Union Territory,Islands,2010,DD,Dowry Deaths,0,0.0,64473,31342,91.85,False,False,ok,True
Lakshadweep,LD,Union Territory,Islands,2011,DD,Dowry Deaths,0,0.0,64473,31342,91.85,False,False,ok,True
Lakshadweep,LD,Union Territory,Islands,2012,DD,Dowry Deaths,0,0.0,64473,31342,91.85,False,False,ok,True
Lakshadweep,LD,Union Territory,Islands,2013,DD,Dowry Deaths,0,0.0,64473,31342,91.85,False,False,ok,True
Lakshadweep,LD,Union Territory,Islands,2014,DD,Dowry Deaths,0,0.0,64473,31342,91.85,False,False,ok,True
Lakshadweep,LD,Union Territory,Islands,2015,DD,Dowry Deaths,0,0.0,64473,31342,91.85,False,False,ok,True
Lakshadweep,LD,Union Territory,Islands,2016,DD,Dowry Deaths,0,0.0,64473,31342,91.85,False,False,ok,True
Lakshadweep,LD,Union Territory,Islands,2017,DD,Dowry Deaths,0,0.0,64473,31342,91.85,False,False,ok,True
Lakshadweep,LD,Union Territory,Islands,2018,DD,Dowry Deaths,0,0.0,64473,31342,91.85,False,False,ok,True
Lakshadweep,LD,Union Territory,Islands,2019,DD,Dowry Deaths,0,0.0,64473,31342,91.85,False,False,ok,True
Lakshadweep,LD,Union Territory,Islands,2020,DD,Dowry Deaths,0,0.0,64473,31342,91.85,False,False,ok,True
Lakshadweep,LD,Union Territory,Islands,2021,DD,Dowry Deaths,0,0.0,64473,31342,91.85,False,False,ok,True
Madhya Pradesh,MP,State,Central,2001,DD,Dowry Deaths,609,1.74,72626809,35015826,69.32,False,False,ok,True
Madhya Pradesh,MP,State,Central,2002,DD,Dowry Deaths,674,1.92,72626809,35015826,69.32,False,False,ok,True
Madhya Pradesh,MP,State,Central,2003,DD,Dowry Deaths,648,1.85,72626809,35015826,69.32,False,False,ok,True
Madhya Pradesh,MP,State,Central,2004,DD,Dowry Deaths,751,2.14,72626809,35015826,69.32,False,False,ok,True
Madhya Pradesh,MP,State,Central,2005,DD,Dowry Deaths,739,2.11,72626809,35015826,69.32,False,False,ok,True
Madhya Pradesh,MP,State,Central,2006,DD,Dowry Deaths,764,2.18,72626809,35015826,69.32,False,False,ok,True
Madhya Pradesh,MP,State,Central,2007,DD,Dowry Deaths,742,2.12,72626809,35015826,69.32,False,False,ok,True
Madhya Pradesh,MP,State,Central,2008,DD,Dowry Deaths,805,2.3,72626809,35015826,69.32,False,False,ok,True
Madhya Pradesh,MP,State,Central,2009,DD,Dowry Deaths,858,2.45,72626809,35015826,69.32,False,False,ok,True
Madhya Pradesh,MP,State,Central,2010,DD,Dowry Deaths,892,2.55,72626809,35015826,69.32,False,False,ok,True
Madhya Pradesh,MP,State,Central,2011,DD,Dowry Deaths,811,2.32,72626809,35015826,69.32,False,False,ok,True
Madhya Pradesh,MP,State,Central,2012,DD,Dowry Deaths,743,2.12,72626809,35015826,69.32,False,False,ok,True
Madhya Pradesh,MP,State,Central,2013,DD,Dowry Deaths,776,2.22,72626809,35015826,69.32,False,False,ok,True
Madhya Pradesh,MP,State,Central,2014,DD,Dowry Deaths,113,0.32,72626809,35015826,69.32,False,False,ok,True
Madhya Pradesh,MP,State,Central,2015,DD,Dowry Deaths,664,1.9,72626809,35015826,69.32,False,False,ok,True
Madhya Pradesh,MP,State,Central,2016,DD,Dowry Deaths,629,1.8,72626809,35015826,69.32,False,False,ok,True
Madhya Pradesh,MP,State,Central,2017,DD,Dowry Deaths,632,1.8,72626809,35015826,69.32,False,False,ok,True
Madhya Pradesh,MP,State,Central,2018,DD,Dowry Deaths,547,1.56,72626809,35015826,69.32,False,False,ok,True
Madhya Pradesh,MP,State,Central,2019,DD,Dowry Deaths,550,1.57,72626809,35015826,69.32,False,False,ok,True
Madhya Pradesh,MP,State,Central,2020,DD,Dowry Deaths,608,1.74,72626809,35015826,69.32,False,False,ok,True
Madhya Pradesh,MP,State,Central,2021,DD,Dowry Deaths,522,1.49,72626809,35015826,69.32,False,False,ok,True
Maharashtra,MH,State,West,2001,DD,Dowry Deaths,308,0.57,112374333,54119106,82.34,False,False,ok,True
Maharashtra,MH,State,West,2002,DD,Dowry Deaths,303,0.56,112374333,54119106,82.34,False,False,ok,True
Maharashtra,MH,State,West,2003,DD,Dowry Deaths,368,0.68,112374333,54119106,82.34,False,False,ok,True
Maharashtra,MH,State,West,2004,DD,Dowry Deaths,314,0.58,112374333,54119106,82.34,False,False,ok,True
Maharashtra,MH,State,West,2005,DD,Dowry Deaths,341,0.63,112374333,54119106,82.34,False,False,ok,True
Maharashtra,MH,State,West,2006,DD,Dowry Deaths,387,0.72,112374333,54119106,82.34,False,False,ok,True
Maharashtra,MH,State,West,2007,DD,Dowry Deaths,436,0.81,112374333,54119106,82.34,False,False,ok,True
Maharashtra,MH,State,West,2008,DD,Dowry Deaths,390,0.72,112374333,54119106,82.34,False,False,ok,True
Maharashtra,MH,State,West,2009,DD,Dowry Deaths,341,0.63,112374333,54119106,82.34,False,False,ok,True
Maharashtra,MH,State,West,2010,DD,Dowry Deaths,393,0.73,112374333,54119106,82.34,False,False,ok,True
Maharashtra,MH,State,West,2011,DD,Dowry Deaths,339,0.63,112374333,54119106,82.34,False,False,ok,True
Maharashtra,MH,State,West,2012,DD,Dowry Deaths,329,0.61,112374333,54119106,82.34,False,False,ok,True
Maharashtra,MH,State,West,2013,DD,Dowry Deaths,320,0.59,112374333,54119106,82.34,False,False,ok,True
Maharashtra,MH,State,West,2014,DD,Dowry Deaths,39,0.07,112374333,54119106,82.34,False,False,ok,True
Maharashtra,MH,State,West,2015,DD,Dowry Deaths,268,0.5,112374333,54119106,82.34,False,False,ok,True
Maharashtra,MH,State,West,2016,DD,Dowry Deaths,248,0.46,112374333,54119106,82.34,False,False,ok,True
Maharashtra,MH,State,West,2017,DD,Dowry Deaths,233,0.43,112374333,54119106,82.34,False,False,ok,True
Maharashtra,MH,State,West,2018,DD,Dowry Deaths,200,0.37,112374333,54119106,82.34,False,False,ok,True
Maharashtra,MH,State,West,2019,DD,Dowry Deaths,196,0.36,112374333,54119106,82.34,False,False,ok,True
Maharashtra,MH,State,West,2020,DD,Dowry Deaths,197,0.36,112374333,54119106,82.34,False,False,ok,True
Maharashtra,MH,State,West,2021,DD,Dowry Deaths,172,0.32,112374333,54119106,82.34,False,False,ok,True
Manipur,MN,State,North East,2001,DD,Dowry Deaths,0,0.0,2855794,1417107,76.94,False,False,ok,True
Manipur,MN,State,North East,2002,DD,Dowry Deaths,0,0.0,2855794,1417107,76.94,False,False,ok,True
Manipur,MN,State,North East,2003,DD,Dowry Deaths,0,0.0,2855794,1417107,76.94,False,False,ok,True
Manipur,MN,State,North East,2004,DD,Dowry Deaths,0,0.0,2855794,1417107,76.94,False,False,ok,True
Manipur,MN,State,North East,2005,DD,Dowry Deaths,0,0.0,2855794,1417107,76.94,False,False,ok,True
Manipur,MN,State,North East,2006,DD,Dowry Deaths,0,0.0,2855794,1417107,76.94,False,False,ok,True
Manipur,MN,State,North East,2007,DD,Dowry Deaths,0,0.0,2855794,1417107,76.94,False,False,ok,True
Manipur,MN,State,North East,2008,DD,Dowry Deaths,1,0.07,2855794,1417107,76.94,False,False,ok,True
Manipur,MN,State,North East,2009,DD,Dowry Deaths,0,0.0,2855794,1417107,76.94,False,False,ok,True
Manipur,MN,State,North East,2010,DD,Dowry Deaths,0,0.0,2855794,1417107,76.94,False,False,ok,True
Manipur,MN,State,North East,2011,DD,Dowry Deaths,1,0.07,2855794,1417107,76.94,False,False,ok,True
Manipur,MN,State,North East,2012,DD,Dowry Deaths,0,0.0,2855794,1417107,76.94,False,False,ok,True
Manipur,MN,State,North East,2013,DD,Dowry Deaths,0,0.0,2855794,1417107,76.94,False,False,ok,True
Manipur,MN,State,North East,2014,DD,Dowry Deaths,0,0.0,2855794,1417107,76.94,False,False,ok,True
Manipur,MN,State,North East,2015,DD,Dowry Deaths,0,0.0,2855794,1417107,76.94,False,False,ok,True
Manipur,MN,State,North East,2016,DD,Dowry Deaths,0,0.0,2855794,1417107,76.94,False,False,ok,True
Manipur,MN,State,North East,2017,DD,Dowry Deaths,0,0.0,2855794,1417107,76.94,False,False,ok,True
Manipur,MN,State,North East,2018,DD,Dowry Deaths,0,0.0,2855794,1417107,76.94,False,False,ok,True
Manipur,MN,State,North East,2019,DD,Dowry Deaths,0,0.0,2855794,1417107,76.94,False,False,ok,True
Manipur,MN,State,North East,2020,DD,Dowry Deaths,1,0.07,2855794,1417107,76.94,False,False,ok,True
Manipur,MN,State,North East,2021,DD,Dowry Deaths,2,0.14,2855794,1417107,76.94,False,False,ok,True
Meghalaya,ML,State,North East,2001,DD,Dowry Deaths,0,0.0,2966889,1475240,74.43,False,False,ok,True
Meghalaya,ML,State,North East,2002,DD,Dowry Deaths,0,0.0,2966889,1475240,74.43,False,False,ok,True
Meghalaya,ML,State,North East,2003,DD,Dowry Deaths,0,0.0,2966889,1475240,74.43,False,False,ok,True
Meghalaya,ML,State,North East,2004,DD,Dowry Deaths,2,0.14,2966889,1475240,74.43,False,False,ok,True
Meghalaya,ML,State,North East,2005,DD,Dowry Deaths,1,0.07,2966889,1475240,74.43,False,False,ok,True
Meghalaya,ML,State,North East,2006,DD,Dowry Deaths,6,0.41,2966889,1475240,74.43,False,False,ok,True
Meghalaya,ML,State,North East,2007,DD,Dowry Deaths,2,0.14,2966889,1475240,74.43,False,False,ok,True
Meghalaya,ML,State,North East,2008,DD,Dowry Deaths,2,0.14,2966889,1475240,74.43,False,False,ok,True
Meghalaya,ML,State,North East,2009,DD,Dowry Deaths,0,0.0,2966889,1475240,74.43,False,False,ok,True
Meghalaya,ML,State,North East,2010,DD,Dowry Deaths,0,0.0,2966889,1475240,74.43,False,False,ok,True
Meghalaya,ML,State,North East,2011,DD,Dowry Deaths,1,0.07,2966889,1475240,74.43,False,False,ok,True
Meghalaya,ML,State,North East,2012,DD,Dowry Deaths,1,0.07,2966889,1475240,74.43,False,False,ok,True
Meghalaya,ML,State,North East,2013,DD,Dowry Deaths,2,0.14,2966889,1475240,74.43,False,False,ok,True
Meghalaya,ML,State,North East,2014,DD,Dowry Deaths,1,0.07,2966889,1475240,74.43,False,False,ok,True
Meghalaya,ML,State,North East,2015,DD,Dowry Deaths,1,0.07,2966889,1475240,74.43,False,False,ok,True
Meghalaya,ML,State,North East,2016,DD,Dowry Deaths,0,0.0,2966889,1475240,74.43,False,False,ok,True
Meghalaya,ML,State,North East,2017,DD,Dowry Deaths,1,0.07,2966889,1475240,74.43,False,False,ok,True
Meghalaya,ML,State,North East,2018,DD,Dowry Deaths,1,0.07,2966889,1475240,74.43,False,False,ok,True
Meghalaya,ML,State,North East,2019,DD,Dowry Deaths,3,0.2,2966889,1475240,74.43,False,False,ok,True
Meghalaya,ML,State,North East,2020,DD,Dowry Deaths,1,0.07,2966889,1475240,74.43,False,False,ok,True
Meghalaya,ML,State,North East,2021,DD,Dowry Deaths,0,0.0,2966889,1475240,74.43,False,False,ok,True
Mizoram,MZ,State,North East,2001,DD,Dowry Deaths,0,0.0,1097206,541940,91.33,False,False,ok,True
Mizoram,MZ,State,North East,2002,DD,Dowry Deaths,0,0.0,1097206,541940,91.33,False,False,ok,True
Mizoram,MZ,State,North East,2003,DD,Dowry Deaths,0,0.0,1097206,541940,91.33,False,False,ok,True
Mizoram,MZ,State,North East,2004,DD,Dowry Deaths,0,0.0,1097206,541940,91.33,False,False,ok,True
Mizoram,MZ,State,North East,2005,DD,Dowry Deaths,4,0.74,1097206,541940,91.33,False,False,ok,True
Mizoram,MZ,State,North East,2006,DD,Dowry Deaths,0,0.0,1097206,541940,91.33,False,False,ok,True
Mizoram,MZ,State,North East,2007,DD,Dowry Deaths,0,0.0,1097206,541940,91.33,False,False,ok,True
Mizoram,MZ,State,North East,2008,DD,Dowry Deaths,0,0.0,1097206,541940,91.33,False,False,ok,True
Mizoram,MZ,State,North East,2009,DD,Dowry Deaths,0,0.0,1097206,541940,91.33,False,False,ok,True
Mizoram,MZ,State,North East,2010,DD,Dowry Deaths,0,0.0,1097206,541940,91.33,False,False,ok,True
Mizoram,MZ,State,North East,2011,DD,Dowry Deaths,0,0.0,1097206,541940,91.33,False,False,ok,True
Mizoram,MZ,State,North East,2012,DD,Dowry Deaths,0,0.0,1097206,541940,91.33,False,False,ok,True
Mizoram,MZ,State,North East,2013,DD,Dowry Deaths,0,0.0,1097206,541940,91.33,False,False,ok,True
Mizoram,MZ,State,North East,2014,DD,Dowry Deaths,0,0.0,1097206,541940,91.33,False,False,ok,True
Mizoram,MZ,State,North East,2015,DD,Dowry Deaths,0,0.0,1097206,541940,91.33,False,False,ok,True
Mizoram,MZ,State,North East,2016,DD,Dowry Deaths,0,0.0,1097206,541940,91.33,False,False,ok,True
Mizoram,MZ,State,North East,2017,DD,Dowry Deaths,0,0.0,1097206,541940,91.33,False,False,ok,True
Mizoram,MZ,State,North East,2018,DD,Dowry Deaths,0,0.0,1097206,541940,91.33,False,False,ok,True
Mizoram,MZ,State,North East,2019,DD,Dowry Deaths,0,0.0,1097206,541940,91.33,False,False,ok,True
Mizoram,MZ,State,North East,2020,DD,Dowry Deaths,0,0.0,1097206,541940,91.33,False,False,ok,True
Mizoram,MZ,State,North East,2021,DD,Dowry Deaths,0,0.0,1097206,541940,91.33,False,False,ok,True
Nagaland,NL,State,North East,2001,DD,Dowry Deaths,0,0.0,1978502,953902,79.55,False,False,ok,True
Nagaland,NL,State,North East,2002,DD,Dowry Deaths,0,0.0,1978502,953902,79.55,False,False,ok,True
Nagaland,NL,State,North East,2003,DD,Dowry Deaths,0,0.0,1978502,953902,79.55,False,False,ok,True
Nagaland,NL,State,North East,2004,DD,Dowry Deaths,0,0.0,1978502,953902,79.55,False,False,ok,True
Nagaland,NL,State,North East,2005,DD,Dowry Deaths,0,0.0,1978502,953902,79.55,False,False,ok,True
Nagaland,NL,State,North East,2006,DD,Dowry Deaths,0,0.0,1978502,953902,79.55,False,False,ok,True
Nagaland,NL,State,North East,2007,DD,Dowry Deaths,0,0.0,1978502,953902,79.55,False,False,ok,True
Nagaland,NL,State,North East,2008,DD,Dowry Deaths,0,0.0,1978502,953902,79.55,False,False,ok,True
Nagaland,NL,State,North East,2009,DD,Dowry Deaths,0,0.0,1978502,953902,79.55,False,False,ok,True
Nagaland,NL,State,North East,2010,DD,Dowry Deaths,0,0.0,1978502,953902,79.55,False,False,ok,True
Nagaland,NL,State,North East,2011,DD,Dowry Deaths,0,0.0,1978502,953902,79.55,False,False,ok,True
Nagaland,NL,State,North East,2012,DD,Dowry Deaths,0,0.0,1978502,953902,79.55,False,False,ok,True
Nagaland,NL,State,North East,2013,DD,Dowry Deaths,1,0.1,1978502,953902,79.55,False,False,ok,True
Nagaland,NL,State,North East,2014,DD,Dowry Deaths,0,0.0,1978502,953902,79.55,False,False,ok,True
Nagaland,NL,State,North East,2015,DD,Dowry Deaths,0,0.0,1978502,953902,79.55,False,False,ok,True
Nagaland,NL,State,North East,2016,DD,Dowry Deaths,1,0.1,1978502,953902,79.55,False,False,ok,True
Nagaland,NL,State,North East,2017,DD,Dowry Deaths,0,0.0,1978502,953902,79.55,False,False,ok,True
Nagaland,NL,State,North East,2018,DD,Dowry Deaths,0,0.0,1978502,953902,79.55,False,False,ok,True
Nagaland,NL,State,North East,2019,DD,Dowry Deaths,0,0.0,1978502,953902,79.55,False,False,ok,True
Nagaland,NL,State,North East,2020,DD,Dowry Deaths,1,0.1,1978502,953902,79.55,False,False,ok,True
Nagaland,NL,State,North East,2021,DD,Dowry Deaths,0,0.0,1978502,953902,79.55,False,False,ok,True
Odisha,OD,State,East,2001,DD,Dowry Deaths,294,1.42,41974218,20764406,72.87,False,False,ok,True
Odisha,OD,State,East,2002,DD,Dowry Deaths,248,1.19,41974218,20764406,72.87,False,False,ok,True
Odisha,OD,State,East,2003,DD,Dowry Deaths,279,1.34,41974218,20764406,72.87,False,False,ok,True
Odisha,OD,State,East,2004,DD,Dowry Deaths,319,1.54,41974218,20764406,72.87,False,False,ok,True
Odisha,OD,State,East,2005,DD,Dowry Deaths,334,1.61,41974218,20764406,72.87,False,False,ok,True
Odisha,OD,State,East,2006,DD,Dowry Deaths,457,2.2,41974218,20764406,72.87,False,False,ok,True
Odisha,OD,State,East,2007,DD,Dowry Deaths,461,2.22,41974218,20764406,72.87,False,False,ok,True
Odisha,OD,State,East,2008,DD,Dowry Deaths,401,1.93,41974218,20764406,72.87,False,False,ok,True
Odisha,OD,State,East,2009,DD,Dowry Deaths,384,1.85,41974218,20764406,72.87,False,False,ok,True
Odisha,OD,State,East,2010,DD,Dowry Deaths,388,1.87,41974218,20764406,72.87,False,False,ok,True
Odisha,OD,State,East,2011,DD,Dowry Deaths,465,2.24,41974218,20764406,72.87,False,False,ok,True
Odisha,OD,State,East,2012,DD,Dowry Deaths,525,2.53,41974218,20764406,72.87,False,False,ok,True
Odisha,OD,State,East,2013,DD,Dowry Deaths,395,1.9,41974218,20764406,72.87,False,False,ok,True
Odisha,OD,State,East,2014,DD,Dowry Deaths,646,3.11,41974218,20764406,72.87,False,False,ok,True
Odisha,OD,State,East,2015,DD,Dowry Deaths,356,1.71,41974218,20764406,72.87,False,False,ok,True
Odisha,OD,State,East,2016,DD,Dowry Deaths,397,1.91,41974218,20764406,72.87,False,False,ok,True
Odisha,OD,State,East,2017,DD,Dowry Deaths,326,1.57,41974218,20764406,72.87,False,False,ok,True
Odisha,OD,State,East,2018,DD,Dowry Deaths,372,1.79,41974218,20764406,72.87,False,False,ok,True
Odisha,OD,State,East,2019,DD,Dowry Deaths,342,1.65,41974218,20764406,72.87,False,False,ok,True
Odisha,OD,State,East,2020,DD,Dowry Deaths,320,1.54,41974218,20764406,72.87,False,False,ok,True
Odisha,OD,State,East,2021,DD,Dowry Deaths,293,1.41,41974218,20764406,72.87,False,False,ok,True
Puducherry,PY,Union Territory,South,2001,DD,Dowry Deaths,1,0.16,1247953,635310,85.85,False,False,ok,True
Puducherry,PY,Union Territory,South,2002,DD,Dowry Deaths,5,0.79,1247953,635310,85.85,False,False,ok,True
Puducherry,PY,Union Territory,South,2003,DD,Dowry Deaths,1,0.16,1247953,635310,85.85,False,False,ok,True
Puducherry,PY,Union Territory,South,2004,DD,Dowry Deaths,6,0.94,1247953,635310,85.85,False,False,ok,True
Puducherry,PY,Union Territory,South,2005,DD,Dowry Deaths,4,0.63,1247953,635310,85.85,False,False,ok,True
Puducherry,PY,Union Territory,South,2006,DD,Dowry Deaths,3,0.47,1247953,635310,85.85,False,False,ok,True
Puducherry,PY,Union Territory,South,2007,DD,Dowry Deaths,2,0.31,1247953,635310,85.85,False,False,ok,True
Puducherry,PY,Union Territory,South,2008,DD,Dowry Deaths,2,0.31,1247953,635310,85.85,False,False,ok,True
Puducherry,PY,Union Territory,South,2009,DD,Dowry Deaths,0,0.0,1247953,635310,85.85,False,False,ok,True
Puducherry,PY,Union Territory,South,2010,DD,Dowry Deaths,1,0.16,1247953,635310,85.85,False,False,ok,True
Puducherry,PY,Union Territory,South,2011,DD,Dowry Deaths,1,0.16,1247953,635310,85.85,False,False,ok,True
Puducherry,PY,Union Territory,South,2012,DD,Dowry Deaths,0,0.0,1247953,635310,85.85,False,False,ok,True
Puducherry,PY,Union Territory,South,2013,DD,Dowry Deaths,1,0.16,1247953,635310,85.85,False,False,ok,True
Puducherry,PY,Union Territory,South,2014,DD,Dowry Deaths,14,2.2,1247953,635310,85.85,False,False,ok,True
Puducherry,PY,Union Territory,South,2015,DD,Dowry Deaths,1,0.16,1247953,635310,85.85,False,False,ok,True
Puducherry,PY,Union Territory,South,2016,DD,Dowry Deaths,0,0.0,1247953,635310,85.85,False,False,ok,True
Puducherry,PY,Union Territory,South,2017,DD,Dowry Deaths,2,0.31,1247953,635310,85.85,False,False,ok,True
Puducherry,PY,Union Territory,South,2018,DD,Dowry Deaths,0,0.0,1247953,635310,85.85,False,False,ok,True
Puducherry,PY,Union Territory,South,2019,DD,Dowry Deaths,0,0.0,1247953,635310,85.85,False,False,ok,True
Puducherry,PY,Union Territory,South,2020,DD,Dowry Deaths,2,0.31,1247953,635310,85.85,False,False,ok,True
Puducherry,PY,Union Territory,South,2021,DD,Dowry Deaths,2,0.31,1247953,635310,85.85,False,False,ok,True
Punjab,PB,State,North,2001,DD,Dowry Deaths,159,1.21,27743338,13103054,75.84,False,False,ok,True
Punjab,PB,State,North,2002,DD,Dowry Deaths,166,1.27,27743338,13103054,75.84,False,False,ok,True
Punjab,PB,State,North,2003,DD,Dowry Deaths,110,0.84,27743338,13103054,75.84,False,False,ok,True
Punjab,PB,State,North,2004,DD,Dowry Deaths,113,0.86,27743338,13103054,75.84,False,False,ok,True
Punjab,PB,State,North,2005,DD,Dowry Deaths,99,0.76,27743338,13103054,75.84,False,False,ok,True
Punjab,PB,State,North,2006,DD,Dowry Deaths,130,0.99,27743338,13103054,75.84,False,False,ok,True
Punjab,PB,State,North,2007,DD,Dowry Deaths,133,1.02,27743338,13103054,75.84,False,False,ok,True
Punjab,PB,State,North,2008,DD,Dowry Deaths,128,0.98,27743338,13103054,75.84,False,False,ok,True
Punjab,PB,State,North,2009,DD,Dowry Deaths,126,0.96,27743338,13103054,75.84,False,False,ok,True
Punjab,PB,State,North,2010,DD,Dowry Deaths,121,0.92,27743338,13103054,75.84,False,False,ok,True
Punjab,PB,State,North,2011,DD,Dowry Deaths,143,1.09,27743338,13103054,75.84,False,False,ok,True
Punjab,PB,State,North,2012,DD,Dowry Deaths,118,0.9,27743338,13103054,75.84,False,False,ok,True
Punjab,PB,State,North,2013,DD,Dowry Deaths,126,0.96,27743338,13103054,75.84,False,False,ok,True
Punjab,PB,State,North,2014,DD,Dowry Deaths,5,0.04,27743338,13103054,75.84,False,False,ok,True
Punjab,PB,State,North,2015,DD,Dowry Deaths,85,0.65,27743338,13103054,75.84,False,False,ok,True
Punjab,PB,State,North,2016,DD,Dowry Deaths,80,0.61,27743338,13103054,75.84,False,False,ok,True
Punjab,PB,State,North,2017,DD,Dowry Deaths,68,0.52,27743338,13103054,75.84,False,False,ok,True
Punjab,PB,State,North,2018,DD,Dowry Deaths,67,0.51,27743338,13103054,75.84,False,False,ok,True
Punjab,PB,State,North,2019,DD,Dowry Deaths,69,0.53,27743338,13103054,75.84,False,False,ok,True
Punjab,PB,State,North,2020,DD,Dowry Deaths,63,0.48,27743338,13103054,75.84,False,False,ok,True
Punjab,PB,State,North,2021,DD,Dowry Deaths,69,0.53,27743338,13103054,75.84,False,False,ok,True
Rajasthan,RJ,State,North,2001,DD,Dowry Deaths,376,1.14,68548437,32994268,66.11,False,False,ok,True
Rajasthan,RJ,State,North,2002,DD,Dowry Deaths,399,1.21,68548437,32994268,66.11,False,False,ok,True
Rajasthan,RJ,State,North,2003,DD,Dowry Deaths,389,1.18,68548437,32994268,66.11,False,False,ok,True
Rajasthan,RJ,State,North,2004,DD,Dowry Deaths,379,1.15,68548437,32994268,66.11,False,False,ok,True
Rajasthan,RJ,State,North,2005,DD,Dowry Deaths,361,1.09,68548437,32994268,66.11,False,False,ok,True
Rajasthan,RJ,State,North,2006,DD,Dowry Deaths,394,1.19,68548437,32994268,66.11,False,False,ok,True
Rajasthan,RJ,State,North,2007,DD,Dowry Deaths,439,1.33,68548437,32994268,66.11,False,False,ok,True
Rajasthan,RJ,State,North,2008,DD,Dowry Deaths,439,1.33,68548437,32994268,66.11,False,False,ok,True
Rajasthan,RJ,State,North,2009,DD,Dowry Deaths,436,1.32,68548437,32994268,66.11,False,False,ok,True
Rajasthan,RJ,State,North,2010,DD,Dowry Deaths,462,1.4,68548437,32994268,66.11,False,False,ok,True
Rajasthan,RJ,State,North,2011,DD,Dowry Deaths,514,1.56,68548437,32994268,66.11,False,False,ok,True
Rajasthan,RJ,State,North,2012,DD,Dowry Deaths,478,1.45,68548437,32994268,66.11,False,False,ok,True
Rajasthan,RJ,State,North,2013,DD,Dowry Deaths,453,1.37,68548437,32994268,66.11,False,False,ok,True
Rajasthan,RJ,State,North,2014,DD,Dowry Deaths,12,0.04,68548437,32994268,66.11,False,False,ok,True
Rajasthan,RJ,State,North,2015,DD,Dowry Deaths,463,1.4,68548437,32994268,66.11,False,False,ok,True
Rajasthan,RJ,State,North,2016,DD,Dowry Deaths,462,1.4,68548437,32994268,66.11,False,False,ok,True
Rajasthan,RJ,State,North,2017,DD,Dowry Deaths,457,1.39,68548437,32994268,66.11,False,False,ok,True
Rajasthan,RJ,State,North,2018,DD,Dowry Deaths,404,1.22,68548437,32994268,66.11,False,False,ok,True
Rajasthan,RJ,State,North,2019,DD,Dowry Deaths,452,1.37,68548437,32994268,66.11,False,False,ok,True
Rajasthan,RJ,State,North,2020,DD,Dowry Deaths,479,1.45,68548437,32994268,66.11,False,False,ok,True
Rajasthan,RJ,State,North,2021,DD,Dowry Deaths,452,1.37,68548437,32994268,66.11,False,False,ok,True
Sikkim,SK,State,North East,2001,DD,Dowry Deaths,0,0.0,610577,287520,81.42,False,False,ok,True
Sikkim,SK,State,North East,2002,DD,Dowry Deaths,0,0.0,610577,287520,81.42,False,False,ok,True
Sikkim,SK,State,North East,2003,DD,Dowry Deaths,0,0.0,610577,287520,81.42,False,False,ok,True
Sikkim,SK,State,North East,2004,DD,Dowry Deaths,0,0.0,610577,287520,81.42,False,False,ok,True
Sikkim,SK,State,North East,2005,DD,Dowry Deaths,0,0.0,610577,287520,81.42,False,False,ok,True
Sikkim,SK,State,North East,2006,DD,Dowry Deaths,0,0.0,610577,287520,81.42,False,False,ok,True
Sikkim,SK,State,North East,2007,DD,Dowry Deaths,0,0.0,610577,287520,81.42,False,False,ok,True
Sikkim,SK,State,North East,2008,DD,Dowry Deaths,0,0.0,610577,287520,81.42,False,False,ok,True
Sikkim,SK,State,North East,2009,DD,Dowry Deaths,0,0.0,610577,287520,81.42,False,False,ok,True
Sikkim,SK,State,North East,2010,DD,Dowry Deaths,1,0.35,610577,287520,81.42,False,False,ok,True
Sikkim,SK,State,North East,2011,DD,Dowry Deaths,0,0.0,610577,287520,81.42,False,False,ok,True
Sikkim,SK,State,North East,2012,DD,Dowry Deaths,1,0.35,610577,287520,81.42,False,False,ok,True
Sikkim,SK,State,North East,2013,DD,Dowry Deaths,0,0.0,610577,287520,81.42,False,False,ok,True
Sikkim,SK,State,North East,2014,DD,Dowry Deaths,0,0.0,610577,287520,81.42,False,False,ok,True
Sikkim,SK,State,North East,2015,DD,Dowry Deaths,1,0.35,610577,287520,81.42,False,False,ok,True
Sikkim,SK,State,North East,2016,DD,Dowry Deaths,0,0.0,610577,287520,81.42,False,False,ok,True
Sikkim,SK,State,North East,2017,DD,Dowry Deaths,0,0.0,610577,287520,81.42,False,False,ok,True
Sikkim,SK,State,North East,2018,DD,Dowry Deaths,1,0.35,610577,287520,81.42,False,False,ok,True
Sikkim,SK,State,North East,2019,DD,Dowry Deaths,0,0.0,610577,287520,81.42,False,False,ok,True
Sikkim,SK,State,North East,2020,DD,Dowry Deaths,0,0.0,610577,287520,81.42,False,False,ok,True
Sikkim,SK,State,North East,2021,DD,Dowry Deaths,0,0.0,610577,287520,81.42,False,False,ok,True
Tamil Nadu,TN,State,South,2001,DD,Dowry Deaths,191,0.53,72147030,36001223,80.09,False,False,ok,True
Tamil Nadu,TN,State,South,2002,DD,Dowry Deaths,243,0.67,72147030,36001223,80.09,False,False,ok,True
Tamil Nadu,TN,State,South,2003,DD,Dowry Deaths,220,0.61,72147030,36001223,80.09,False,False,ok,True
Tamil Nadu,TN,State,South,2004,DD,Dowry Deaths,225,0.62,72147030,36001223,80.09,False,False,ok,True
Tamil Nadu,TN,State,South,2005,DD,Dowry Deaths,215,0.6,72147030,36001223,80.09,False,False,ok,True
Tamil Nadu,TN,State,South,2006,DD,Dowry Deaths,187,0.52,72147030,36001223,80.09,False,False,ok,True
Tamil Nadu,TN,State,South,2007,DD,Dowry Deaths,208,0.58,72147030,36001223,80.09,False,False,ok,True
Tamil Nadu,TN,State,South,2008,DD,Dowry Deaths,207,0.57,72147030,36001223,80.09,False,False,ok,True
Tamil Nadu,TN,State,South,2009,DD,Dowry Deaths,194,0.54,72147030,36001223,80.09,False,False,ok,True
Tamil Nadu,TN,State,South,2010,DD,Dowry Deaths,165,0.46,72147030,36001223,80.09,False,False,ok,True
Tamil Nadu,TN,State,South,2011,DD,Dowry Deaths,152,0.42,72147030,36001223,80.09,False,False,ok,True
Tamil Nadu,TN,State,South,2012,DD,Dowry Deaths,110,0.31,72147030,36001223,80.09,False,False,ok,True
Tamil Nadu,TN,State,South,2013,DD,Dowry Deaths,118,0.33,72147030,36001223,80.09,False,False,ok,True
Tamil Nadu,TN,State,South,2014,DD,Dowry Deaths,292,0.81,72147030,36001223,80.09,False,False,ok,True
Tamil Nadu,TN,State,South,2015,DD,Dowry Deaths,65,0.18,72147030,36001223,80.09,False,False,ok,True
Tamil Nadu,TN,State,South,2016,DD,Dowry Deaths,58,0.16,72147030,36001223,80.09,False,False,ok,True
Tamil Nadu,TN,State,South,2017,DD,Dowry Deaths,48,0.13,72147030,36001223,80.09,False,False,ok,True
Tamil Nadu,TN,State,South,2018,DD,Dowry Deaths,55,0.15,72147030,36001223,80.09,False,False,ok,True
Tamil Nadu,TN,State,South,2019,DD,Dowry Deaths,28,0.08,72147030,36001223,80.09,False,False,ok,True
Tamil Nadu,TN,State,South,2020,DD,Dowry Deaths,40,0.11,72147030,36001223,80.09,False,False,ok,True
Tamil Nadu,TN,State,South,2021,DD,Dowry Deaths,27,0.07,72147030,36001223,80.09,False,False,ok,True
Telangana,TG,State,South,2011,DD,Dowry Deaths,0,0.0,35193978,17490770,66.54,True,False,entity_not_formed,False
Telangana,TG,State,South,2012,DD,Dowry Deaths,0,0.0,35193978,17490770,66.54,True,False,entity_not_formed,False
Telangana,TG,State,South,2013,DD,Dowry Deaths,0,0.0,35193978,17490770,66.54,True,False,entity_not_formed,False
Telangana,TG,State,South,2014,DD,Dowry Deaths,563,3.22,35193978,17490770,66.54,False,False,ok,True
Telangana,TG,State,South,2015,DD,Dowry Deaths,262,1.5,35193978,17490770,66.54,False,False,ok,True
Telangana,TG,State,South,2016,DD,Dowry Deaths,254,1.45,35193978,17490770,66.54,False,False,ok,True
Telangana,TG,State,South,2017,DD,Dowry Deaths,251,1.44,35193978,17490770,66.54,False,False,ok,True
Telangana,TG,State,South,2018,DD,Dowry Deaths,186,1.06,35193978,17490770,66.54,False,False,ok,True
Telangana,TG,State,South,2019,DD,Dowry Deaths,163,0.93,35193978,17490770,66.54,False,False,ok,True
Telangana,TG,State,South,2020,DD,Dowry Deaths,158,0.9,35193978,17490770,66.54,False,False,ok,True
Telangana,TG,State,South,2021,DD,Dowry Deaths,175,1.0,35193978,17490770,66.54,False,False,ok,True
Tripura,TR,State,North East,2001,DD,Dowry Deaths,16,0.89,3673917,1799470,87.22,False,False,ok,True
Tripura,TR,State,North East,2002,DD,Dowry Deaths,16,0.89,3673917,1799470,87.22,False,False,ok,True
Tripura,TR,State,North East,2003,DD,Dowry Deaths,20,1.11,3673917,1799470,87.22,False,False,ok,True
Tripura,TR,State,North East,2004,DD,Dowry Deaths,20,1.11,3673917,1799470,87.22,False,False,ok,True
Tripura,TR,State,North East,2005,DD,Dowry Deaths,34,1.89,3673917,1799470,87.22,False,False,ok,True
Tripura,TR,State,North East,2006,DD,Dowry Deaths,35,1.95,3673917,1799470,87.22,False,False,ok,True
Tripura,TR,State,North East,2007,DD,Dowry Deaths,36,2.0,3673917,1799470,87.22,False,False,ok,True
Tripura,TR,State,North East,2008,DD,Dowry Deaths,16,0.89,3673917,1799470,87.22,False,False,ok,True
Tripura,TR,State,North East,2009,DD,Dowry Deaths,29,1.61,3673917,1799470,87.22,False,False,ok,True
Tripura,TR,State,North East,2010,DD,Dowry Deaths,25,1.39,3673917,1799470,87.22,False,False,ok,True
Tripura,TR,State,North East,2011,DD,Dowry Deaths,30,1.67,3673917,1799470,87.22,False,False,ok,True
Tripura,TR,State,North East,2012,DD,Dowry Deaths,37,2.06,3673917,1799470,87.22,False,False,ok,True
Tripura,TR,State,North East,2013,DD,Dowry Deaths,29,1.61,3673917,1799470,87.22,False,False,ok,True
Tripura,TR,State,North East,2014,DD,Dowry Deaths,1,0.06,3673917,1799470,87.22,False,False,ok,True
Tripura,TR,State,North East,2015,DD,Dowry Deaths,28,1.56,3673917,1799470,87.22,False,False,ok,True
Tripura,TR,State,North East,2016,DD,Dowry Deaths,19,1.06,3673917,1799470,87.22,False,False,ok,True
Tripura,TR,State,North East,2017,DD,Dowry Deaths,33,1.83,3673917,1799470,87.22,False,False,ok,True
Tripura,TR,State,North East,2018,DD,Dowry Deaths,18,1.0,3673917,1799470,87.22,False,False,ok,True
Tripura,TR,State,North East,2019,DD,Dowry Deaths,38,2.11,3673917,1799470,87.22,False,False,ok,True
Tripura,TR,State,North East,2020,DD,Dowry Deaths,23,1.28,3673917,1799470,87.22,False,False,ok,True
Tripura,TR,State,North East,2021,DD,Dowry Deaths,22,1.22,3673917,1799470,87.22,False,False,ok,True
Uttar Pradesh,UP,State,Central,2001,DD,Dowry Deaths,2211,2.32,199812341,95307979,67.68,False,False,ok,True
Uttar Pradesh,UP,State,Central,2002,DD,Dowry Deaths,1893,1.99,199812341,95307979,67.68,False,False,ok,True
Uttar Pradesh,UP,State,Central,2003,DD,Dowry Deaths,1322,1.39,199812341,95307979,67.68,False,False,ok,True
Uttar Pradesh,UP,State,Central,2004,DD,Dowry Deaths,1708,1.79,199812341,95307979,67.68,False,False,ok,True
Uttar Pradesh,UP,State,Central,2005,DD,Dowry Deaths,1564,1.64,199812341,95307979,67.68,False,False,ok,True
Uttar Pradesh,UP,State,Central,2006,DD,Dowry Deaths,1798,1.89,199812341,95307979,67.68,False,False,ok,True
Uttar Pradesh,UP,State,Central,2007,DD,Dowry Deaths,2076,2.18,199812341,95307979,67.68,False,False,ok,True
Uttar Pradesh,UP,State,Central,2008,DD,Dowry Deaths,2237,2.35,199812341,95307979,67.68,False,False,ok,True
Uttar Pradesh,UP,State,Central,2009,DD,Dowry Deaths,2232,2.34,199812341,95307979,67.68,False,False,ok,True
Uttar Pradesh,UP,State,Central,2010,DD,Dowry Deaths,2217,2.33,199812341,95307979,67.68,False,False,ok,True
Uttar Pradesh,UP,State,Central,2011,DD,Dowry Deaths,2322,2.44,199812341,95307979,67.68,False,False,ok,True
Uttar Pradesh,UP,State,Central,2012,DD,Dowry Deaths,2244,2.35,199812341,95307979,67.68,False,False,ok,True
Uttar Pradesh,UP,State,Central,2013,DD,Dowry Deaths,2335,2.45,199812341,95307979,67.68,False,False,ok,True
Uttar Pradesh,UP,State,Central,2014,DD,Dowry Deaths,2133,2.24,199812341,95307979,67.68,False,False,ok,True
Uttar Pradesh,UP,State,Central,2015,DD,Dowry Deaths,2335,2.45,199812341,95307979,67.68,False,False,ok,True
Uttar Pradesh,UP,State,Central,2016,DD,Dowry Deaths,2473,2.59,199812341,95307979,67.68,False,False,ok,True
Uttar Pradesh,UP,State,Central,2017,DD,Dowry Deaths,2524,2.65,199812341,95307979,67.68,False,False,ok,True
Uttar Pradesh,UP,State,Central,2018,DD,Dowry Deaths,2444,2.56,199812341,95307979,67.68,False,False,ok,True
Uttar Pradesh,UP,State,Central,2019,DD,Dowry Deaths,2410,2.53,199812341,95307979,67.68,False,False,ok,True
Uttar Pradesh,UP,State,Central,2020,DD,Dowry Deaths,2274,2.39,199812341,95307979,67.68,False,False,ok,True
Uttar Pradesh,UP,State,Central,2021,DD,Dowry Deaths,2222,2.33,199812341,95307979,67.68,False,False,ok,True
Uttarakhand,UK,State,North,2001,DD,Dowry Deaths,56,1.13,10086292,4948089,78.82,False,False,ok,True
Uttarakhand,UK,State,North,2002,DD,Dowry Deaths,66,1.33,10086292,4948089,78.82,False,False,ok,True
Uttarakhand,UK,State,North,2003,DD,Dowry Deaths,93,1.88,10086292,4948089,78.82,False,False,ok,True
Uttarakhand,UK,State,North,2004,DD,Dowry Deaths,82,1.66,10086292,4948089,78.82,False,False,ok,True
Uttarakhand,UK,State,North,2005,DD,Dowry Deaths,63,1.27,10086292,4948089,78.82,False,False,ok,True
Uttarakhand,UK,State,North,2006,DD,Dowry Deaths,80,1.62,10086292,4948089,78.82,False,False,ok,True
Uttarakhand,UK,State,North,2007,DD,Dowry Deaths,70,1.41,10086292,4948089,78.82,False,False,ok,True
Uttarakhand,UK,State,North,2008,DD,Dowry Deaths,73,1.48,10086292,4948089,78.82,False,False,ok,True
Uttarakhand,UK,State,North,2009,DD,Dowry Deaths,94,1.9,10086292,4948089,78.82,False,False,ok,True
Uttarakhand,UK,State,North,2010,DD,Dowry Deaths,75,1.52,10086292,4948089,78.82,False,False,ok,True
Uttarakhand,UK,State,North,2011,DD,Dowry Deaths,83,1.68,10086292,4948089,78.82,False,False,ok,True
Uttarakhand,UK,State,North,2012,DD,Dowry Deaths,71,1.43,10086292,4948089,78.82,False,False,ok,True
Uttarakhand,UK,State,North,2013,DD,Dowry Deaths,43,0.87,10086292,4948089,78.82,False,False,ok,True
Uttarakhand,UK,State,North,2014,DD,Dowry Deaths,104,2.1,10086292,4948089,78.82,False,False,ok,True
Uttarakhand,UK,State,North,2015,DD,Dowry Deaths,54,1.09,10086292,4948089,78.82,False,False,ok,True
Uttarakhand,UK,State,North,2016,DD,Dowry Deaths,57,1.15,10086292,4948089,78.82,False,False,ok,True
Uttarakhand,UK,State,North,2017,DD,Dowry Deaths,60,1.21,10086292,4948089,78.82,False,False,ok,True
Uttarakhand,UK,State,North,2018,DD,Dowry Deaths,63,1.27,10086292,4948089,78.82,False,False,ok,True
Uttarakhand,UK,State,North,2019,DD,Dowry Deaths,57,1.15,10086292,4948089,78.82,False,False,ok,True
Uttarakhand,UK,State,North,2020,DD,Dowry Deaths,65,1.31,10086292,4948089,78.82,False,False,ok,True
Uttarakhand,UK,State,North,2021,DD,Dowry Deaths,72,1.46,10086292,4948089,78.82,False,False,ok,True
West Bengal,WB,State,East,2001,DD,Dowry Deaths,265,0.6,91276115,44467851,76.26,False,False,ok,True
West Bengal,WB,State,East,2002,DD,Dowry Deaths,273,0.61,91276115,44467851,76.26,False,False,ok,True
West Bengal,WB,State,East,2003,DD,Dowry Deaths,329,0.74,91276115,44467851,76.26,False,False,ok,True
West Bengal,WB,State,East,2004,DD,Dowry Deaths,396,0.89,91276115,44467851,76.26,False,False,ok,True
West Bengal,WB,State,East,2005,DD,Dowry Deaths,446,1.0,91276115,44467851,76.26,False,False,ok,True
West Bengal,WB,State,East,2006,DD,Dowry Deaths,445,1.0,91276115,44467851,76.26,False,False,ok,True
West Bengal,WB,State,East,2007,DD,Dowry Deaths,451,1.01,91276115,44467851,76.26,False,False,ok,True
West Bengal,WB,State,East,2008,DD,Dowry Deaths,451,1.01,91276115,44467851,76.26,False,False,ok,True
West Bengal,WB,State,East,2009,DD,Dowry Deaths,506,1.14,91276115,44467851,76.26,False,False,ok,True
West Bengal,WB,State,East,2010,DD,Dowry Deaths,507,1.14,91276115,44467851,76.26,False,False,ok,True
West Bengal,WB,State,East,2011,DD,Dowry Deaths,510,1.15,91276115,44467851,76.26,False,False,ok,True
West Bengal,WB,State,East,2012,DD,Dowry Deaths,593,1.33,91276115,44467851,76.26,False,False,ok,True
West Bengal,WB,State,East,2013,DD,Dowry Deaths,481,1.08,91276115,44467851,76.26,False,False,ok,True
West Bengal,WB,State,East,2014,DD,Dowry Deaths,1,0.0,91276115,44467851,76.26,False,False,ok,True
West Bengal,WB,State,East,2015,DD,Dowry Deaths,498,1.12,91276115,44467851,76.26,False,False,ok,True
West Bengal,WB,State,East,2016,DD,Dowry Deaths,535,1.2,91276115,44467851,76.26,False,False,ok,True
West Bengal,WB,State,East,2017,DD,Dowry Deaths,499,1.12,91276115,44467851,76.26,False,False,ok,True
West Bengal,WB,State,East,2018,DD,Dowry Deaths,444,1.0,91276115,44467851,76.26,False,False,ok,True
West Bengal,WB,State,East,2019,DD,Dowry Deaths,444,1.0,91276115,44467851,76.26,False,False,ok,True
West Bengal,WB,State,East,2020,DD,Dowry Deaths,522,1.17,91276115,44467851,76.26,False,False,ok,True
West Bengal,WB,State,East,2021,DD,Dowry Deaths,454,1.02,91276115,44467851,76.26,False,False,ok,True
A & N Islands,AN,Union Territory,Islands,2001,WT,Women Trafficking,0,0.0,380581,177713,86.63,False,False,ok,True
A & N Islands,AN,Union Territory,Islands,2002,WT,Women Trafficking,0,0.0,380581,177713,86.63,False,False,ok,True
A & N Islands,AN,Union Territory,Islands,2003,WT,Women Trafficking,0,0.0,380581,177713,86.63,False,False,ok,True
A & N Islands,AN,Union Territory,Islands,2004,WT,Women Trafficking,0,0.0,380581,177713,86.63,False,False,ok,True
A & N Islands,AN,Union Territory,Islands,2005,WT,Women Trafficking,0,0.0,380581,177713,86.63,False,False,ok,True
A & N Islands,AN,Union Territory,Islands,2006,WT,Women Trafficking,0,0.0,380581,177713,86.63,False,False,ok,True
A & N Islands,AN,Union Territory,Islands,2007,WT,Women Trafficking,0,0.0,380581,177713,86.63,False,False,ok,True
A & N Islands,AN,Union Territory,Islands,2008,WT,Women Trafficking,0,0.0,380581,177713,86.63,False,False,ok,True
A & N Islands,AN,Union Territory,Islands,2009,WT,Women Trafficking,0,0.0,380581,177713,86.63,False,False,ok,True
A & N Islands,AN,Union Territory,Islands,2010,WT,Women Trafficking,0,0.0,380581,177713,86.63,False,False,ok,True
A & N Islands,AN,Union Territory,Islands,2011,WT,Women Trafficking,3,1.69,380581,177713,86.63,False,False,ok,True
A & N Islands,AN,Union Territory,Islands,2012,WT,Women Trafficking,2,1.13,380581,177713,86.63,False,False,ok,True
A & N Islands,AN,Union Territory,Islands,2013,WT,Women Trafficking,4,2.25,380581,177713,86.63,False,False,ok,True
A & N Islands,AN,Union Territory,Islands,2014,WT,Women Trafficking,1,0.56,380581,177713,86.63,False,False,ok,True
A & N Islands,AN,Union Territory,Islands,2015,WT,Women Trafficking,0,0.0,380581,177713,86.63,False,False,ok,True
A & N Islands,AN,Union Territory,Islands,2016,WT,Women Trafficking,0,0.0,380581,177713,86.63,False,False,ok,True
A & N Islands,AN,Union Territory,Islands,2017,WT,Women Trafficking,0,0.0,380581,177713,86.63,False,False,ok,True
A & N Islands,AN,Union Territory,Islands,2018,WT,Women Trafficking,0,0.0,380581,177713,86.63,False,False,ok,True
A & N Islands,AN,Union Territory,Islands,2019,WT,Women Trafficking,0,0.0,380581,177713,86.63,False,False,ok,True
A & N Islands,AN,Union Territory,Islands,2020,WT,Women Trafficking,0,0.0,380581,177713,86.63,False,False,ok,True
A & N Islands,AN,Union Territory,Islands,2021,WT,Women Trafficking,0,0.0,380581,177713,86.63,False,False,ok,True
Andhra Pradesh,AP,State,South,2001,WT,Women Trafficking,7,0.03,49386799,24606669,67.02,False,False,ok,True
Andhra Pradesh,AP,State,South,2002,WT,Women Trafficking,0,0.0,49386799,24606669,67.02,False,False,ok,True
Andhra Pradesh,AP,State,South,2003,WT,Women Trafficking,5,0.02,49386799,24606669,67.02,False,False,ok,True
Andhra Pradesh,AP,State,South,2004,WT,Women Trafficking,2,0.01,49386799,24606669,67.02,False,False,ok,True
Andhra Pradesh,AP,State,South,2005,WT,Women Trafficking,3,0.01,49386799,24606669,67.02,False,False,ok,True
Andhra Pradesh,AP,State,South,2006,WT,Women Trafficking,0,0.0,49386799,24606669,67.02,False,False,ok,True
Andhra Pradesh,AP,State,South,2007,WT,Women Trafficking,0,0.0,49386799,24606669,67.02,False,False,ok,True
Andhra Pradesh,AP,State,South,2008,WT,Women Trafficking,0,0.0,49386799,24606669,67.02,False,False,ok,True
Andhra Pradesh,AP,State,South,2009,WT,Women Trafficking,0,0.0,49386799,24606669,67.02,False,False,ok,True
Andhra Pradesh,AP,State,South,2010,WT,Women Trafficking,0,0.0,49386799,24606669,67.02,False,False,ok,True
Andhra Pradesh,AP,State,South,2011,WT,Women Trafficking,497,2.02,49386799,24606669,67.02,False,False,ok,True
Andhra Pradesh,AP,State,South,2012,WT,Women Trafficking,472,1.92,49386799,24606669,67.02,False,False,ok,True
Andhra Pradesh,AP,State,South,2013,WT,Women Trafficking,489,1.99,49386799,24606669,67.02,False,False,ok,True
Andhra Pradesh,AP,State,South,2014,WT,Women Trafficking,204,0.83,49386799,24606669,67.02,False,False,ok,True
Andhra Pradesh,AP,State,South,2015,WT,Women Trafficking,204,0.83,49386799,24606669,67.02,False,False,ok,True
Andhra Pradesh,AP,State,South,2016,WT,Women Trafficking,186,0.76,49386799,24606669,67.02,False,False,ok,True
Andhra Pradesh,AP,State,South,2017,WT,Women Trafficking,121,0.49,49386799,24606669,67.02,False,False,ok,True
Andhra Pradesh,AP,State,South,2018,WT,Women Trafficking,152,0.62,49386799,24606669,67.02,False,False,ok,True
Andhra Pradesh,AP,State,South,2019,WT,Women Trafficking,88,0.36,49386799,24606669,67.02,False,False,ok,True
Andhra Pradesh,AP,State,South,2020,WT,Women Trafficking,48,0.2,49386799,24606669,67.02,False,False,ok,True
Andhra Pradesh,AP,State,South,2021,WT,Women Trafficking,70,0.28,49386799,24606669,67.02,False,False,ok,True
Arunachal Pradesh,AR,State,North East,2001,WT,Women Trafficking,0,0.0,1383727,669730,65.38,False,False,ok,True
Arunachal Pradesh,AR,State,North East,2002,WT,Women Trafficking,0,0.0,1383727,669730,65.38,False,False,ok,True
Arunachal Pradesh,AR,State,North East,2003,WT,Women Trafficking,0,0.0,1383727,669730,65.38,False,False,ok,True
Arunachal Pradesh,AR,State,North East,2004,WT,Women Trafficking,0,0.0,1383727,669730,65.38,False,False,ok,True
Arunachal Pradesh,AR,State,North East,2005,WT,Women Trafficking,0,0.0,1383727,669730,65.38,False,False,ok,True
Arunachal Pradesh,AR,State,North East,2006,WT,Women Trafficking,0,0.0,1383727,669730,65.38,False,False,ok,True
Arunachal Pradesh,AR,State,North East,2007,WT,Women Trafficking,0,0.0,1383727,669730,65.38,False,False,ok,True
Arunachal Pradesh,AR,State,North East,2008,WT,Women Trafficking,0,0.0,1383727,669730,65.38,False,False,ok,True
Arunachal Pradesh,AR,State,North East,2009,WT,Women Trafficking,0,0.0,1383727,669730,65.38,False,False,ok,True
Arunachal Pradesh,AR,State,North East,2010,WT,Women Trafficking,0,0.0,1383727,669730,65.38,False,False,ok,True
Arunachal Pradesh,AR,State,North East,2011,WT,Women Trafficking,0,0.0,1383727,669730,65.38,False,False,ok,True
Arunachal Pradesh,AR,State,North East,2012,WT,Women Trafficking,1,0.15,1383727,669730,65.38,False,False,ok,True
Arunachal Pradesh,AR,State,North East,2013,WT,Women Trafficking,2,0.3,1383727,669730,65.38,False,False,ok,True
Arunachal Pradesh,AR,State,North East,2014,WT,Women Trafficking,0,0.0,1383727,669730,65.38,False,False,ok,True
Arunachal Pradesh,AR,State,North East,2015,WT,Women Trafficking,2,0.3,1383727,669730,65.38,False,False,ok,True
Arunachal Pradesh,AR,State,North East,2016,WT,Women Trafficking,0,0.0,1383727,669730,65.38,False,False,ok,True
Arunachal Pradesh,AR,State,North East,2017,WT,Women Trafficking,2,0.3,1383727,669730,65.38,False,False,ok,True
Arunachal Pradesh,AR,State,North East,2018,WT,Women Trafficking,0,0.0,1383727,669730,65.38,False,False,ok,True
Arunachal Pradesh,AR,State,North East,2019,WT,Women Trafficking,0,0.0,1383727,669730,65.38,False,False,ok,True
Arunachal Pradesh,AR,State,North East,2020,WT,Women Trafficking,0,0.0,1383727,669730,65.38,False,False,ok,True
Arunachal Pradesh,AR,State,North East,2021,WT,Women Trafficking,0,0.0,1383727,669730,65.38,False,False,ok,True
Assam,AS,State,North East,2001,WT,Women Trafficking,0,0.0,31205576,15268101,72.19,False,False,ok,True
Assam,AS,State,North East,2002,WT,Women Trafficking,0,0.0,31205576,15268101,72.19,False,False,ok,True
Assam,AS,State,North East,2003,WT,Women Trafficking,0,0.0,31205576,15268101,72.19,False,False,ok,True
Assam,AS,State,North East,2004,WT,Women Trafficking,0,0.0,31205576,15268101,72.19,False,False,ok,True
Assam,AS,State,North East,2005,WT,Women Trafficking,3,0.02,31205576,15268101,72.19,False,False,ok,True
Assam,AS,State,North East,2006,WT,Women Trafficking,0,0.0,31205576,15268101,72.19,False,False,ok,True
Assam,AS,State,North East,2007,WT,Women Trafficking,0,0.0,31205576,15268101,72.19,False,False,ok,True
Assam,AS,State,North East,2008,WT,Women Trafficking,0,0.0,31205576,15268101,72.19,False,False,ok,True
Assam,AS,State,North East,2009,WT,Women Trafficking,1,0.01,31205576,15268101,72.19,False,False,ok,True
Assam,AS,State,North East,2010,WT,Women Trafficking,0,0.0,31205576,15268101,72.19,False,False,ok,True
Assam,AS,State,North East,2011,WT,Women Trafficking,21,0.14,31205576,15268101,72.19,False,False,ok,True
Assam,AS,State,North East,2012,WT,Women Trafficking,30,0.2,31205576,15268101,72.19,False,False,ok,True
Assam,AS,State,North East,2013,WT,Women Trafficking,18,0.12,31205576,15268101,72.19,False,False,ok,True
Assam,AS,State,North East,2014,WT,Women Trafficking,29,0.19,31205576,15268101,72.19,False,False,ok,True
Assam,AS,State,North East,2015,WT,Women Trafficking,47,0.31,31205576,15268101,72.19,False,False,ok,True
Assam,AS,State,North East,2016,WT,Women Trafficking,65,0.43,31205576,15268101,72.19,False,False,ok,True
Assam,AS,State,North East,2017,WT,Women Trafficking,40,0.26,31205576,15268101,72.19,False,False,ok,True
Assam,AS,State,North East,2018,WT,Women Trafficking,37,0.24,31205576,15268101,72.19,False,False,ok,True
Assam,AS,State,North East,2019,WT,Women Trafficking,12,0.08,31205576,15268101,72.19,False,False,ok,True
Assam,AS,State,North East,2020,WT,Women Trafficking,18,0.12,31205576,15268101,72.19,False,False,ok,True
Assam,AS,State,North East,2021,WT,Women Trafficking,22,0.14,31205576,15268101,72.19,False,False,ok,True
Bihar,BR,State,East,2001,WT,Women Trafficking,83,0.17,104099452,49824451,61.8,False,False,ok,True
Bihar,BR,State,East,2002,WT,Women Trafficking,38,0.08,104099452,49824451,61.8,False,False,ok,True
Bihar,BR,State,East,2003,WT,Women Trafficking,37,0.07,104099452,49824451,61.8,False,False,ok,True
Bihar,BR,State,East,2004,WT,Women Trafficking,35,0.07,104099452,49824451,61.8,False,False,ok,True
Bihar,BR,State,East,2005,WT,Women Trafficking,74,0.15,104099452,49824451,61.8,False,False,ok,True
Bihar,BR,State,East,2006,WT,Women Trafficking,42,0.08,104099452,49824451,61.8,False,False,ok,True
Bihar,BR,State,East,2007,WT,Women Trafficking,56,0.11,104099452,49824451,61.8,False,False,ok,True
Bihar,BR,State,East,2008,WT,Women Trafficking,22,0.04,104099452,49824451,61.8,False,False,ok,True
Bihar,BR,State,East,2009,WT,Women Trafficking,31,0.06,104099452,49824451,61.8,False,False,ok,True
Bihar,BR,State,East,2010,WT,Women Trafficking,8,0.02,104099452,49824451,61.8,False,False,ok,True
Bihar,BR,State,East,2011,WT,Women Trafficking,23,0.05,104099452,49824451,61.8,False,False,ok,True
Bihar,BR,State,East,2012,WT,Women Trafficking,35,0.07,104099452,49824451,61.8,False,False,ok,True
Bihar,BR,State,East,2013,WT,Women Trafficking,64,0.13,104099452,49824451,61.8,False,False,ok,True
Bihar,BR,State,East,2014,WT,Women Trafficking,31,0.06,104099452,49824451,61.8,False,False,ok,True
Bihar,BR,State,East,2015,WT,Women Trafficking,21,0.04,104099452,49824451,61.8,False,False,ok,True
Bihar,BR,State,East,2016,WT,Women Trafficking,50,0.1,104099452,49824451,61.8,False,False,ok,True
Bihar,BR,State,East,2017,WT,Women Trafficking,24,0.05,104099452,49824451,61.8,False,False,ok,True
Bihar,BR,State,East,2018,WT,Women Trafficking,49,0.1,104099452,49824451,61.8,False,False,ok,True
Bihar,BR,State,East,2019,WT,Women Trafficking,40,0.08,104099452,49824451,61.8,False,False,ok,True
Bihar,BR,State,East,2020,WT,Women Trafficking,30,0.06,104099452,49824451,61.8,False,False,ok,True
Bihar,BR,State,East,2021,WT,Women Trafficking,32,0.06,104099452,49824451,61.8,False,False,ok,True
Chandigarh,CH,Union Territory,North,2001,WT,Women Trafficking,0,0.0,1055450,474894,86.05,False,False,ok,True
Chandigarh,CH,Union Territory,North,2002,WT,Women Trafficking,0,0.0,1055450,474894,86.05,False,False,ok,True
Chandigarh,CH,Union Territory,North,2003,WT,Women Trafficking,0,0.0,1055450,474894,86.05,False,False,ok,True
Chandigarh,CH,Union Territory,North,2004,WT,Women Trafficking,0,0.0,1055450,474894,86.05,False,False,ok,True
Chandigarh,CH,Union Territory,North,2005,WT,Women Trafficking,0,0.0,1055450,474894,86.05,False,False,ok,True
Chandigarh,CH,Union Territory,North,2006,WT,Women Trafficking,0,0.0,1055450,474894,86.05,False,False,ok,True
Chandigarh,CH,Union Territory,North,2007,WT,Women Trafficking,0,0.0,1055450,474894,86.05,False,False,ok,True
Chandigarh,CH,Union Territory,North,2008,WT,Women Trafficking,0,0.0,1055450,474894,86.05,False,False,ok,True
Chandigarh,CH,Union Territory,North,2009,WT,Women Trafficking,0,0.0,1055450,474894,86.05,False,False,ok,True
Chandigarh,CH,Union Territory,North,2010,WT,Women Trafficking,0,0.0,1055450,474894,86.05,False,False,ok,True
Chandigarh,CH,Union Territory,North,2011,WT,Women Trafficking,1,0.21,1055450,474894,86.05,False,False,ok,True
Chandigarh,CH,Union Territory,North,2012,WT,Women Trafficking,0,0.0,1055450,474894,86.05,False,False,ok,True
Chandigarh,CH,Union Territory,North,2013,WT,Women Trafficking,6,1.26,1055450,474894,86.05,False,False,ok,True
Chandigarh,CH,Union Territory,North,2014,WT,Women Trafficking,0,0.0,1055450,474894,86.05,False,False,ok,True
Chandigarh,CH,Union Territory,North,2015,WT,Women Trafficking,0,0.0,1055450,474894,86.05,False,False,ok,True
Chandigarh,CH,Union Territory,North,2016,WT,Women Trafficking,0,0.0,1055450,474894,86.05,False,False,ok,True
Chandigarh,CH,Union Territory,North,2017,WT,Women Trafficking,0,0.0,1055450,474894,86.05,False,False,ok,True
Chandigarh,CH,Union Territory,North,2018,WT,Women Trafficking,0,0.0,1055450,474894,86.05,False,False,ok,True
Chandigarh,CH,Union Territory,North,2019,WT,Women Trafficking,0,0.0,1055450,474894,86.05,False,False,ok,True
Chandigarh,CH,Union Territory,North,2020,WT,Women Trafficking,0,0.0,1055450,474894,86.05,False,False,ok,True
Chandigarh,CH,Union Territory,North,2021,WT,Women Trafficking,0,0.0,1055450,474894,86.05,False,False,ok,True
Chhattisgarh,CG,State,Central,2001,WT,Women Trafficking,0,0.0,25545198,12714862,70.28,False,False,ok,True
Chhattisgarh,CG,State,Central,2002,WT,Women Trafficking,0,0.0,25545198,12714862,70.28,False,False,ok,True
Chhattisgarh,CG,State,Central,2003,WT,Women Trafficking,0,0.0,25545198,12714862,70.28,False,False,ok,True
Chhattisgarh,CG,State,Central,2004,WT,Women Trafficking,0,0.0,25545198,12714862,70.28,False,False,ok,True
Chhattisgarh,CG,State,Central,2005,WT,Women Trafficking,0,0.0,25545198,12714862,70.28,False,False,ok,True
Chhattisgarh,CG,State,Central,2006,WT,Women Trafficking,1,0.01,25545198,12714862,70.28,False,False,ok,True
Chhattisgarh,CG,State,Central,2007,WT,Women Trafficking,0,0.0,25545198,12714862,70.28,False,False,ok,True
Chhattisgarh,CG,State,Central,2008,WT,Women Trafficking,0,0.0,25545198,12714862,70.28,False,False,ok,True
Chhattisgarh,CG,State,Central,2009,WT,Women Trafficking,0,0.0,25545198,12714862,70.28,False,False,ok,True
Chhattisgarh,CG,State,Central,2010,WT,Women Trafficking,2,0.02,25545198,12714862,70.28,False,False,ok,True
Chhattisgarh,CG,State,Central,2011,WT,Women Trafficking,15,0.12,25545198,12714862,70.28,False,False,ok,True
Chhattisgarh,CG,State,Central,2012,WT,Women Trafficking,5,0.04,25545198,12714862,70.28,False,False,ok,True
Chhattisgarh,CG,State,Central,2013,WT,Women Trafficking,8,0.06,25545198,12714862,70.28,False,False,ok,True
Chhattisgarh,CG,State,Central,2014,WT,Women Trafficking,2,0.02,25545198,12714862,70.28,False,False,ok,True
Chhattisgarh,CG,State,Central,2015,WT,Women Trafficking,4,0.03,25545198,12714862,70.28,False,False,ok,True
Chhattisgarh,CG,State,Central,2016,WT,Women Trafficking,17,0.13,25545198,12714862,70.28,False,False,ok,True
Chhattisgarh,CG,State,Central,2017,WT,Women Trafficking,16,0.13,25545198,12714862,70.28,False,False,ok,True
Chhattisgarh,CG,State,Central,2018,WT,Women Trafficking,15,0.12,25545198,12714862,70.28,False,False,ok,True
Chhattisgarh,CG,State,Central,2019,WT,Women Trafficking,12,0.09,25545198,12714862,70.28,False,False,ok,True
Chhattisgarh,CG,State,Central,2020,WT,Women Trafficking,3,0.02,25545198,12714862,70.28,False,False,ok,True
Chhattisgarh,CG,State,Central,2021,WT,Women Trafficking,3,0.02,25545198,12714862,70.28,False,False,ok,True
D & N Haveli and Daman & Diu,DN,Union Territory,West,2001,WT,Women Trafficking,0,0.0,586956,242902,79.55,False,False,ok,True
D & N Haveli and Daman & Diu,DN,Union Territory,West,2002,WT,Women Trafficking,0,0.0,586956,242902,79.55,False,False,ok,True
D & N Haveli and Daman & Diu,DN,Union Territory,West,2003,WT,Women Trafficking,0,0.0,586956,242902,79.55,False,False,ok,True
D & N Haveli and Daman & Diu,DN,Union Territory,West,2004,WT,Women Trafficking,0,0.0,586956,242902,79.55,False,False,ok,True
D & N Haveli and Daman & Diu,DN,Union Territory,West,2005,WT,Women Trafficking,0,0.0,586956,242902,79.55,False,False,ok,True
D & N Haveli and Daman & Diu,DN,Union Territory,West,2006,WT,Women Trafficking,0,0.0,586956,242902,79.55,False,False,ok,True
D & N Haveli and Daman & Diu,DN,Union Territory,West,2007,WT,Women Trafficking,0,0.0,586956,242902,79.55,False,False,ok,True
D & N Haveli and Daman & Diu,DN,Union Territory,West,2008,WT,Women Trafficking,0,0.0,586956,242902,79.55,False,False,ok,True
D & N Haveli and Daman & Diu,DN,Union Territory,West,2009,WT,Women Trafficking,0,0.0,586956,242902,79.55,False,False,ok,True
D & N Haveli and Daman & Diu,DN,Union Territory,West,2010,WT,Women Trafficking,0,0.0,586956,242902,79.55,False,False,ok,True
D & N Haveli and Daman & Diu,DN,Union Territory,West,2011,WT,Women Trafficking,7,2.88,586956,242902,79.55,False,False,ok,True
D & N Haveli and Daman & Diu,DN,Union Territory,West,2012,WT,Women Trafficking,5,2.06,586956,242902,79.55,False,False,ok,True
D & N Haveli and Daman & Diu,DN,Union Territory,West,2013,WT,Women Trafficking,8,3.29,586956,242902,79.55,False,False,ok,True
D & N Haveli and Daman & Diu,DN,Union Territory,West,2014,WT,Women Trafficking,8,3.29,586956,242902,79.55,False,False,ok,True
D & N Haveli and Daman & Diu,DN,Union Territory,West,2015,WT,Women Trafficking,0,0.0,586956,242902,79.55,False,False,ok,True
D & N Haveli and Daman & Diu,DN,Union Territory,West,2016,WT,Women Trafficking,4,1.65,586956,242902,79.55,False,False,ok,True
D & N Haveli and Daman & Diu,DN,Union Territory,West,2017,WT,Women Trafficking,0,0.0,586956,242902,79.55,False,False,ok,True
D & N Haveli and Daman & Diu,DN,Union Territory,West,2018,WT,Women Trafficking,0,0.0,586956,242902,79.55,False,False,ok,True
D & N Haveli and Daman & Diu,DN,Union Territory,West,2019,WT,Women Trafficking,1,0.41,586956,242902,79.55,False,False,ok,True
D & N Haveli and Daman & Diu,DN,Union Territory,West,2020,WT,Women Trafficking,0,0.0,586956,242902,79.55,False,False,ok,True
D & N Haveli and Daman & Diu,DN,Union Territory,West,2021,WT,Women Trafficking,0,0.0,586956,242902,79.55,False,False,ok,True
Delhi UT,DL,Union Territory,North,2011,WT,Women Trafficking,33,0.42,16787941,7800821,86.21,False,False,ok,True
Delhi UT,DL,Union Territory,North,2012,WT,Women Trafficking,24,0.31,16787941,7800821,86.21,False,False,ok,True
Delhi UT,DL,Union Territory,North,2013,WT,Women Trafficking,20,0.26,16787941,7800821,86.21,False,False,ok,True
Delhi UT,DL,Union Territory,North,2014,WT,Women Trafficking,8,0.1,16787941,7800821,86.21,False,False,ok,True
Delhi UT,DL,Union Territory,North,2015,WT,Women Trafficking,3,0.04,16787941,7800821,86.21,False,False,ok,True
Delhi UT,DL,Union Territory,North,2016,WT,Women Trafficking,4,0.05,16787941,7800821,86.21,False,False,ok,True
Delhi UT,DL,Union Territory,North,2017,WT,Women Trafficking,6,0.08,16787941,7800821,86.21,False,False,ok,True
Delhi UT,DL,Union Territory,North,2018,WT,Women Trafficking,1,0.01,16787941,7800821,86.21,False,False,ok,True
Delhi UT,DL,Union Territory,North,2019,WT,Women Trafficking,4,0.05,16787941,7800821,86.21,False,False,ok,True
Delhi UT,DL,Union Territory,North,2020,WT,Women Trafficking,3,0.04,16787941,7800821,86.21,False,False,ok,True
Delhi UT,DL,Union Territory,North,2021,WT,Women Trafficking,4,0.05,16787941,7800821,86.21,False,False,ok,True
Goa,GA,State,West,2001,WT,Women Trafficking,0,0.0,1458545,719293,88.7,False,False,ok,True
Goa,GA,State,West,2002,WT,Women Trafficking,0,0.0,1458545,719293,88.7,False,False,ok,True
Goa,GA,State,West,2003,WT,Women Trafficking,0,0.0,1458545,719293,88.7,False,False,ok,True
Goa,GA,State,West,2004,WT,Women Trafficking,0,0.0,1458545,719293,88.7,False,False,ok,True
Goa,GA,State,West,2005,WT,Women Trafficking,0,0.0,1458545,719293,88.7,False,False,ok,True
Goa,GA,State,West,2006,WT,Women Trafficking,0,0.0,1458545,719293,88.7,False,False,ok,True
Goa,GA,State,West,2007,WT,Women Trafficking,0,0.0,1458545,719293,88.7,False,False,ok,True
Goa,GA,State,West,2008,WT,Women Trafficking,0,0.0,1458545,719293,88.7,False,False,ok,True
Goa,GA,State,West,2009,WT,Women Trafficking,0,0.0,1458545,719293,88.7,False,False,ok,True
Goa,GA,State,West,2010,WT,Women Trafficking,0,0.0,1458545,719293,88.7,False,False,ok,True
Goa,GA,State,West,2011,WT,Women Trafficking,18,2.5,1458545,719293,88.7,False,False,ok,True
Goa,GA,State,West,2012,WT,Women Trafficking,40,5.56,1458545,719293,88.7,False,False,ok,True
Goa,GA,State,West,2013,WT,Women Trafficking,28,3.89,1458545,719293,88.7,False,False,ok,True
Goa,GA,State,West,2014,WT,Women Trafficking,9,1.25,1458545,719293,88.7,False,False,ok,True
Goa,GA,State,West,2015,WT,Women Trafficking,3,0.42,1458545,719293,88.7,False,False,ok,True
Goa,GA,State,West,2016,WT,Women Trafficking,3,0.42,1458545,719293,88.7,False,False,ok,True
Goa,GA,State,West,2017,WT,Women Trafficking,1,0.14,1458545,719293,88.7,False,False,ok,True
Goa,GA,State,West,2018,WT,Women Trafficking,7,0.97,1458545,719293,88.7,False,False,ok,True
Goa,GA,State,West,2019,WT,Women Trafficking,1,0.14,1458545,719293,88.7,False,False,ok,True
Goa,GA,State,West,2020,WT,Women Trafficking,0,0.0,1458545,719293,88.7,False,False,ok,True
Goa,GA,State,West,2021,WT,Women Trafficking,1,0.14,1458545,719293,88.7,False,False,ok,True
Gujarat,GJ,State,West,2001,WT,Women Trafficking,0,0.0,60439692,28944282,78.03,False,False,ok,True
Gujarat,GJ,State,West,2002,WT,Women Trafficking,0,0.0,60439692,28944282,78.03,False,False,ok,True
Gujarat,GJ,State,West,2003,WT,Women Trafficking,0,0.0,60439692,28944282,78.03,False,False,ok,True
Gujarat,GJ,State,West,2004,WT,Women Trafficking,0,0.0,60439692,28944282,78.03,False,False,ok,True
Gujarat,GJ,State,West,2005,WT,Women Trafficking,0,0.0,60439692,28944282,78.03,False,False,ok,True
Gujarat,GJ,State,West,2006,WT,Women Trafficking,0,0.0,60439692,28944282,78.03,False,False,ok,True
Gujarat,GJ,State,West,2007,WT,Women Trafficking,0,0.0,60439692,28944282,78.03,False,False,ok,True
Gujarat,GJ,State,West,2008,WT,Women Trafficking,0,0.0,60439692,28944282,78.03,False,False,ok,True
Gujarat,GJ,State,West,2009,WT,Women Trafficking,0,0.0,60439692,28944282,78.03,False,False,ok,True
Gujarat,GJ,State,West,2010,WT,Women Trafficking,0,0.0,60439692,28944282,78.03,False,False,ok,True
Gujarat,GJ,State,West,2011,WT,Women Trafficking,46,0.16,60439692,28944282,78.03,False,False,ok,True
Gujarat,GJ,State,West,2012,WT,Women Trafficking,44,0.15,60439692,28944282,78.03,False,False,ok,True
Gujarat,GJ,State,West,2013,WT,Women Trafficking,76,0.26,60439692,28944282,78.03,False,False,ok,True
Gujarat,GJ,State,West,2014,WT,Women Trafficking,45,0.16,60439692,28944282,78.03,False,False,ok,True
Gujarat,GJ,State,West,2015,WT,Women Trafficking,35,0.12,60439692,28944282,78.03,False,False,ok,True
Gujarat,GJ,State,West,2016,WT,Women Trafficking,76,0.26,60439692,28944282,78.03,False,False,ok,True
Gujarat,GJ,State,West,2017,WT,Women Trafficking,28,0.1,60439692,28944282,78.03,False,False,ok,True
Gujarat,GJ,State,West,2018,WT,Women Trafficking,34,0.12,60439692,28944282,78.03,False,False,ok,True
Gujarat,GJ,State,West,2019,WT,Women Trafficking,24,0.08,60439692,28944282,78.03,False,False,ok,True
Gujarat,GJ,State,West,2020,WT,Women Trafficking,47,0.16,60439692,28944282,78.03,False,False,ok,True
Gujarat,GJ,State,West,2021,WT,Women Trafficking,38,0.13,60439692,28944282,78.03,False,False,ok,True
Haryana,HR,State,North,2001,WT,Women Trafficking,0,0.0,25351462,11859465,75.55,False,False,ok,True
Haryana,HR,State,North,2002,WT,Women Trafficking,0,0.0,25351462,11859465,75.55,False,False,ok,True
Haryana,HR,State,North,2003,WT,Women Trafficking,0,0.0,25351462,11859465,75.55,False,False,ok,True
Haryana,HR,State,North,2004,WT,Women Trafficking,0,0.0,25351462,11859465,75.55,False,False,ok,True
Haryana,HR,State,North,2005,WT,Women Trafficking,0,0.0,25351462,11859465,75.55,False,False,ok,True
Haryana,HR,State,North,2006,WT,Women Trafficking,0,0.0,25351462,11859465,75.55,False,False,ok,True
Haryana,HR,State,North,2007,WT,Women Trafficking,0,0.0,25351462,11859465,75.55,False,False,ok,True
Haryana,HR,State,North,2008,WT,Women Trafficking,0,0.0,25351462,11859465,75.55,False,False,ok,True
Haryana,HR,State,North,2009,WT,Women Trafficking,0,0.0,25351462,11859465,75.55,False,False,ok,True
Haryana,HR,State,North,2010,WT,Women Trafficking,0,0.0,25351462,11859465,75.55,False,False,ok,True
Haryana,HR,State,North,2011,WT,Women Trafficking,57,0.48,25351462,11859465,75.55,False,False,ok,True
Haryana,HR,State,North,2012,WT,Women Trafficking,69,0.58,25351462,11859465,75.55,False,False,ok,True
Haryana,HR,State,North,2013,WT,Women Trafficking,63,0.53,25351462,11859465,75.55,False,False,ok,True
Haryana,HR,State,North,2014,WT,Women Trafficking,43,0.36,25351462,11859465,75.55,False,False,ok,True
Haryana,HR,State,North,2015,WT,Women Trafficking,44,0.37,25351462,11859465,75.55,False,False,ok,True
Haryana,HR,State,North,2016,WT,Women Trafficking,59,0.5,25351462,11859465,75.55,False,False,ok,True
Haryana,HR,State,North,2017,WT,Women Trafficking,57,0.48,25351462,11859465,75.55,False,False,ok,True
Haryana,HR,State,North,2018,WT,Women Trafficking,43,0.36,25351462,11859465,75.55,False,False,ok,True
Haryana,HR,State,North,2019,WT,Women Trafficking,28,0.24,25351462,11859465,75.55,False,False,ok,True
Haryana,HR,State,North,2020,WT,Women Trafficking,28,0.24,25351462,11859465,75.55,False,False,ok,True
Haryana,HR,State,North,2021,WT,Women Trafficking,28,0.24,25351462,11859465,75.55,False,False,ok,True
Himachal Pradesh,HP,State,North,2001,WT,Women Trafficking,0,0.0,6864602,3383567,82.8,False,False,ok,True
Himachal Pradesh,HP,State,North,2002,WT,Women Trafficking,0,0.0,6864602,3383567,82.8,False,False,ok,True
Himachal Pradesh,HP,State,North,2003,WT,Women Trafficking,0,0.0,6864602,3383567,82.8,False,False,ok,True
Himachal Pradesh,HP,State,North,2004,WT,Women Trafficking,0,0.0,6864602,3383567,82.8,False,False,ok,True
Himachal Pradesh,HP,State,North,2005,WT,Women Trafficking,0,0.0,6864602,3383567,82.8,False,False,ok,True
Himachal Pradesh,HP,State,North,2006,WT,Women Trafficking,0,0.0,6864602,3383567,82.8,False,False,ok,True
Himachal Pradesh,HP,State,North,2007,WT,Women Trafficking,0,0.0,6864602,3383567,82.8,False,False,ok,True
Himachal Pradesh,HP,State,North,2008,WT,Women Trafficking,0,0.0,6864602,3383567,82.8,False,False,ok,True
Himachal Pradesh,HP,State,North,2009,WT,Women Trafficking,0,0.0,6864602,3383567,82.8,False,False,ok,True
Himachal Pradesh,HP,State,North,2010,WT,Women Trafficking,0,0.0,6864602,3383567,82.8,False,False,ok,True
Himachal Pradesh,HP,State,North,2011,WT,Women Trafficking,2,0.06,6864602,3383567,82.8,False,False,ok,True
Himachal Pradesh,HP,State,North,2012,WT,Women Trafficking,6,0.18,6864602,3383567,82.8,False,False,ok,True
Himachal Pradesh,HP,State,North,2013,WT,Women Trafficking,4,0.12,6864602,3383567,82.8,False,False,ok,True
Himachal Pradesh,HP,State,North,2014,WT,Women Trafficking,5,0.15,6864602,3383567,82.8,False,False,ok,True
Himachal Pradesh,HP,State,North,2015,WT,Women Trafficking,6,0.18,6864602,3383567,82.8,False,False,ok,True
Himachal Pradesh,HP,State,North,2016,WT,Women Trafficking,7,0.21,6864602,3383567,82.8,False,False,ok,True
Himachal Pradesh,HP,State,North,2017,WT,Women Trafficking,8,0.24,6864602,3383567,82.8,False,False,ok,True
Himachal Pradesh,HP,State,North,2018,WT,Women Trafficking,10,0.3,6864602,3383567,82.8,False,False,ok,True
Himachal Pradesh,HP,State,North,2019,WT,Women Trafficking,10,0.3,6864602,3383567,82.8,False,False,ok,True
Himachal Pradesh,HP,State,North,2020,WT,Women Trafficking,0,0.0,6864602,3383567,82.8,False,False,ok,True
Himachal Pradesh,HP,State,North,2021,WT,Women Trafficking,6,0.18,6864602,3383567,82.8,False,False,ok,True
Jammu & Kashmir,JK,Union Territory,North,2001,WT,Women Trafficking,0,0.0,12267013,5783391,67.16,False,False,ok,True
Jammu & Kashmir,JK,Union Territory,North,2002,WT,Women Trafficking,0,0.0,12267013,5783391,67.16,False,False,ok,True
Jammu & Kashmir,JK,Union Territory,North,2003,WT,Women Trafficking,0,0.0,12267013,5783391,67.16,False,False,ok,True
Jammu & Kashmir,JK,Union Territory,North,2004,WT,Women Trafficking,0,0.0,12267013,5783391,67.16,False,False,ok,True
Jammu & Kashmir,JK,Union Territory,North,2005,WT,Women Trafficking,0,0.0,12267013,5783391,67.16,False,False,ok,True
Jammu & Kashmir,JK,Union Territory,North,2006,WT,Women Trafficking,0,0.0,12267013,5783391,67.16,False,False,ok,True
Jammu & Kashmir,JK,Union Territory,North,2007,WT,Women Trafficking,0,0.0,12267013,5783391,67.16,False,False,ok,True
Jammu & Kashmir,JK,Union Territory,North,2008,WT,Women Trafficking,0,0.0,12267013,5783391,67.16,False,False,ok,True
Jammu & Kashmir,JK,Union Territory,North,2009,WT,Women Trafficking,0,0.0,12267013,5783391,67.16,False,False,ok,True
Jammu & Kashmir,JK,Union Territory,North,2010,WT,Women Trafficking,0,0.0,12267013,5783391,67.16,False,False,ok,True
Jammu & Kashmir,JK,Union Territory,North,2011,WT,Women Trafficking,1,0.02,12267013,5783391,67.16,False,False,ok,True
Jammu & Kashmir,JK,Union Territory,North,2012,WT,Women Trafficking,3,0.05,12267013,5783391,67.16,False,False,ok,True
Jammu & Kashmir,JK,Union Territory,North,2013,WT,Women Trafficking,1,0.02,12267013,5783391,67.16,False,False,ok,True
Jammu & Kashmir,JK,Union Territory,North,2014,WT,Women Trafficking,1,0.02,12267013,5783391,67.16,False,False,ok,True
Jammu & Kashmir,JK,Union Territory,North,2015,WT,Women Trafficking,0,0.0,12267013,5783391,67.16,False,False,ok,True
Jammu & Kashmir,JK,Union Territory,North,2016,WT,Women Trafficking,1,0.02,12267013,5783391,67.16,False,False,ok,True
Jammu & Kashmir,JK,Union Territory,North,2017,WT,Women Trafficking,0,0.0,12267013,5783391,67.16,False,False,ok,True
Jammu & Kashmir,JK,Union Territory,North,2018,WT,Women Trafficking,1,0.02,12267013,5783391,67.16,False,False,ok,True
Jammu & Kashmir,JK,Union Territory,North,2019,WT,Women Trafficking,0,0.0,12267013,5783391,67.16,False,False,ok,True
Jammu & Kashmir,JK,Union Territory,North,2020,WT,Women Trafficking,0,0.0,12267013,5783391,67.16,False,False,ok,True
Jammu & Kashmir,JK,Union Territory,North,2021,WT,Women Trafficking,1,0.02,12267013,5783391,67.16,False,False,ok,True
Jharkhand,JH,State,East,2001,WT,Women Trafficking,2,0.01,32988134,16053774,66.41,False,False,ok,True
Jharkhand,JH,State,East,2002,WT,Women Trafficking,36,0.22,32988134,16053774,66.41,False,False,ok,True
Jharkhand,JH,State,East,2003,WT,Women Trafficking,0,0.0,32988134,16053774,66.41,False,False,ok,True
Jharkhand,JH,State,East,2004,WT,Women Trafficking,36,0.22,32988134,16053774,66.41,False,False,ok,True
Jharkhand,JH,State,East,2005,WT,Women Trafficking,4,0.02,32988134,16053774,66.41,False,False,ok,True
Jharkhand,JH,State,East,2006,WT,Women Trafficking,5,0.03,32988134,16053774,66.41,False,False,ok,True
Jharkhand,JH,State,East,2007,WT,Women Trafficking,0,0.0,32988134,16053774,66.41,False,False,ok,True
Jharkhand,JH,State,East,2008,WT,Women Trafficking,39,0.24,32988134,16053774,66.41,False,False,ok,True
Jharkhand,JH,State,East,2009,WT,Women Trafficking,6,0.04,32988134,16053774,66.41,False,False,ok,True
Jharkhand,JH,State,East,2010,WT,Women Trafficking,8,0.05,32988134,16053774,66.41,False,False,ok,True
Jharkhand,JH,State,East,2011,WT,Women Trafficking,15,0.09,32988134,16053774,66.41,False,False,ok,True
Jharkhand,JH,State,East,2012,WT,Women Trafficking,12,0.07,32988134,16053774,66.41,False,False,ok,True
Jharkhand,JH,State,East,2013,WT,Women Trafficking,11,0.07,32988134,16053774,66.41,False,False,ok,True
Jharkhand,JH,State,East,2014,WT,Women Trafficking,11,0.07,32988134,16053774,66.41,False,False,ok,True
Jharkhand,JH,State,East,2015,WT,Women Trafficking,3,0.02,32988134,16053774,66.41,False,False,ok,True
Jharkhand,JH,State,East,2016,WT,Women Trafficking,0,0.0,32988134,16053774,66.41,False,False,ok,True
Jharkhand,JH,State,East,2017,WT,Women Trafficking,4,0.02,32988134,16053774,66.41,False,False,ok,True
Jharkhand,JH,State,East,2018,WT,Women Trafficking,9,0.06,32988134,16053774,66.41,False,False,ok,True
Jharkhand,JH,State,East,2019,WT,Women Trafficking,4,0.02,32988134,16053774,66.41,False,False,ok,True
Jharkhand,JH,State,East,2020,WT,Women Trafficking,2,0.01,32988134,16053774,66.41,False,False,ok,True
Jharkhand,JH,State,East,2021,WT,Women Trafficking,3,0.02,32988134,16053774,66.41,False,False,ok,True
Karnataka,KA,State,South,2001,WT,Women Trafficking,0,0.0,61095297,30129612,75.36,False,False,ok,True
Karnataka,KA,State,South,2002,WT,Women Trafficking,0,0.0,61095297,30129612,75.36,False,False,ok,True
Karnataka,KA,State,South,2003,WT,Women Trafficking,0,0.0,61095297,30129612,75.36,False,False,ok,True
Karnataka,KA,State,South,2004,WT,Women Trafficking,0,0.0,61095297,30129612,75.36,False,False,ok,True
Karnataka,KA,State,South,2005,WT,Women Trafficking,0,0.0,61095297,30129612,75.36,False,False,ok,True
Karnataka,KA,State,South,2006,WT,Women Trafficking,0,0.0,61095297,30129612,75.36,False,False,ok,True
Karnataka,KA,State,South,2007,WT,Women Trafficking,0,0.0,61095297,30129612,75.36,False,False,ok,True
Karnataka,KA,State,South,2008,WT,Women Trafficking,1,0.0,61095297,30129612,75.36,False,False,ok,True
Karnataka,KA,State,South,2009,WT,Women Trafficking,2,0.01,61095297,30129612,75.36,False,False,ok,True
Karnataka,KA,State,South,2010,WT,Women Trafficking,0,0.0,61095297,30129612,75.36,False,False,ok,True
Karnataka,KA,State,South,2011,WT,Women Trafficking,351,1.16,61095297,30129612,75.36,False,False,ok,True
Karnataka,KA,State,South,2012,WT,Women Trafficking,335,1.11,61095297,30129612,75.36,False,False,ok,True
Karnataka,KA,State,South,2013,WT,Women Trafficking,340,1.13,61095297,30129612,75.36,False,False,ok,True
Karnataka,KA,State,South,2014,WT,Women Trafficking,388,1.29,61095297,30129612,75.36,False,False,ok,True
Karnataka,KA,State,South,2015,WT,Women Trafficking,420,1.39,61095297,30129612,75.36,False,False,ok,True
Karnataka,KA,State,South,2016,WT,Women Trafficking,323,1.07,61095297,30129612,75.36,False,False,ok,True
Karnataka,KA,State,South,2017,WT,Women Trafficking,236,0.78,61095297,30129612,75.36,False,False,ok,True
Karnataka,KA,State,South,2018,WT,Women Trafficking,179,0.59,61095297,30129612,75.36,False,False,ok,True
Karnataka,KA,State,South,2019,WT,Women Trafficking,214,0.71,61095297,30129612,75.36,False,False,ok,True
Karnataka,KA,State,South,2020,WT,Women Trafficking,159,0.53,61095297,30129612,75.36,False,False,ok,True
Karnataka,KA,State,South,2021,WT,Women Trafficking,190,0.63,61095297,30129612,75.36,False,False,ok,True
Kerala,KL,State,South,2001,WT,Women Trafficking,0,0.0,33406061,17376281,94.0,False,False,ok,True
Kerala,KL,State,South,2002,WT,Women Trafficking,0,0.0,33406061,17376281,94.0,False,False,ok,True
Kerala,KL,State,South,2003,WT,Women Trafficking,0,0.0,33406061,17376281,94.0,False,False,ok,True
Kerala,KL,State,South,2004,WT,Women Trafficking,0,0.0,33406061,17376281,94.0,False,False,ok,True
Kerala,KL,State,South,2005,WT,Women Trafficking,0,0.0,33406061,17376281,94.0,False,False,ok,True
Kerala,KL,State,South,2006,WT,Women Trafficking,0,0.0,33406061,17376281,94.0,False,False,ok,True
Kerala,KL,State,South,2007,WT,Women Trafficking,0,0.0,33406061,17376281,94.0,False,False,ok,True
Kerala,KL,State,South,2008,WT,Women Trafficking,0,0.0,33406061,17376281,94.0,False,False,ok,True
Kerala,KL,State,South,2009,WT,Women Trafficking,0,0.0,33406061,17376281,94.0,False,False,ok,True
Kerala,KL,State,South,2010,WT,Women Trafficking,0,0.0,33406061,17376281,94.0,False,False,ok,True
Kerala,KL,State,South,2011,WT,Women Trafficking,197,1.13,33406061,17376281,94.0,False,False,ok,True
Kerala,KL,State,South,2012,WT,Women Trafficking,210,1.21,33406061,17376281,94.0,False,False,ok,True
Kerala,KL,State,South,2013,WT,Women Trafficking,180,1.04,33406061,17376281,94.0,False,False,ok,True
Kerala,KL,State,South,2014,WT,Women Trafficking,91,0.52,33406061,17376281,94.0,False,False,ok,True
Kerala,KL,State,South,2015,WT,Women Trafficking,135,0.78,33406061,17376281,94.0,False,False,ok,True
Kerala,KL,State,South,2016,WT,Women Trafficking,113,0.65,33406061,17376281,94.0,False,False,ok,True
Kerala,KL,State,South,2017,WT,Women Trafficking,21,0.12,33406061,17376281,94.0,False,False,ok,True
Kerala,KL,State,South,2018,WT,Women Trafficking,4,0.02,33406061,17376281,94.0,False,False,ok,True
Kerala,KL,State,South,2019,WT,Women Trafficking,10,0.06,33406061,17376281,94.0,False,False,ok,True
Kerala,KL,State,South,2020,WT,Women Trafficking,5,0.03,33406061,17376281,94.0,False,False,ok,True
Kerala,KL,State,South,2021,WT,Women Trafficking,5,0.03,33406061,17376281,94.0,False,False,ok,True
Ladakh,LA,Union Territory,North,2020,WT,Women Trafficking,0,0.0,274289,117552,77.2,False,False,ok,True
Ladakh,LA,Union Territory,North,2021,WT,Women Trafficking,0,0.0,274289,117552,77.2,False,False,ok,True
Lakshadweep,LD,Union Territory,Islands,2001,WT,Women Trafficking,0,0.0,64473,31342,91.85,False,False,ok,True
Lakshadweep,LD,Union Territory,Islands,2002,WT,Women Trafficking,0,0.0,64473,31342,91.85,False,False,ok,True
Lakshadweep,LD,Union Territory,Islands,2003,WT,Women Trafficking,0,0.0,64473,31342,91.85,False,False,ok,True
Lakshadweep,LD,Union Territory,Islands,2004,WT,Women Trafficking,0,0.0,64473,31342,91.85,False,False,ok,True
Lakshadweep,LD,Union Territory,Islands,2005,WT,Women Trafficking,0,0.0,64473,31342,91.85,False,False,ok,True
Lakshadweep,LD,Union Territory,Islands,2006,WT,Women Trafficking,0,0.0,64473,31342,91.85,False,False,ok,True
Lakshadweep,LD,Union Territory,Islands,2007,WT,Women Trafficking,0,0.0,64473,31342,91.85,False,False,ok,True
Lakshadweep,LD,Union Territory,Islands,2008,WT,Women Trafficking,0,0.0,64473,31342,91.85,False,False,ok,True
Lakshadweep,LD,Union Territory,Islands,2009,WT,Women Trafficking,0,0.0,64473,31342,91.85,False,False,ok,True
Lakshadweep,LD,Union Territory,Islands,2010,WT,Women Trafficking,0,0.0,64473,31342,91.85,False,False,ok,True
Lakshadweep,LD,Union Territory,Islands,2011,WT,Women Trafficking,0,0.0,64473,31342,91.85,False,False,ok,True
Lakshadweep,LD,Union Territory,Islands,2012,WT,Women Trafficking,0,0.0,64473,31342,91.85,False,False,ok,True
Lakshadweep,LD,Union Territory,Islands,2013,WT,Women Trafficking,0,0.0,64473,31342,91.85,False,False,ok,True
Lakshadweep,LD,Union Territory,Islands,2014,WT,Women Trafficking,0,0.0,64473,31342,91.85,False,False,ok,True
Lakshadweep,LD,Union Territory,Islands,2015,WT,Women Trafficking,0,0.0,64473,31342,91.85,False,False,ok,True
Lakshadweep,LD,Union Territory,Islands,2016,WT,Women Trafficking,0,0.0,64473,31342,91.85,False,False,ok,True
Lakshadweep,LD,Union Territory,Islands,2017,WT,Women Trafficking,0,0.0,64473,31342,91.85,False,False,ok,True
Lakshadweep,LD,Union Territory,Islands,2018,WT,Women Trafficking,0,0.0,64473,31342,91.85,False,False,ok,True
Lakshadweep,LD,Union Territory,Islands,2019,WT,Women Trafficking,0,0.0,64473,31342,91.85,False,False,ok,True
Lakshadweep,LD,Union Territory,Islands,2020,WT,Women Trafficking,0,0.0,64473,31342,91.85,False,False,ok,True
Lakshadweep,LD,Union Territory,Islands,2021,WT,Women Trafficking,0,0.0,64473,31342,91.85,False,False,ok,True
Madhya Pradesh,MP,State,Central,2001,WT,Women Trafficking,0,0.0,72626809,35015826,69.32,False,False,ok,True
Madhya Pradesh,MP,State,Central,2002,WT,Women Trafficking,0,0.0,72626809,35015826,69.32,False,False,ok,True
Madhya Pradesh,MP,State,Central,2003,WT,Women Trafficking,0,0.0,72626809,35015826,69.32,False,False,ok,True
Madhya Pradesh,MP,State,Central,2004,WT,Women Trafficking,0,0.0,72626809,35015826,69.32,False,False,ok,True
Madhya Pradesh,MP,State,Central,2005,WT,Women Trafficking,3,0.01,72626809,35015826,69.32,False,False,ok,True
Madhya Pradesh,MP,State,Central,2006,WT,Women Trafficking,0,0.0,72626809,35015826,69.32,False,False,ok,True
Madhya Pradesh,MP,State,Central,2007,WT,Women Trafficking,0,0.0,72626809,35015826,69.32,False,False,ok,True
Madhya Pradesh,MP,State,Central,2008,WT,Women Trafficking,0,0.0,72626809,35015826,69.32,False,False,ok,True
Madhya Pradesh,MP,State,Central,2009,WT,Women Trafficking,1,0.0,72626809,35015826,69.32,False,False,ok,True
Madhya Pradesh,MP,State,Central,2010,WT,Women Trafficking,5,0.01,72626809,35015826,69.32,False,False,ok,True
Madhya Pradesh,MP,State,Central,2011,WT,Women Trafficking,24,0.07,72626809,35015826,69.32,False,False,ok,True
Madhya Pradesh,MP,State,Central,2012,WT,Women Trafficking,13,0.04,72626809,35015826,69.32,False,False,ok,True
Madhya Pradesh,MP,State,Central,2013,WT,Women Trafficking,22,0.06,72626809,35015826,69.32,False,False,ok,True
Madhya Pradesh,MP,State,Central,2014,WT,Women Trafficking,15,0.04,72626809,35015826,69.32,False,False,ok,True
Madhya Pradesh,MP,State,Central,2015,WT,Women Trafficking,25,0.07,72626809,35015826,69.32,False,False,ok,True
Madhya Pradesh,MP,State,Central,2016,WT,Women Trafficking,20,0.06,72626809,35015826,69.32,False,False,ok,True
Madhya Pradesh,MP,State,Central,2017,WT,Women Trafficking,27,0.08,72626809,35015826,69.32,False,False,ok,True
Madhya Pradesh,MP,State,Central,2018,WT,Women Trafficking,40,0.11,72626809,35015826,69.32,False,False,ok,True
Madhya Pradesh,MP,State,Central,2019,WT,Women Trafficking,21,0.06,72626809,35015826,69.32,False,False,ok,True
Madhya Pradesh,MP,State,Central,2020,WT,Women Trafficking,14,0.04,72626809,35015826,69.32,False,False,ok,True
Madhya Pradesh,MP,State,Central,2021,WT,Women Trafficking,15,0.04,72626809,35015826,69.32,False,False,ok,True
Maharashtra,MH,State,West,2001,WT,Women Trafficking,1,0.0,112374333,54119106,82.34,False,False,ok,True
Maharashtra,MH,State,West,2002,WT,Women Trafficking,0,0.0,112374333,54119106,82.34,False,False,ok,True
Maharashtra,MH,State,West,2003,WT,Women Trafficking,0,0.0,112374333,54119106,82.34,False,False,ok,True
Maharashtra,MH,State,West,2004,WT,Women Trafficking,0,0.0,112374333,54119106,82.34,False,False,ok,True
Maharashtra,MH,State,West,2005,WT,Women Trafficking,0,0.0,112374333,54119106,82.34,False,False,ok,True
Maharashtra,MH,State,West,2006,WT,Women Trafficking,1,0.0,112374333,54119106,82.34,False,False,ok,True
Maharashtra,MH,State,West,2007,WT,Women Trafficking,0,0.0,112374333,54119106,82.34,False,False,ok,True
Maharashtra,MH,State,West,2008,WT,Women Trafficking,0,0.0,112374333,54119106,82.34,False,False,ok,True
Maharashtra,MH,State,West,2009,WT,Women Trafficking,0,0.0,112374333,54119106,82.34,False,False,ok,True
Maharashtra,MH,State,West,2010,WT,Women Trafficking,0,0.0,112374333,54119106,82.34,False,False,ok,True
Maharashtra,MH,State,West,2011,WT,Women Trafficking,390,0.72,112374333,54119106,82.34,False,False,ok,True
Maharashtra,MH,State,West,2012,WT,Women Trafficking,366,0.68,112374333,54119106,82.34,False,False,ok,True
Maharashtra,MH,State,West,2013,WT,Women Trafficking,289,0.53,112374333,54119106,82.34,False,False,ok,True
Maharashtra,MH,State,West,2014,WT,Women Trafficking,202,0.37,112374333,54119106,82.34,False,False,ok,True
Maharashtra,MH,State,West,2015,WT,Women Trafficking,381,0.7,112374333,54119106,82.34,False,False,ok,True
Maharashtra,MH,State,West,2016,WT,Women Trafficking,303,0.56,112374333,54119106,82.34,False,False,ok,True
Maharashtra,MH,State,West,2017,WT,Women Trafficking,248,0.46,112374333,54119106,82.34,False,False,ok,True
Maharashtra,MH,State,West,2018,WT,Women Trafficking,200,0.37,112374333,54119106,82.34,False,False,ok,True
Maharashtra,MH,State,West,2019,WT,Women Trafficking,152,0.28,112374333,54119106,82.34,False,False,ok,True
Maharashtra,MH,State,West,2020,WT,Women Trafficking,85,0.16,112374333,54119106,82.34,False,False,ok,True
Maharashtra,MH,State,West,2021,WT,Women Trafficking,95,0.18,112374333,54119106,82.34,False,False,ok,True
Manipur,MN,State,North East,2001,WT,Women Trafficking,0,0.0,2855794,1417107,76.94,False,False,ok,True
Manipur,MN,State,North East,2002,WT,Women Trafficking,0,0.0,2855794,1417107,76.94,False,False,ok,True
Manipur,MN,State,North East,2003,WT,Women Trafficking,0,0.0,2855794,1417107,76.94,False,False,ok,True
Manipur,MN,State,North East,2004,WT,Women Trafficking,0,0.0,2855794,1417107,76.94,False,False,ok,True
Manipur,MN,State,North East,2005,WT,Women Trafficking,0,0.0,2855794,1417107,76.94,False,False,ok,True
Manipur,MN,State,North East,2006,WT,Women Trafficking,0,0.0,2855794,1417107,76.94,False,False,ok,True
Manipur,MN,State,North East,2007,WT,Women Trafficking,0,0.0,2855794,1417107,76.94,False,False,ok,True
Manipur,MN,State,North East,2008,WT,Women Trafficking,0,0.0,2855794,1417107,76.94,False,False,ok,True
Manipur,MN,State,North East,2009,WT,Women Trafficking,0,0.0,2855794,1417107,76.94,False,False,ok,True
Manipur,MN,State,North East,2010,WT,Women Trafficking,0,0.0,2855794,1417107,76.94,False,False,ok,True
Manipur,MN,State,North East,2011,WT,Women Trafficking,0,0.0,2855794,1417107,76.94,False,False,ok,True
Manipur,MN,State,North East,2012,WT,Women Trafficking,15,1.06,2855794,1417107,76.94,False,False,ok,True
Manipur,MN,State,North East,2013,WT,Women Trafficking,0,0.0,2855794,1417107,76.94,False,False,ok,True
Manipur,MN,State,North East,2014,WT,Women Trafficking,0,0.0,2855794,1417107,76.94,False,False,ok,True
Manipur,MN,State,North East,2015,WT,Women Trafficking,0,0.0,2855794,1417107,76.94,False,False,ok,True
Manipur,MN,State,North East,2016,WT,Women Trafficking,0,0.0,2855794,1417107,76.94,False,False,ok,True
Manipur,MN,State,North East,2017,WT,Women Trafficking,0,0.0,2855794,1417107,76.94,False,False,ok,True
Manipur,MN,State,North East,2018,WT,Women Trafficking,0,0.0,2855794,1417107,76.94,False,False,ok,True
Manipur,MN,State,North East,2019,WT,Women Trafficking,0,0.0,2855794,1417107,76.94,False,False,ok,True
Manipur,MN,State,North East,2020,WT,Women Trafficking,0,0.0,2855794,1417107,76.94,False,False,ok,True
Manipur,MN,State,North East,2021,WT,Women Trafficking,0,0.0,2855794,1417107,76.94,False,False,ok,True
Meghalaya,ML,State,North East,2001,WT,Women Trafficking,0,0.0,2966889,1475240,74.43,False,False,ok,True
Meghalaya,ML,State,North East,2002,WT,Women Trafficking,0,0.0,2966889,1475240,74.43,False,False,ok,True
Meghalaya,ML,State,North East,2003,WT,Women Trafficking,0,0.0,2966889,1475240,74.43,False,False,ok,True
Meghalaya,ML,State,North East,2004,WT,Women Trafficking,0,0.0,2966889,1475240,74.43,False,False,ok,True
Meghalaya,ML,State,North East,2005,WT,Women Trafficking,0,0.0,2966889,1475240,74.43,False,False,ok,True
Meghalaya,ML,State,North East,2006,WT,Women Trafficking,0,0.0,2966889,1475240,74.43,False,False,ok,True
Meghalaya,ML,State,North East,2007,WT,Women Trafficking,0,0.0,2966889,1475240,74.43,False,False,ok,True
Meghalaya,ML,State,North East,2008,WT,Women Trafficking,0,0.0,2966889,1475240,74.43,False,False,ok,True
Meghalaya,ML,State,North East,2009,WT,Women Trafficking,1,0.07,2966889,1475240,74.43,False,False,ok,True
Meghalaya,ML,State,North East,2010,WT,Women Trafficking,0,0.0,2966889,1475240,74.43,False,False,ok,True
Meghalaya,ML,State,North East,2011,WT,Women Trafficking,2,0.14,2966889,1475240,74.43,False,False,ok,True
Meghalaya,ML,State,North East,2012,WT,Women Trafficking,7,0.47,2966889,1475240,74.43,False,False,ok,True
Meghalaya,ML,State,North East,2013,WT,Women Trafficking,4,0.27,2966889,1475240,74.43,False,False,ok,True
Meghalaya,ML,State,North East,2014,WT,Women Trafficking,3,0.2,2966889,1475240,74.43,False,False,ok,True
Meghalaya,ML,State,North East,2015,WT,Women Trafficking,0,0.0,2966889,1475240,74.43,False,False,ok,True
Meghalaya,ML,State,North East,2016,WT,Women Trafficking,2,0.14,2966889,1475240,74.43,False,False,ok,True
Meghalaya,ML,State,North East,2017,WT,Women Trafficking,0,0.0,2966889,1475240,74.43,False,False,ok,True
Meghalaya,ML,State,North East,2018,WT,Women Trafficking,2,0.14,2966889,1475240,74.43,False,False,ok,True
Meghalaya,ML,State,North East,2019,WT,Women Trafficking,3,0.2,2966889,1475240,74.43,False,False,ok,True
Meghalaya,ML,State,North East,2020,WT,Women Trafficking,0,0.0,2966889,1475240,74.43,False,False,ok,True
Meghalaya,ML,State,North East,2021,WT,Women Trafficking,3,0.2,2966889,1475240,74.43,False,False,ok,True
Mizoram,MZ,State,North East,2001,WT,Women Trafficking,3,0.55,1097206,541940,91.33,False,False,ok,True
Mizoram,MZ,State,North East,2002,WT,Women Trafficking,0,0.0,1097206,541940,91.33,False,False,ok,True
Mizoram,MZ,State,North East,2003,WT,Women Trafficking,0,0.0,1097206,541940,91.33,False,False,ok,True
Mizoram,MZ,State,North East,2004,WT,Women Trafficking,0,0.0,1097206,541940,91.33,False,False,ok,True
Mizoram,MZ,State,North East,2005,WT,Women Trafficking,0,0.0,1097206,541940,91.33,False,False,ok,True
Mizoram,MZ,State,North East,2006,WT,Women Trafficking,0,0.0,1097206,541940,91.33,False,False,ok,True
Mizoram,MZ,State,North East,2007,WT,Women Trafficking,0,0.0,1097206,541940,91.33,False,False,ok,True
Mizoram,MZ,State,North East,2008,WT,Women Trafficking,0,0.0,1097206,541940,91.33,False,False,ok,True
Mizoram,MZ,State,North East,2009,WT,Women Trafficking,0,0.0,1097206,541940,91.33,False,False,ok,True
Mizoram,MZ,State,North East,2010,WT,Women Trafficking,0,0.0,1097206,541940,91.33,False,False,ok,True
Mizoram,MZ,State,North East,2011,WT,Women Trafficking,8,1.48,1097206,541940,91.33,False,False,ok,True
Mizoram,MZ,State,North East,2012,WT,Women Trafficking,0,0.0,1097206,541940,91.33,False,False,ok,True
Mizoram,MZ,State,North East,2013,WT,Women Trafficking,0,0.0,1097206,541940,91.33,False,False,ok,True
Mizoram,MZ,State,North East,2014,WT,Women Trafficking,0,0.0,1097206,541940,91.33,False,False,ok,True
Mizoram,MZ,State,North East,2015,WT,Women Trafficking,0,0.0,1097206,541940,91.33,False,False,ok,True
Mizoram,MZ,State,North East,2016,WT,Women Trafficking,3,0.55,1097206,541940,91.33,False,False,ok,True
Mizoram,MZ,State,North East,2017,WT,Women Trafficking,0,0.0,1097206,541940,91.33,False,False,ok,True
Mizoram,MZ,State,North East,2018,WT,Women Trafficking,0,0.0,1097206,541940,91.33,False,False,ok,True
Mizoram,MZ,State,North East,2019,WT,Women Trafficking,0,0.0,1097206,541940,91.33,False,False,ok,True
Mizoram,MZ,State,North East,2020,WT,Women Trafficking,0,0.0,1097206,541940,91.33,False,False,ok,True
Mizoram,MZ,State,North East,2021,WT,Women Trafficking,0,0.0,1097206,541940,91.33,False,False,ok,True
Nagaland,NL,State,North East,2001,WT,Women Trafficking,0,0.0,1978502,953902,79.55,False,False,ok,True
Nagaland,NL,State,North East,2002,WT,Women Trafficking,0,0.0,1978502,953902,79.55,False,False,ok,True
Nagaland,NL,State,North East,2003,WT,Women Trafficking,1,0.1,1978502,953902,79.55,False,False,ok,True
Nagaland,NL,State,North East,2004,WT,Women Trafficking,0,0.0,1978502,953902,79.55,False,False,ok,True
Nagaland,NL,State,North East,2005,WT,Women Trafficking,0,0.0,1978502,953902,79.55,False,False,ok,True
Nagaland,NL,State,North East,2006,WT,Women Trafficking,0,0.0,1978502,953902,79.55,False,False,ok,True
Nagaland,NL,State,North East,2007,WT,Women Trafficking,0,0.0,1978502,953902,79.55,False,False,ok,True
Nagaland,NL,State,North East,2008,WT,Women Trafficking,0,0.0,1978502,953902,79.55,False,False,ok,True
Nagaland,NL,State,North East,2009,WT,Women Trafficking,0,0.0,1978502,953902,79.55,False,False,ok,True
Nagaland,NL,State,North East,2010,WT,Women Trafficking,0,0.0,1978502,953902,79.55,False,False,ok,True
Nagaland,NL,State,North East,2011,WT,Women Trafficking,2,0.21,1978502,953902,79.55,False,False,ok,True
Nagaland,NL,State,North East,2012,WT,Women Trafficking,4,0.42,1978502,953902,79.55,False,False,ok,True
Nagaland,NL,State,North East,2013,WT,Women Trafficking,1,0.1,1978502,953902,79.55,False,False,ok,True
Nagaland,NL,State,North East,2014,WT,Women Trafficking,1,0.1,1978502,953902,79.55,False,False,ok,True
Nagaland,NL,State,North East,2015,WT,Women Trafficking,3,0.31,1978502,953902,79.55,False,False,ok,True
Nagaland,NL,State,North East,2016,WT,Women Trafficking,0,0.0,1978502,953902,79.55,False,False,ok,True
Nagaland,NL,State,North East,2017,WT,Women Trafficking,3,0.31,1978502,953902,79.55,False,False,ok,True
Nagaland,NL,State,North East,2018,WT,Women Trafficking,1,0.1,1978502,953902,79.55,False,False,ok,True
Nagaland,NL,State,North East,2019,WT,Women Trafficking,0,0.0,1978502,953902,79.55,False,False,ok,True
Nagaland,NL,State,North East,2020,WT,Women Trafficking,0,0.0,1978502,953902,79.55,False,False,ok,True
Nagaland,NL,State,North East,2021,WT,Women Trafficking,0,0.0,1978502,953902,79.55,False,False,ok,True
Odisha,OD,State,East,2001,WT,Women Trafficking,0,0.0,41974218,20764406,72.87,False,False,ok,True
Odisha,OD,State,East,2002,WT,Women Trafficking,0,0.0,41974218,20764406,72.87,False,False,ok,True
Odisha,OD,State,East,2003,WT,Women Trafficking,0,0.0,41974218,20764406,72.87,False,False,ok,True
Odisha,OD,State,East,2004,WT,Women Trafficking,0,0.0,41974218,20764406,72.87,False,False,ok,True
Odisha,OD,State,East,2005,WT,Women Trafficking,0,0.0,41974218,20764406,72.87,False,False,ok,True
Odisha,OD,State,East,2006,WT,Women Trafficking,12,0.06,41974218,20764406,72.87,False,False,ok,True
Odisha,OD,State,East,2007,WT,Women Trafficking,0,0.0,41974218,20764406,72.87,False,False,ok,True
Odisha,OD,State,East,2008,WT,Women Trafficking,0,0.0,41974218,20764406,72.87,False,False,ok,True
Odisha,OD,State,East,2009,WT,Women Trafficking,1,0.0,41974218,20764406,72.87,False,False,ok,True
Odisha,OD,State,East,2010,WT,Women Trafficking,5,0.02,41974218,20764406,72.87,False,False,ok,True
Odisha,OD,State,East,2011,WT,Women Trafficking,23,0.11,41974218,20764406,72.87,False,False,ok,True
Odisha,OD,State,East,2012,WT,Women Trafficking,24,0.12,41974218,20764406,72.87,False,False,ok,True
Odisha,OD,State,East,2013,WT,Women Trafficking,27,0.13,41974218,20764406,72.87,False,False,ok,True
Odisha,OD,State,East,2014,WT,Women Trafficking,32,0.15,41974218,20764406,72.87,False,False,ok,True
Odisha,OD,State,East,2015,WT,Women Trafficking,35,0.17,41974218,20764406,72.87,False,False,ok,True
Odisha,OD,State,East,2016,WT,Women Trafficking,38,0.18,41974218,20764406,72.87,False,False,ok,True
Odisha,OD,State,East,2017,WT,Women Trafficking,21,0.1,41974218,20764406,72.87,False,False,ok,True
Odisha,OD,State,East,2018,WT,Women Trafficking,10,0.05,41974218,20764406,72.87,False,False,ok,True
Odisha,OD,State,East,2019,WT,Women Trafficking,19,0.09,41974218,20764406,72.87,False,False,ok,True
Odisha,OD,State,East,2020,WT,Women Trafficking,19,0.09,41974218,20764406,72.87,False,False,ok,True
Odisha,OD,State,East,2021,WT,Women Trafficking,31,0.15,41974218,20764406,72.87,False,False,ok,True
Puducherry,PY,Union Territory,South,2001,WT,Women Trafficking,0,0.0,1247953,635310,85.85,False,False,ok,True
Puducherry,PY,Union Territory,South,2002,WT,Women Trafficking,0,0.0,1247953,635310,85.85,False,False,ok,True
Puducherry,PY,Union Territory,South,2003,WT,Women Trafficking,0,0.0,1247953,635310,85.85,False,False,ok,True
Puducherry,PY,Union Territory,South,2004,WT,Women Trafficking,0,0.0,1247953,635310,85.85,False,False,ok,True
Puducherry,PY,Union Territory,South,2005,WT,Women Trafficking,0,0.0,1247953,635310,85.85,False,False,ok,True
Puducherry,PY,Union Territory,South,2006,WT,Women Trafficking,0,0.0,1247953,635310,85.85,False,False,ok,True
Puducherry,PY,Union Territory,South,2007,WT,Women Trafficking,0,0.0,1247953,635310,85.85,False,False,ok,True
Puducherry,PY,Union Territory,South,2008,WT,Women Trafficking,0,0.0,1247953,635310,85.85,False,False,ok,True
Puducherry,PY,Union Territory,South,2009,WT,Women Trafficking,0,0.0,1247953,635310,85.85,False,False,ok,True
Puducherry,PY,Union Territory,South,2010,WT,Women Trafficking,0,0.0,1247953,635310,85.85,False,False,ok,True
Puducherry,PY,Union Territory,South,2011,WT,Women Trafficking,3,0.47,1247953,635310,85.85,False,False,ok,True
Puducherry,PY,Union Territory,South,2012,WT,Women Trafficking,4,0.63,1247953,635310,85.85,False,False,ok,True
Puducherry,PY,Union Territory,South,2013,WT,Women Trafficking,0,0.0,1247953,635310,85.85,False,False,ok,True
Puducherry,PY,Union Territory,South,2014,WT,Women Trafficking,1,0.16,1247953,635310,85.85,False,False,ok,True
Puducherry,PY,Union Territory,South,2015,WT,Women Trafficking,1,0.16,1247953,635310,85.85,False,False,ok,True
Puducherry,PY,Union Territory,South,2016,WT,Women Trafficking,0,0.0,1247953,635310,85.85,False,False,ok,True
Puducherry,PY,Union Territory,South,2017,WT,Women Trafficking,0,0.0,1247953,635310,85.85,False,False,ok,True
Puducherry,PY,Union Territory,South,2018,WT,Women Trafficking,4,0.63,1247953,635310,85.85,False,False,ok,True
Puducherry,PY,Union Territory,South,2019,WT,Women Trafficking,0,0.0,1247953,635310,85.85,False,False,ok,True
Puducherry,PY,Union Territory,South,2020,WT,Women Trafficking,0,0.0,1247953,635310,85.85,False,False,ok,True
Puducherry,PY,Union Territory,South,2021,WT,Women Trafficking,0,0.0,1247953,635310,85.85,False,False,ok,True
Punjab,PB,State,North,2001,WT,Women Trafficking,0,0.0,27743338,13103054,75.84,False,False,ok,True
Punjab,PB,State,North,2002,WT,Women Trafficking,0,0.0,27743338,13103054,75.84,False,False,ok,True
Punjab,PB,State,North,2003,WT,Women Trafficking,0,0.0,27743338,13103054,75.84,False,False,ok,True
Punjab,PB,State,North,2004,WT,Women Trafficking,0,0.0,27743338,13103054,75.84,False,False,ok,True
Punjab,PB,State,North,2005,WT,Women Trafficking,0,0.0,27743338,13103054,75.84,False,False,ok,True
Punjab,PB,State,North,2006,WT,Women Trafficking,2,0.02,27743338,13103054,75.84,False,False,ok,True
Punjab,PB,State,North,2007,WT,Women Trafficking,0,0.0,27743338,13103054,75.84,False,False,ok,True
Punjab,PB,State,North,2008,WT,Women Trafficking,0,0.0,27743338,13103054,75.84,False,False,ok,True
Punjab,PB,State,North,2009,WT,Women Trafficking,0,0.0,27743338,13103054,75.84,False,False,ok,True
Punjab,PB,State,North,2010,WT,Women Trafficking,0,0.0,27743338,13103054,75.84,False,False,ok,True
Punjab,PB,State,North,2011,WT,Women Trafficking,50,0.38,27743338,13103054,75.84,False,False,ok,True
Punjab,PB,State,North,2012,WT,Women Trafficking,86,0.66,27743338,13103054,75.84,False,False,ok,True
Punjab,PB,State,North,2013,WT,Women Trafficking,137,1.05,27743338,13103054,75.84,False,False,ok,True
Punjab,PB,State,North,2014,WT,Women Trafficking,63,0.48,27743338,13103054,75.84,False,False,ok,True
Punjab,PB,State,North,2015,WT,Women Trafficking,69,0.53,27743338,13103054,75.84,False,False,ok,True
Punjab,PB,State,North,2016,WT,Women Trafficking,64,0.49,27743338,13103054,75.84,False,False,ok,True
Punjab,PB,State,North,2017,WT,Women Trafficking,7,0.05,27743338,13103054,75.84,False,False,ok,True
Punjab,PB,State,North,2018,WT,Women Trafficking,6,0.05,27743338,13103054,75.84,False,False,ok,True
Punjab,PB,State,North,2019,WT,Women Trafficking,9,0.07,27743338,13103054,75.84,False,False,ok,True
Punjab,PB,State,North,2020,WT,Women Trafficking,11,0.08,27743338,13103054,75.84,False,False,ok,True
Punjab,PB,State,North,2021,WT,Women Trafficking,12,0.09,27743338,13103054,75.84,False,False,ok,True
Rajasthan,RJ,State,North,2001,WT,Women Trafficking,1,0.0,68548437,32994268,66.11,False,False,ok,True
Rajasthan,RJ,State,North,2002,WT,Women Trafficking,0,0.0,68548437,32994268,66.11,False,False,ok,True
Rajasthan,RJ,State,North,2003,WT,Women Trafficking,1,0.0,68548437,32994268,66.11,False,False,ok,True
Rajasthan,RJ,State,North,2004,WT,Women Trafficking,1,0.0,68548437,32994268,66.11,False,False,ok,True
Rajasthan,RJ,State,North,2005,WT,Women Trafficking,0,0.0,68548437,32994268,66.11,False,False,ok,True
Rajasthan,RJ,State,North,2006,WT,Women Trafficking,3,0.01,68548437,32994268,66.11,False,False,ok,True
Rajasthan,RJ,State,North,2007,WT,Women Trafficking,0,0.0,68548437,32994268,66.11,False,False,ok,True
Rajasthan,RJ,State,North,2008,WT,Women Trafficking,0,0.0,68548437,32994268,66.11,False,False,ok,True
Rajasthan,RJ,State,North,2009,WT,Women Trafficking,0,0.0,68548437,32994268,66.11,False,False,ok,True
Rajasthan,RJ,State,North,2010,WT,Women Trafficking,0,0.0,68548437,32994268,66.11,False,False,ok,True
Rajasthan,RJ,State,North,2011,WT,Women Trafficking,81,0.25,68548437,32994268,66.11,False,False,ok,True
Rajasthan,RJ,State,North,2012,WT,Women Trafficking,99,0.3,68548437,32994268,66.11,False,False,ok,True
Rajasthan,RJ,State,North,2013,WT,Women Trafficking,74,0.22,68548437,32994268,66.11,False,False,ok,True
Rajasthan,RJ,State,North,2014,WT,Women Trafficking,78,0.24,68548437,32994268,66.11,False,False,ok,True
Rajasthan,RJ,State,North,2015,WT,Women Trafficking,86,0.26,68548437,32994268,66.11,False,False,ok,True
Rajasthan,RJ,State,North,2016,WT,Women Trafficking,56,0.17,68548437,32994268,66.11,False,False,ok,True
Rajasthan,RJ,State,North,2017,WT,Women Trafficking,86,0.26,68548437,32994268,66.11,False,False,ok,True
Rajasthan,RJ,State,North,2018,WT,Women Trafficking,62,0.19,68548437,32994268,66.11,False,False,ok,True
Rajasthan,RJ,State,North,2019,WT,Women Trafficking,40,0.12,68548437,32994268,66.11,False,False,ok,True
Rajasthan,RJ,State,North,2020,WT,Women Trafficking,67,0.2,68548437,32994268,66.11,False,False,ok,True
Rajasthan,RJ,State,North,2021,WT,Women Trafficking,40,0.12,68548437,32994268,66.11,False,False,ok,True
Sikkim,SK,State,North East,2001,WT,Women Trafficking,0,0.0,610577,287520,81.42,False,False,ok,True
Sikkim,SK,State,North East,2002,WT,Women Trafficking,0,0.0,610577,287520,81.42,False,False,ok,True
Sikkim,SK,State,North East,2003,WT,Women Trafficking,0,0.0,610577,287520,81.42,False,False,ok,True
Sikkim,SK,State,North East,2004,WT,Women Trafficking,0,0.0,610577,287520,81.42,False,False,ok,True
Sikkim,SK,State,North East,2005,WT,Women Trafficking,0,0.0,610577,287520,81.42,False,False,ok,True
Sikkim,SK,State,North East,2006,WT,Women Trafficking,0,0.0,610577,287520,81.42,False,False,ok,True
Sikkim,SK,State,North East,2007,WT,Women Trafficking,0,0.0,610577,287520,81.42,False,False,ok,True
Sikkim,SK,State,North East,2008,WT,Women Trafficking,0,0.0,610577,287520,81.42,False,False,ok,True
Sikkim,SK,State,North East,2009,WT,Women Trafficking,0,0.0,610577,287520,81.42,False,False,ok,True
Sikkim,SK,State,North East,2010,WT,Women Trafficking,0,0.0,610577,287520,81.42,False,False,ok,True
Sikkim,SK,State,North East,2011,WT,Women Trafficking,1,0.35,610577,287520,81.42,False,False,ok,True
Sikkim,SK,State,North East,2012,WT,Women Trafficking,0,0.0,610577,287520,81.42,False,False,ok,True
Sikkim,SK,State,North East,2013,WT,Women Trafficking,0,0.0,610577,287520,81.42,False,False,ok,True
Sikkim,SK,State,North East,2014,WT,Women Trafficking,0,0.0,610577,287520,81.42,False,False,ok,True
Sikkim,SK,State,North East,2015,WT,Women Trafficking,0,0.0,610577,287520,81.42,False,False,ok,True
Sikkim,SK,State,North East,2016,WT,Women Trafficking,0,0.0,610577,287520,81.42,False,False,ok,True
Sikkim,SK,State,North East,2017,WT,Women Trafficking,0,0.0,610577,287520,81.42,False,False,ok,True
Sikkim,SK,State,North East,2018,WT,Women Trafficking,0,0.0,610577,287520,81.42,False,False,ok,True
Sikkim,SK,State,North East,2019,WT,Women Trafficking,0,0.0,610577,287520,81.42,False,False,ok,True
Sikkim,SK,State,North East,2020,WT,Women Trafficking,0,0.0,610577,287520,81.42,False,False,ok,True
Sikkim,SK,State,North East,2021,WT,Women Trafficking,0,0.0,610577,287520,81.42,False,False,ok,True
Tamil Nadu,TN,State,South,2001,WT,Women Trafficking,14,0.04,72147030,36001223,80.09,False,False,ok,True
Tamil Nadu,TN,State,South,2002,WT,Women Trafficking,0,0.0,72147030,36001223,80.09,False,False,ok,True
Tamil Nadu,TN,State,South,2003,WT,Women Trafficking,1,0.0,72147030,36001223,80.09,False,False,ok,True
Tamil Nadu,TN,State,South,2004,WT,Women Trafficking,0,0.0,72147030,36001223,80.09,False,False,ok,True
Tamil Nadu,TN,State,South,2005,WT,Women Trafficking,0,0.0,72147030,36001223,80.09,False,False,ok,True
Tamil Nadu,TN,State,South,2006,WT,Women Trafficking,0,0.0,72147030,36001223,80.09,False,False,ok,True
Tamil Nadu,TN,State,South,2007,WT,Women Trafficking,0,0.0,72147030,36001223,80.09,False,False,ok,True
Tamil Nadu,TN,State,South,2008,WT,Women Trafficking,0,0.0,72147030,36001223,80.09,False,False,ok,True
Tamil Nadu,TN,State,South,2009,WT,Women Trafficking,0,0.0,72147030,36001223,80.09,False,False,ok,True
Tamil Nadu,TN,State,South,2010,WT,Women Trafficking,0,0.0,72147030,36001223,80.09,False,False,ok,True
Tamil Nadu,TN,State,South,2011,WT,Women Trafficking,420,1.17,72147030,36001223,80.09,False,False,ok,True
Tamil Nadu,TN,State,South,2012,WT,Women Trafficking,500,1.39,72147030,36001223,80.09,False,False,ok,True
Tamil Nadu,TN,State,South,2013,WT,Women Trafficking,549,1.52,72147030,36001223,80.09,False,False,ok,True
Tamil Nadu,TN,State,South,2014,WT,Women Trafficking,471,1.31,72147030,36001223,80.09,False,False,ok,True
Tamil Nadu,TN,State,South,2015,WT,Women Trafficking,491,1.36,72147030,36001223,80.09,False,False,ok,True
Tamil Nadu,TN,State,South,2016,WT,Women Trafficking,432,1.2,72147030,36001223,80.09,False,False,ok,True
Tamil Nadu,TN,State,South,2017,WT,Women Trafficking,403,1.12,72147030,36001223,80.09,False,False,ok,True
Tamil Nadu,TN,State,South,2018,WT,Women Trafficking,386,1.07,72147030,36001223,80.09,False,False,ok,True
Tamil Nadu,TN,State,South,2019,WT,Women Trafficking,349,0.97,72147030,36001223,80.09,False,False,ok,True
Tamil Nadu,TN,State,South,2020,WT,Women Trafficking,231,0.64,72147030,36001223,80.09,False,False,ok,True
Tamil Nadu,TN,State,South,2021,WT,Women Trafficking,381,1.06,72147030,36001223,80.09,False,False,ok,True
Telangana,TG,State,South,2011,WT,Women Trafficking,0,0.0,35193978,17490770,66.54,True,False,entity_not_formed,False
Telangana,TG,State,South,2012,WT,Women Trafficking,0,0.0,35193978,17490770,66.54,True,False,entity_not_formed,False
Telangana,TG,State,South,2013,WT,Women Trafficking,0,0.0,35193978,17490770,66.54,True,False,entity_not_formed,False
Telangana,TG,State,South,2014,WT,Women Trafficking,192,1.1,35193978,17490770,66.54,False,False,ok,True
Telangana,TG,State,South,2015,WT,Women Trafficking,252,1.44,35193978,17490770,66.54,False,False,ok,True
Telangana,TG,State,South,2016,WT,Women Trafficking,240,1.37,35193978,17490770,66.54,False,False,ok,True
Telangana,TG,State,South,2017,WT,Women Trafficking,79,0.45,35193978,17490770,66.54,False,False,ok,True
Telangana,TG,State,South,2018,WT,Women Trafficking,81,0.46,35193978,17490770,66.54,False,False,ok,True
Telangana,TG,State,South,2019,WT,Women Trafficking,22,0.13,35193978,17490770,66.54,False,False,ok,True
Telangana,TG,State,South,2020,WT,Women Trafficking,13,0.07,35193978,17490770,66.54,False,False,ok,True
Telangana,TG,State,South,2021,WT,Women Trafficking,12,0.07,35193978,17490770,66.54,False,False,ok,True
Tripura,TR,State,North East,2001,WT,Women Trafficking,0,0.0,3673917,1799470,87.22,False,False,ok,True
Tripura,TR,State,North East,2002,WT,Women Trafficking,0,0.0,3673917,1799470,87.22,False,False,ok,True
Tripura,TR,State,North East,2003,WT,Women Trafficking,0,0.0,3673917,1799470,87.22,False,False,ok,True
Tripura,TR,State,North East,2004,WT,Women Trafficking,0,0.0,3673917,1799470,87.22,False,False,ok,True
Tripura,TR,State,North East,2005,WT,Women Trafficking,0,0.0,3673917,1799470,87.22,False,False,ok,True
Tripura,TR,State,North East,2006,WT,Women Trafficking,0,0.0,3673917,1799470,87.22,False,False,ok,True
Tripura,TR,State,North East,2007,WT,Women Trafficking,0,0.0,3673917,1799470,87.22,False,False,ok,True
Tripura,TR,State,North East,2008,WT,Women Trafficking,0,0.0,3673917,1799470,87.22,False,False,ok,True
Tripura,TR,State,North East,2009,WT,Women Trafficking,0,0.0,3673917,1799470,87.22,False,False,ok,True
Tripura,TR,State,North East,2010,WT,Women Trafficking,0,0.0,3673917,1799470,87.22,False,False,ok,True
Tripura,TR,State,North East,2011,WT,Women Trafficking,2,0.11,3673917,1799470,87.22,False,False,ok,True
Tripura,TR,State,North East,2012,WT,Women Trafficking,0,0.0,3673917,1799470,87.22,False,False,ok,True
Tripura,TR,State,North East,2013,WT,Women Trafficking,0,0.0,3673917,1799470,87.22,False,False,ok,True
Tripura,TR,State,North East,2014,WT,Women Trafficking,0,0.0,3673917,1799470,87.22,False,False,ok,True
Tripura,TR,State,North East,2015,WT,Women Trafficking,2,0.11,3673917,1799470,87.22,False,False,ok,True
Tripura,TR,State,North East,2016,WT,Women Trafficking,0,0.0,3673917,1799470,87.22,False,False,ok,True
Tripura,TR,State,North East,2017,WT,Women Trafficking,0,0.0,3673917,1799470,87.22,False,False,ok,True
Tripura,TR,State,North East,2018,WT,Women Trafficking,2,0.11,3673917,1799470,87.22,False,False,ok,True
Tripura,TR,State,North East,2019,WT,Women Trafficking,0,0.0,3673917,1799470,87.22,False,False,ok,True
Tripura,TR,State,North East,2020,WT,Women Trafficking,0,0.0,3673917,1799470,87.22,False,False,ok,True
Tripura,TR,State,North East,2021,WT,Women Trafficking,0,0.0,3673917,1799470,87.22,False,False,ok,True
Uttar Pradesh,UP,State,Central,2001,WT,Women Trafficking,0,0.0,199812341,95307979,67.68,False,False,ok,True
Uttar Pradesh,UP,State,Central,2002,WT,Women Trafficking,0,0.0,199812341,95307979,67.68,False,False,ok,True
Uttar Pradesh,UP,State,Central,2003,WT,Women Trafficking,0,0.0,199812341,95307979,67.68,False,False,ok,True
Uttar Pradesh,UP,State,Central,2004,WT,Women Trafficking,3,0.0,199812341,95307979,67.68,False,False,ok,True
Uttar Pradesh,UP,State,Central,2005,WT,Women Trafficking,0,0.0,199812341,95307979,67.68,False,False,ok,True
Uttar Pradesh,UP,State,Central,2006,WT,Women Trafficking,0,0.0,199812341,95307979,67.68,False,False,ok,True
Uttar Pradesh,UP,State,Central,2007,WT,Women Trafficking,0,0.0,199812341,95307979,67.68,False,False,ok,True
Uttar Pradesh,UP,State,Central,2008,WT,Women Trafficking,0,0.0,199812341,95307979,67.68,False,False,ok,True
Uttar Pradesh,UP,State,Central,2009,WT,Women Trafficking,0,0.0,199812341,95307979,67.68,False,False,ok,True
Uttar Pradesh,UP,State,Central,2010,WT,Women Trafficking,0,0.0,199812341,95307979,67.68,False,False,ok,True
Uttar Pradesh,UP,State,Central,2011,WT,Women Trafficking,43,0.05,199812341,95307979,67.68,False,False,ok,True
Uttar Pradesh,UP,State,Central,2012,WT,Women Trafficking,31,0.03,199812341,95307979,67.68,False,False,ok,True
Uttar Pradesh,UP,State,Central,2013,WT,Women Trafficking,37,0.04,199812341,95307979,67.68,False,False,ok,True
Uttar Pradesh,UP,State,Central,2014,WT,Women Trafficking,37,0.04,199812341,95307979,67.68,False,False,ok,True
Uttar Pradesh,UP,State,Central,2015,WT,Women Trafficking,33,0.03,199812341,95307979,67.68,False,False,ok,True
Uttar Pradesh,UP,State,Central,2016,WT,Women Trafficking,50,0.05,199812341,95307979,67.68,False,False,ok,True
Uttar Pradesh,UP,State,Central,2017,WT,Women Trafficking,25,0.03,199812341,95307979,67.68,False,False,ok,True
Uttar Pradesh,UP,State,Central,2018,WT,Women Trafficking,27,0.03,199812341,95307979,67.68,False,False,ok,True
Uttar Pradesh,UP,State,Central,2019,WT,Women Trafficking,22,0.02,199812341,95307979,67.68,False,False,ok,True
Uttar Pradesh,UP,State,Central,2020,WT,Women Trafficking,25,0.03,199812341,95307979,67.68,False,False,ok,True
Uttar Pradesh,UP,State,Central,2021,WT,Women Trafficking,12,0.01,199812341,95307979,67.68,False,False,ok,True
Uttarakhand,UK,State,North,2001,WT,Women Trafficking,0,0.0,10086292,4948089,78.82,False,False,ok,True
Uttarakhand,UK,State,North,2002,WT,Women Trafficking,1,0.02,10086292,4948089,78.82,False,False,ok,True
Uttarakhand,UK,State,North,2003,WT,Women Trafficking,0,0.0,10086292,4948089,78.82,False,False,ok,True
Uttarakhand,UK,State,North,2004,WT,Women Trafficking,0,0.0,10086292,4948089,78.82,False,False,ok,True
Uttarakhand,UK,State,North,2005,WT,Women Trafficking,0,0.0,10086292,4948089,78.82,False,False,ok,True
Uttarakhand,UK,State,North,2006,WT,Women Trafficking,0,0.0,10086292,4948089,78.82,False,False,ok,True
Uttarakhand,UK,State,North,2007,WT,Women Trafficking,0,0.0,10086292,4948089,78.82,False,False,ok,True
Uttarakhand,UK,State,North,2008,WT,Women Trafficking,0,0.0,10086292,4948089,78.82,False,False,ok,True
Uttarakhand,UK,State,North,2009,WT,Women Trafficking,0,0.0,10086292,4948089,78.82,False,False,ok,True
Uttarakhand,UK,State,North,2010,WT,Women Trafficking,0,0.0,10086292,4948089,78.82,False,False,ok,True
Uttarakhand,UK,State,North,2011,WT,Women Trafficking,3,0.06,10086292,4948089,78.82,False,False,ok,True
Uttarakhand,UK,State,North,2012,WT,Women Trafficking,12,0.24,10086292,4948089,78.82,False,False,ok,True
Uttarakhand,UK,State,North,2013,WT,Women Trafficking,13,0.26,10086292,4948089,78.82,False,False,ok,True
Uttarakhand,UK,State,North,2014,WT,Women Trafficking,19,0.38,10086292,4948089,78.82,False,False,ok,True
Uttarakhand,UK,State,North,2015,WT,Women Trafficking,18,0.36,10086292,4948089,78.82,False,False,ok,True
Uttarakhand,UK,State,North,2016,WT,Women Trafficking,11,0.22,10086292,4948089,78.82,False,False,ok,True
Uttarakhand,UK,State,North,2017,WT,Women Trafficking,6,0.12,10086292,4948089,78.82,False,False,ok,True
Uttarakhand,UK,State,North,2018,WT,Women Trafficking,0,0.0,10086292,4948089,78.82,False,False,ok,True
Uttarakhand,UK,State,North,2019,WT,Women Trafficking,3,0.06,10086292,4948089,78.82,False,False,ok,True
Uttarakhand,UK,State,North,2020,WT,Women Trafficking,8,0.16,10086292,4948089,78.82,False,False,ok,True
Uttarakhand,UK,State,North,2021,WT,Women Trafficking,17,0.34,10086292,4948089,78.82,False,False,ok,True
West Bengal,WB,State,East,2001,WT,Women Trafficking,3,0.01,91276115,44467851,76.26,False,False,ok,True
West Bengal,WB,State,East,2002,WT,Women Trafficking,1,0.0,91276115,44467851,76.26,False,False,ok,True
West Bengal,WB,State,East,2003,WT,Women Trafficking,1,0.0,91276115,44467851,76.26,False,False,ok,True
West Bengal,WB,State,East,2004,WT,Women Trafficking,12,0.03,91276115,44467851,76.26,False,False,ok,True
West Bengal,WB,State,East,2005,WT,Women Trafficking,61,0.14,91276115,44467851,76.26,False,False,ok,True
West Bengal,WB,State,East,2006,WT,Women Trafficking,1,0.0,91276115,44467851,76.26,False,False,ok,True
West Bengal,WB,State,East,2007,WT,Women Trafficking,5,0.01,91276115,44467851,76.26,False,False,ok,True
West Bengal,WB,State,East,2008,WT,Women Trafficking,5,0.01,91276115,44467851,76.26,False,False,ok,True
West Bengal,WB,State,East,2009,WT,Women Trafficking,5,0.01,91276115,44467851,76.26,False,False,ok,True
West Bengal,WB,State,East,2010,WT,Women Trafficking,8,0.02,91276115,44467851,76.26,False,False,ok,True
West Bengal,WB,State,East,2011,WT,Women Trafficking,96,0.22,91276115,44467851,76.26,False,False,ok,True
West Bengal,WB,State,East,2012,WT,Women Trafficking,109,0.25,91276115,44467851,76.26,False,False,ok,True
West Bengal,WB,State,East,2013,WT,Women Trafficking,104,0.23,91276115,44467851,76.26,False,False,ok,True
West Bengal,WB,State,East,2014,WT,Women Trafficking,80,0.18,91276115,44467851,76.26,False,False,ok,True
West Bengal,WB,State,East,2015,WT,Women Trafficking,101,0.23,91276115,44467851,76.26,False,False,ok,True
West Bengal,WB,State,East,2016,WT,Women Trafficking,87,0.2,91276115,44467851,76.26,False,False,ok,True
West Bengal,WB,State,East,2017,WT,Women Trafficking,67,0.15,91276115,44467851,76.26,False,False,ok,True
West Bengal,WB,State,East,2018,WT,Women Trafficking,97,0.22,91276115,44467851,76.26,False,False,ok,True
West Bengal,WB,State,East,2019,WT,Women Trafficking,97,0.22,91276115,44467851,76.26,False,False,ok,True
West Bengal,WB,State,East,2020,WT,Women Trafficking,52,0.12,91276115,44467851,76.26,False,False,ok,True
West Bengal,WB,State,East,2021,WT,Women Trafficking,50,0.11,91276115,44467851,76.26,False,False,ok,True
